[0.000000] (-) TimerEvent: {}
[0.000553] (vehicle_interface) JobQueued: {'identifier': 'vehicle_interface', 'dependencies': OrderedDict()}
[0.000994] (vehicle_controller) JobQueued: {'identifier': 'vehicle_controller', 'dependencies': OrderedDict([('vehicle_interface', '/home/wowjw/Project/Automobile/Phase4/ros2_ws/install/vehicle_interface')])}
[0.001226] (vehicle_interface) JobStarted: {'identifier': 'vehicle_interface'}
[0.014299] (vehicle_interface) JobProgress: {'identifier': 'vehicle_interface', 'progress': 'cmake'}
[0.015465] (vehicle_interface) JobProgress: {'identifier': 'vehicle_interface', 'progress': 'build'}
[0.016634] (vehicle_interface) Command: {'cmd': ['/usr/bin/cmake', '--build', '/home/wowjw/Project/Automobile/Phase4/ros2_ws/build/vehicle_interface', '--', '-j6', '-l6'], 'cwd': '/home/wowjw/Project/Automobile/Phase4/ros2_ws/build/vehicle_interface', 'env': OrderedDict([('LESSOPEN', '| /usr/bin/lesspipe %s'), ('USER', 'wowjw'), ('SSH_CLIENT', '192.168.0.161 59356 22'), ('XDG_SESSION_TYPE', 'tty'), ('GIT_ASKPASS', '/home/wowjw/.vscode-server/cli/servers/Stable-110a328ea54b42367b803ec53ee0bf52ef26b419/server/extensions/git/dist/askpass.sh'), ('SHLVL', '1'), ('LD_LIBRARY_PATH', '/home/wowjw/Project/Automobile/Phase4/ros2_ws/install/vehicle_controller/lib:/home/wowjw/Project/Automobile/Phase4/ros2_ws/install/vehicle_interface/lib:/home/wowjw/Project/Automobile/Phase4/install/vehicle_controller/lib:/home/wowjw/Project/Automobile/Phase4/install/vehicle_interface/lib:/usr/local/cuda-12.6/lib64:/opt/ros/humble/opt/rviz_ogre_vendor/lib:/opt/ros/humble/lib/aarch64-linux-gnu:/opt/ros/humble/lib:/usr/local/cuda-12.6/lib64:'), ('BROWSER', '/home/wowjw/.vscode-server/cli/servers/Stable-110a328ea54b42367b803ec53ee0bf52ef26b419/server/bin/helpers/browser.sh'), ('MOTD_SHOWN', 'pam'), ('HOME', '/home/wowjw'), ('OLDPWD', '/home/wowjw/Project/Automobile/Phase4'), ('TERM_PROGRAM_VERSION', '1.134.0'), ('VSCODE_IPC_HOOK_CLI', '/run/user/1000/vscode-ipc-4255334a-044f-4380-98d5-9c857eb0149d.sock'), ('ROS_PYTHON_VERSION', '3'), ('VSCODE_GIT_ASKPASS_MAIN', '/home/wowjw/.vscode-server/cli/servers/Stable-110a328ea54b42367b803ec53ee0bf52ef26b419/server/extensions/git/dist/askpass-main.js'), ('PS1', '\\[\x1b]633;A\x07\\]\\[\\e[32m\\]\\u@\\h\\[\\e[m\\]:\\[\\e[34m\\]\\w\\[\\e[33m\\]$(parse_git_branch)\\[\\e[m\\]$ \\[\x1b]633;B\x07\\]'), ('VSCODE_GIT_ASKPASS_NODE', '/home/wowjw/.vscode-server/cli/servers/Stable-110a328ea54b42367b803ec53ee0bf52ef26b419/server/node'), ('VSCODE_PYTHON_AUTOACTIVATE_GUARD', '1'), ('DBUS_SESSION_BUS_ADDRESS', 'unix:path=/run/user/1000/bus'), ('COLORTERM', 'truecolor'), ('COLCON_PREFIX_PATH', '/home/wowjw/Project/Automobile/Phase4/ros2_ws/install:/home/wowjw/Project/Automobile/Phase4/install'), ('ROS_DISTRO', 'humble'), ('LOGNAME', 'wowjw'), ('_', '/usr/bin/colcon'), ('ROS_VERSION', '2'), ('XDG_SESSION_CLASS', 'user'), ('TERM', 'xterm-256color'), ('XDG_SESSION_ID', '2'), ('ROS_LOCALHOST_ONLY', '0'), ('PATH', '/usr/local/cuda-12.6/bin:/home/wowjw/.vscode-server/data/User/globalStorage/github.copilot-chat/debugCommand:/home/wowjw/.vscode-server/data/User/globalStorage/github.copilot-chat/copilotCli:/home/wowjw/.vscode-server/cli/servers/Stable-110a328ea54b42367b803ec53ee0bf52ef26b419/server/bin/remote-cli:/home/wowjw/.local/bin:/opt/ros/humble/bin:/usr/local/cuda-12.6/bin:/usr/local/sbin:/usr/local/bin:/usr/sbin:/usr/bin:/sbin:/bin:/usr/games:/usr/local/games:/snap/bin'), ('XDG_RUNTIME_DIR', '/run/user/1000'), ('LANG', 'en_US.UTF-8'), ('LS_COLORS', 'rs=0:di=01;34:ln=01;36:mh=00:pi=40;33:so=01;35:do=01;35:bd=40;33;01:cd=40;33;01:or=40;31;01:mi=00:su=37;41:sg=30;43:ca=30;41:tw=30;42:ow=34;42:st=37;44:ex=01;32:*.tar=01;31:*.tgz=01;31:*.arc=01;31:*.arj=01;31:*.taz=01;31:*.lha=01;31:*.lz4=01;31:*.lzh=01;31:*.lzma=01;31:*.tlz=01;31:*.txz=01;31:*.tzo=01;31:*.t7z=01;31:*.zip=01;31:*.z=01;31:*.dz=01;31:*.gz=01;31:*.lrz=01;31:*.lz=01;31:*.lzo=01;31:*.xz=01;31:*.zst=01;31:*.tzst=01;31:*.bz2=01;31:*.bz=01;31:*.tbz=01;31:*.tbz2=01;31:*.tz=01;31:*.deb=01;31:*.rpm=01;31:*.jar=01;31:*.war=01;31:*.ear=01;31:*.sar=01;31:*.rar=01;31:*.alz=01;31:*.ace=01;31:*.zoo=01;31:*.cpio=01;31:*.7z=01;31:*.rz=01;31:*.cab=01;31:*.wim=01;31:*.swm=01;31:*.dwm=01;31:*.esd=01;31:*.jpg=01;35:*.jpeg=01;35:*.mjpg=01;35:*.mjpeg=01;35:*.gif=01;35:*.bmp=01;35:*.pbm=01;35:*.pgm=01;35:*.ppm=01;35:*.tga=01;35:*.xbm=01;35:*.xpm=01;35:*.tif=01;35:*.tiff=01;35:*.png=01;35:*.svg=01;35:*.svgz=01;35:*.mng=01;35:*.pcx=01;35:*.mov=01;35:*.mpg=01;35:*.mpeg=01;35:*.m2v=01;35:*.mkv=01;35:*.webm=01;35:*.webp=01;35:*.ogm=01;35:*.mp4=01;35:*.m4v=01;35:*.mp4v=01;35:*.vob=01;35:*.qt=01;35:*.nuv=01;35:*.wmv=01;35:*.asf=01;35:*.rm=01;35:*.rmvb=01;35:*.flc=01;35:*.avi=01;35:*.fli=01;35:*.flv=01;35:*.gl=01;35:*.dl=01;35:*.xcf=01;35:*.xwd=01;35:*.yuv=01;35:*.cgm=01;35:*.emf=01;35:*.ogv=01;35:*.ogx=01;35:*.aac=00;36:*.au=00;36:*.flac=00;36:*.m4a=00;36:*.mid=00;36:*.midi=00;36:*.mka=00;36:*.mp3=00;36:*.mpc=00;36:*.ogg=00;36:*.ra=00;36:*.wav=00;36:*.oga=00;36:*.opus=00;36:*.spx=00;36:*.xspf=00;36:'), ('VSCODE_GIT_IPC_HANDLE', '/run/user/1000/vscode-git-c1ac1f4f39.sock'), ('TERM_PROGRAM', 'vscode'), ('AMENT_PREFIX_PATH', '/home/wowjw/Project/Automobile/Phase4/ros2_ws/install/vehicle_controller:/home/wowjw/Project/Automobile/Phase4/ros2_ws/install/vehicle_interface:/home/wowjw/Project/Automobile/Phase4/install/vehicle_controller:/home/wowjw/Project/Automobile/Phase4/install/vehicle_interface:/opt/ros/humble'), ('SHELL', '/bin/bash'), ('LESSCLOSE', '/usr/bin/lesspipe %s %s'), ('VSCODE_GIT_ASKPASS_EXTRA_ARGS', ''), ('PWD', '/home/wowjw/Project/Automobile/Phase4/ros2_ws/build/vehicle_interface'), ('LC_ALL', 'en_US.UTF-8'), ('COPILOT_DEBUG_NONCE', '9fb98c99a0663c7f3298287e6ff935d5'), ('SSH_CONNECTION', '192.168.0.161 59356 192.168.0.133 22'), ('XDG_DATA_DIRS', '/usr/share/gnome:/usr/local/share:/usr/share:/var/lib/snapd/desktop'), ('PYTHONPATH', '/home/wowjw/Project/Automobile/Phase4/ros2_ws/install/vehicle_interface/local/lib/python3.10/dist-packages:/home/wowjw/Project/Automobile/Phase4/install/vehicle_interface/local/lib/python3.10/dist-packages:/opt/ros/humble/lib/python3.10/site-packages:/opt/ros/humble/local/lib/python3.10/dist-packages'), ('COLCON', '1'), ('CMAKE_PREFIX_PATH', '/home/wowjw/Project/Automobile/Phase4/ros2_ws/install/vehicle_controller:/home/wowjw/Project/Automobile/Phase4/ros2_ws/install/vehicle_interface:/home/wowjw/Project/Automobile/Phase4/install/vehicle_controller:/home/wowjw/Project/Automobile/Phase4/install/vehicle_interface:/opt/ros/humble')]), 'shell': False}
[0.099635] (-) TimerEvent: {}
[0.108352] (vehicle_interface) StdoutLine: {'line': b'[  6%] Built target vehicle_interface__cpp\n'}
[0.108995] (vehicle_interface) StdoutLine: {'line': b'[ 11%] Built target vehicle_interface__rosidl_generator_c\n'}
[0.130427] (vehicle_interface) StdoutLine: {'line': b'[ 11%] Built target ament_cmake_python_copy_vehicle_interface\n'}
[0.151819] (vehicle_interface) StdoutLine: {'line': b'[ 20%] Built target vehicle_interface__rosidl_typesupport_introspection_c\n'}
[0.152464] (vehicle_interface) StdoutLine: {'line': b'[ 30%] Built target vehicle_interface__rosidl_typesupport_fastrtps_c\n'}
[0.153685] (vehicle_interface) StdoutLine: {'line': b'[ 44%] Built target vehicle_interface__rosidl_typesupport_c\n'}
[0.154020] (vehicle_interface) StdoutLine: {'line': b'[ 48%] Built target vehicle_interface__rosidl_typesupport_fastrtps_cpp\n'}
[0.155066] (vehicle_interface) StdoutLine: {'line': b'[ 58%] Built target vehicle_interface__rosidl_typesupport_cpp\n'}
[0.171809] (vehicle_interface) StdoutLine: {'line': b'[ 67%] Built target vehicle_interface__rosidl_typesupport_introspection_cpp\n'}
[0.199779] (-) TimerEvent: {}
[0.207883] (vehicle_interface) StdoutLine: {'line': b'[ 67%] Built target vehicle_interface\n'}
[0.221022] (vehicle_interface) StdoutLine: {'line': b'[ 76%] Built target vehicle_interface_node\n'}
[0.248162] (vehicle_interface) StdoutLine: {'line': b'[ 79%] Built target vehicle_interface__py\n'}
[0.290070] (vehicle_interface) StdoutLine: {'line': b'[ 86%] Built target vehicle_interface__rosidl_generator_py\n'}
[0.299919] (-) TimerEvent: {}
[0.330840] (vehicle_interface) StdoutLine: {'line': b'[ 90%] Built target vehicle_interface__rosidl_typesupport_introspection_c__pyext\n'}
[0.331583] (vehicle_interface) StdoutLine: {'line': b'[ 95%] Built target vehicle_interface__rosidl_typesupport_fastrtps_c__pyext\n'}
[0.334398] (vehicle_interface) StdoutLine: {'line': b'[100%] Built target vehicle_interface__rosidl_typesupport_c__pyext\n'}
[0.400059] (-) TimerEvent: {}
[0.500710] (-) TimerEvent: {}
[0.601354] (-) TimerEvent: {}
[0.629843] (vehicle_interface) StdoutLine: {'line': b'running egg_info\n'}
[0.631174] (vehicle_interface) StdoutLine: {'line': b'writing vehicle_interface.egg-info/PKG-INFO\n'}
[0.631717] (vehicle_interface) StdoutLine: {'line': b'writing dependency_links to vehicle_interface.egg-info/dependency_links.txt\n'}
[0.632124] (vehicle_interface) StdoutLine: {'line': b'writing top-level names to vehicle_interface.egg-info/top_level.txt\n'}
[0.636263] (vehicle_interface) StdoutLine: {'line': b"reading manifest file 'vehicle_interface.egg-info/SOURCES.txt'\n"}
[0.637442] (vehicle_interface) StdoutLine: {'line': b"writing manifest file 'vehicle_interface.egg-info/SOURCES.txt'\n"}
[0.701474] (-) TimerEvent: {}
[0.707130] (vehicle_interface) StdoutLine: {'line': b'[100%] Built target ament_cmake_python_build_vehicle_interface_egg\n'}
[0.735355] (vehicle_interface) CommandEnded: {'returncode': 0}
[0.736624] (vehicle_interface) JobProgress: {'identifier': 'vehicle_interface', 'progress': 'install'}
[0.756379] (vehicle_interface) Command: {'cmd': ['/usr/bin/cmake', '--install', '/home/wowjw/Project/Automobile/Phase4/ros2_ws/build/vehicle_interface'], 'cwd': '/home/wowjw/Project/Automobile/Phase4/ros2_ws/build/vehicle_interface', 'env': OrderedDict([('LESSOPEN', '| /usr/bin/lesspipe %s'), ('USER', 'wowjw'), ('SSH_CLIENT', '192.168.0.161 59356 22'), ('XDG_SESSION_TYPE', 'tty'), ('GIT_ASKPASS', '/home/wowjw/.vscode-server/cli/servers/Stable-110a328ea54b42367b803ec53ee0bf52ef26b419/server/extensions/git/dist/askpass.sh'), ('SHLVL', '1'), ('LD_LIBRARY_PATH', '/home/wowjw/Project/Automobile/Phase4/ros2_ws/install/vehicle_controller/lib:/home/wowjw/Project/Automobile/Phase4/ros2_ws/install/vehicle_interface/lib:/home/wowjw/Project/Automobile/Phase4/install/vehicle_controller/lib:/home/wowjw/Project/Automobile/Phase4/install/vehicle_interface/lib:/usr/local/cuda-12.6/lib64:/opt/ros/humble/opt/rviz_ogre_vendor/lib:/opt/ros/humble/lib/aarch64-linux-gnu:/opt/ros/humble/lib:/usr/local/cuda-12.6/lib64:'), ('BROWSER', '/home/wowjw/.vscode-server/cli/servers/Stable-110a328ea54b42367b803ec53ee0bf52ef26b419/server/bin/helpers/browser.sh'), ('MOTD_SHOWN', 'pam'), ('HOME', '/home/wowjw'), ('OLDPWD', '/home/wowjw/Project/Automobile/Phase4'), ('TERM_PROGRAM_VERSION', '1.134.0'), ('VSCODE_IPC_HOOK_CLI', '/run/user/1000/vscode-ipc-4255334a-044f-4380-98d5-9c857eb0149d.sock'), ('ROS_PYTHON_VERSION', '3'), ('VSCODE_GIT_ASKPASS_MAIN', '/home/wowjw/.vscode-server/cli/servers/Stable-110a328ea54b42367b803ec53ee0bf52ef26b419/server/extensions/git/dist/askpass-main.js'), ('PS1', '\\[\x1b]633;A\x07\\]\\[\\e[32m\\]\\u@\\h\\[\\e[m\\]:\\[\\e[34m\\]\\w\\[\\e[33m\\]$(parse_git_branch)\\[\\e[m\\]$ \\[\x1b]633;B\x07\\]'), ('VSCODE_GIT_ASKPASS_NODE', '/home/wowjw/.vscode-server/cli/servers/Stable-110a328ea54b42367b803ec53ee0bf52ef26b419/server/node'), ('VSCODE_PYTHON_AUTOACTIVATE_GUARD', '1'), ('DBUS_SESSION_BUS_ADDRESS', 'unix:path=/run/user/1000/bus'), ('COLORTERM', 'truecolor'), ('COLCON_PREFIX_PATH', '/home/wowjw/Project/Automobile/Phase4/ros2_ws/install:/home/wowjw/Project/Automobile/Phase4/install'), ('ROS_DISTRO', 'humble'), ('LOGNAME', 'wowjw'), ('_', '/usr/bin/colcon'), ('ROS_VERSION', '2'), ('XDG_SESSION_CLASS', 'user'), ('TERM', 'xterm-256color'), ('XDG_SESSION_ID', '2'), ('ROS_LOCALHOST_ONLY', '0'), ('PATH', '/usr/local/cuda-12.6/bin:/home/wowjw/.vscode-server/data/User/globalStorage/github.copilot-chat/debugCommand:/home/wowjw/.vscode-server/data/User/globalStorage/github.copilot-chat/copilotCli:/home/wowjw/.vscode-server/cli/servers/Stable-110a328ea54b42367b803ec53ee0bf52ef26b419/server/bin/remote-cli:/home/wowjw/.local/bin:/opt/ros/humble/bin:/usr/local/cuda-12.6/bin:/usr/local/sbin:/usr/local/bin:/usr/sbin:/usr/bin:/sbin:/bin:/usr/games:/usr/local/games:/snap/bin'), ('XDG_RUNTIME_DIR', '/run/user/1000'), ('LANG', 'en_US.UTF-8'), ('LS_COLORS', 'rs=0:di=01;34:ln=01;36:mh=00:pi=40;33:so=01;35:do=01;35:bd=40;33;01:cd=40;33;01:or=40;31;01:mi=00:su=37;41:sg=30;43:ca=30;41:tw=30;42:ow=34;42:st=37;44:ex=01;32:*.tar=01;31:*.tgz=01;31:*.arc=01;31:*.arj=01;31:*.taz=01;31:*.lha=01;31:*.lz4=01;31:*.lzh=01;31:*.lzma=01;31:*.tlz=01;31:*.txz=01;31:*.tzo=01;31:*.t7z=01;31:*.zip=01;31:*.z=01;31:*.dz=01;31:*.gz=01;31:*.lrz=01;31:*.lz=01;31:*.lzo=01;31:*.xz=01;31:*.zst=01;31:*.tzst=01;31:*.bz2=01;31:*.bz=01;31:*.tbz=01;31:*.tbz2=01;31:*.tz=01;31:*.deb=01;31:*.rpm=01;31:*.jar=01;31:*.war=01;31:*.ear=01;31:*.sar=01;31:*.rar=01;31:*.alz=01;31:*.ace=01;31:*.zoo=01;31:*.cpio=01;31:*.7z=01;31:*.rz=01;31:*.cab=01;31:*.wim=01;31:*.swm=01;31:*.dwm=01;31:*.esd=01;31:*.jpg=01;35:*.jpeg=01;35:*.mjpg=01;35:*.mjpeg=01;35:*.gif=01;35:*.bmp=01;35:*.pbm=01;35:*.pgm=01;35:*.ppm=01;35:*.tga=01;35:*.xbm=01;35:*.xpm=01;35:*.tif=01;35:*.tiff=01;35:*.png=01;35:*.svg=01;35:*.svgz=01;35:*.mng=01;35:*.pcx=01;35:*.mov=01;35:*.mpg=01;35:*.mpeg=01;35:*.m2v=01;35:*.mkv=01;35:*.webm=01;35:*.webp=01;35:*.ogm=01;35:*.mp4=01;35:*.m4v=01;35:*.mp4v=01;35:*.vob=01;35:*.qt=01;35:*.nuv=01;35:*.wmv=01;35:*.asf=01;35:*.rm=01;35:*.rmvb=01;35:*.flc=01;35:*.avi=01;35:*.fli=01;35:*.flv=01;35:*.gl=01;35:*.dl=01;35:*.xcf=01;35:*.xwd=01;35:*.yuv=01;35:*.cgm=01;35:*.emf=01;35:*.ogv=01;35:*.ogx=01;35:*.aac=00;36:*.au=00;36:*.flac=00;36:*.m4a=00;36:*.mid=00;36:*.midi=00;36:*.mka=00;36:*.mp3=00;36:*.mpc=00;36:*.ogg=00;36:*.ra=00;36:*.wav=00;36:*.oga=00;36:*.opus=00;36:*.spx=00;36:*.xspf=00;36:'), ('VSCODE_GIT_IPC_HANDLE', '/run/user/1000/vscode-git-c1ac1f4f39.sock'), ('TERM_PROGRAM', 'vscode'), ('AMENT_PREFIX_PATH', '/home/wowjw/Project/Automobile/Phase4/ros2_ws/install/vehicle_controller:/home/wowjw/Project/Automobile/Phase4/ros2_ws/install/vehicle_interface:/home/wowjw/Project/Automobile/Phase4/install/vehicle_controller:/home/wowjw/Project/Automobile/Phase4/install/vehicle_interface:/opt/ros/humble'), ('SHELL', '/bin/bash'), ('LESSCLOSE', '/usr/bin/lesspipe %s %s'), ('VSCODE_GIT_ASKPASS_EXTRA_ARGS', ''), ('PWD', '/home/wowjw/Project/Automobile/Phase4/ros2_ws/build/vehicle_interface'), ('LC_ALL', 'en_US.UTF-8'), ('COPILOT_DEBUG_NONCE', '9fb98c99a0663c7f3298287e6ff935d5'), ('SSH_CONNECTION', '192.168.0.161 59356 192.168.0.133 22'), ('XDG_DATA_DIRS', '/usr/share/gnome:/usr/local/share:/usr/share:/var/lib/snapd/desktop'), ('PYTHONPATH', '/home/wowjw/Project/Automobile/Phase4/ros2_ws/install/vehicle_interface/local/lib/python3.10/dist-packages:/home/wowjw/Project/Automobile/Phase4/install/vehicle_interface/local/lib/python3.10/dist-packages:/opt/ros/humble/lib/python3.10/site-packages:/opt/ros/humble/local/lib/python3.10/dist-packages'), ('COLCON', '1'), ('CMAKE_PREFIX_PATH', '/home/wowjw/Project/Automobile/Phase4/ros2_ws/install/vehicle_controller:/home/wowjw/Project/Automobile/Phase4/ros2_ws/install/vehicle_interface:/home/wowjw/Project/Automobile/Phase4/install/vehicle_controller:/home/wowjw/Project/Automobile/Phase4/install/vehicle_interface:/opt/ros/humble')]), 'shell': False}
[0.775249] (vehicle_interface) StdoutLine: {'line': b'-- Install configuration: ""\n'}
[0.775723] (vehicle_interface) StdoutLine: {'line': b'-- Up-to-date: /home/wowjw/Project/Automobile/Phase4/ros2_ws/install/vehicle_interface/share/ament_index/resource_index/rosidl_interfaces/vehicle_interface\n'}
[0.776161] (vehicle_interface) StdoutLine: {'line': b'-- Up-to-date: /home/wowjw/Project/Automobile/Phase4/ros2_ws/install/vehicle_interface/include/vehicle_interface/vehicle_interface\n'}
[0.776587] (vehicle_interface) StdoutLine: {'line': b'-- Up-to-date: /home/wowjw/Project/Automobile/Phase4/ros2_ws/install/vehicle_interface/include/vehicle_interface/vehicle_interface/msg\n'}
[0.776978] (vehicle_interface) StdoutLine: {'line': b'-- Up-to-date: /home/wowjw/Project/Automobile/Phase4/ros2_ws/install/vehicle_interface/include/vehicle_interface/vehicle_interface/msg/detail\n'}
[0.777304] (vehicle_interface) StdoutLine: {'line': b'-- Up-to-date: /home/wowjw/Project/Automobile/Phase4/ros2_ws/install/vehicle_interface/include/vehicle_interface/vehicle_interface/msg/detail/vehicle_feedback__type_support.h\n'}
[0.777595] (vehicle_interface) StdoutLine: {'line': b'-- Up-to-date: /home/wowjw/Project/Automobile/Phase4/ros2_ws/install/vehicle_interface/include/vehicle_interface/vehicle_interface/msg/detail/vehicle_feedback__functions.h\n'}
[0.777939] (vehicle_interface) StdoutLine: {'line': b'-- Up-to-date: /home/wowjw/Project/Automobile/Phase4/ros2_ws/install/vehicle_interface/include/vehicle_interface/vehicle_interface/msg/detail/vehicle_command__type_support.h\n'}
[0.778274] (vehicle_interface) StdoutLine: {'line': b'-- Up-to-date: /home/wowjw/Project/Automobile/Phase4/ros2_ws/install/vehicle_interface/include/vehicle_interface/vehicle_interface/msg/detail/vehicle_feedback__struct.h\n'}
[0.778586] (vehicle_interface) StdoutLine: {'line': b'-- Up-to-date: /home/wowjw/Project/Automobile/Phase4/ros2_ws/install/vehicle_interface/include/vehicle_interface/vehicle_interface/msg/detail/vehicle_command__functions.c\n'}
[0.778965] (vehicle_interface) StdoutLine: {'line': b'-- Up-to-date: /home/wowjw/Project/Automobile/Phase4/ros2_ws/install/vehicle_interface/include/vehicle_interface/vehicle_interface/msg/detail/vehicle_command__functions.h\n'}
[0.779423] (vehicle_interface) StdoutLine: {'line': b'-- Up-to-date: /home/wowjw/Project/Automobile/Phase4/ros2_ws/install/vehicle_interface/include/vehicle_interface/vehicle_interface/msg/detail/vehicle_command__struct.h\n'}
[0.779826] (vehicle_interface) StdoutLine: {'line': b'-- Up-to-date: /home/wowjw/Project/Automobile/Phase4/ros2_ws/install/vehicle_interface/include/vehicle_interface/vehicle_interface/msg/detail/vehicle_feedback__functions.c\n'}
[0.780210] (vehicle_interface) StdoutLine: {'line': b'-- Up-to-date: /home/wowjw/Project/Automobile/Phase4/ros2_ws/install/vehicle_interface/include/vehicle_interface/vehicle_interface/msg/vehicle_feedback.h\n'}
[0.780527] (vehicle_interface) StdoutLine: {'line': b'-- Up-to-date: /home/wowjw/Project/Automobile/Phase4/ros2_ws/install/vehicle_interface/include/vehicle_interface/vehicle_interface/msg/vehicle_command.h\n'}
[0.780845] (vehicle_interface) StdoutLine: {'line': b'-- Up-to-date: /home/wowjw/Project/Automobile/Phase4/ros2_ws/install/vehicle_interface/include/vehicle_interface/vehicle_interface/msg/rosidl_generator_c__visibility_control.h\n'}
[0.781209] (vehicle_interface) StdoutLine: {'line': b'-- Up-to-date: /home/wowjw/Project/Automobile/Phase4/ros2_ws/install/vehicle_interface/share/vehicle_interface/environment/library_path.sh\n'}
[0.781510] (vehicle_interface) StdoutLine: {'line': b'-- Up-to-date: /home/wowjw/Project/Automobile/Phase4/ros2_ws/install/vehicle_interface/share/vehicle_interface/environment/library_path.dsv\n'}
[0.781825] (vehicle_interface) StdoutLine: {'line': b'-- Up-to-date: /home/wowjw/Project/Automobile/Phase4/ros2_ws/install/vehicle_interface/lib/libvehicle_interface__rosidl_generator_c.so\n'}
[0.782139] (vehicle_interface) StdoutLine: {'line': b'-- Up-to-date: /home/wowjw/Project/Automobile/Phase4/ros2_ws/install/vehicle_interface/include/vehicle_interface/vehicle_interface\n'}
[0.782504] (vehicle_interface) StdoutLine: {'line': b'-- Up-to-date: /home/wowjw/Project/Automobile/Phase4/ros2_ws/install/vehicle_interface/include/vehicle_interface/vehicle_interface/msg\n'}
[0.782827] (vehicle_interface) StdoutLine: {'line': b'-- Up-to-date: /home/wowjw/Project/Automobile/Phase4/ros2_ws/install/vehicle_interface/include/vehicle_interface/vehicle_interface/msg/rosidl_typesupport_fastrtps_c__visibility_control.h\n'}
[0.783133] (vehicle_interface) StdoutLine: {'line': b'-- Up-to-date: /home/wowjw/Project/Automobile/Phase4/ros2_ws/install/vehicle_interface/include/vehicle_interface/vehicle_interface/msg/detail\n'}
[0.783567] (vehicle_interface) StdoutLine: {'line': b'-- Up-to-date: /home/wowjw/Project/Automobile/Phase4/ros2_ws/install/vehicle_interface/include/vehicle_interface/vehicle_interface/msg/detail/vehicle_command__rosidl_typesupport_fastrtps_c.h\n'}
[0.783885] (vehicle_interface) StdoutLine: {'line': b'-- Up-to-date: /home/wowjw/Project/Automobile/Phase4/ros2_ws/install/vehicle_interface/include/vehicle_interface/vehicle_interface/msg/detail/vehicle_feedback__rosidl_typesupport_fastrtps_c.h\n'}
[0.784258] (vehicle_interface) StdoutLine: {'line': b'-- Up-to-date: /home/wowjw/Project/Automobile/Phase4/ros2_ws/install/vehicle_interface/lib/libvehicle_interface__rosidl_typesupport_fastrtps_c.so\n'}
[0.784568] (vehicle_interface) StdoutLine: {'line': b'-- Up-to-date: /home/wowjw/Project/Automobile/Phase4/ros2_ws/install/vehicle_interface/include/vehicle_interface/vehicle_interface\n'}
[0.784878] (vehicle_interface) StdoutLine: {'line': b'-- Up-to-date: /home/wowjw/Project/Automobile/Phase4/ros2_ws/install/vehicle_interface/include/vehicle_interface/vehicle_interface/msg\n'}
[0.785160] (vehicle_interface) StdoutLine: {'line': b'-- Up-to-date: /home/wowjw/Project/Automobile/Phase4/ros2_ws/install/vehicle_interface/include/vehicle_interface/vehicle_interface/msg/vehicle_feedback.hpp\n'}
[0.785466] (vehicle_interface) StdoutLine: {'line': b'-- Up-to-date: /home/wowjw/Project/Automobile/Phase4/ros2_ws/install/vehicle_interface/include/vehicle_interface/vehicle_interface/msg/vehicle_command.hpp\n'}
[0.785852] (vehicle_interface) StdoutLine: {'line': b'-- Up-to-date: /home/wowjw/Project/Automobile/Phase4/ros2_ws/install/vehicle_interface/include/vehicle_interface/vehicle_interface/msg/detail\n'}
[0.786214] (vehicle_interface) StdoutLine: {'line': b'-- Up-to-date: /home/wowjw/Project/Automobile/Phase4/ros2_ws/install/vehicle_interface/include/vehicle_interface/vehicle_interface/msg/detail/vehicle_command__struct.hpp\n'}
[0.786537] (vehicle_interface) StdoutLine: {'line': b'-- Up-to-date: /home/wowjw/Project/Automobile/Phase4/ros2_ws/install/vehicle_interface/include/vehicle_interface/vehicle_interface/msg/detail/vehicle_feedback__builder.hpp\n'}
[0.786798] (vehicle_interface) StdoutLine: {'line': b'-- Up-to-date: /home/wowjw/Project/Automobile/Phase4/ros2_ws/install/vehicle_interface/include/vehicle_interface/vehicle_interface/msg/detail/vehicle_command__type_support.hpp\n'}
[0.787049] (vehicle_interface) StdoutLine: {'line': b'-- Up-to-date: /home/wowjw/Project/Automobile/Phase4/ros2_ws/install/vehicle_interface/include/vehicle_interface/vehicle_interface/msg/detail/vehicle_command__traits.hpp\n'}
[0.787298] (vehicle_interface) StdoutLine: {'line': b'-- Up-to-date: /home/wowjw/Project/Automobile/Phase4/ros2_ws/install/vehicle_interface/include/vehicle_interface/vehicle_interface/msg/detail/vehicle_feedback__traits.hpp\n'}
[0.787652] (vehicle_interface) StdoutLine: {'line': b'-- Up-to-date: /home/wowjw/Project/Automobile/Phase4/ros2_ws/install/vehicle_interface/include/vehicle_interface/vehicle_interface/msg/detail/vehicle_feedback__struct.hpp\n'}
[0.787927] (vehicle_interface) StdoutLine: {'line': b'-- Up-to-date: /home/wowjw/Project/Automobile/Phase4/ros2_ws/install/vehicle_interface/include/vehicle_interface/vehicle_interface/msg/detail/vehicle_command__builder.hpp\n'}
[0.788187] (vehicle_interface) StdoutLine: {'line': b'-- Up-to-date: /home/wowjw/Project/Automobile/Phase4/ros2_ws/install/vehicle_interface/include/vehicle_interface/vehicle_interface/msg/detail/vehicle_feedback__type_support.hpp\n'}
[0.788442] (vehicle_interface) StdoutLine: {'line': b'-- Up-to-date: /home/wowjw/Project/Automobile/Phase4/ros2_ws/install/vehicle_interface/include/vehicle_interface/vehicle_interface/msg/rosidl_generator_cpp__visibility_control.hpp\n'}
[0.788694] (vehicle_interface) StdoutLine: {'line': b'-- Up-to-date: /home/wowjw/Project/Automobile/Phase4/ros2_ws/install/vehicle_interface/include/vehicle_interface/vehicle_interface\n'}
[0.788946] (vehicle_interface) StdoutLine: {'line': b'-- Up-to-date: /home/wowjw/Project/Automobile/Phase4/ros2_ws/install/vehicle_interface/include/vehicle_interface/vehicle_interface/msg\n'}
[0.789195] (vehicle_interface) StdoutLine: {'line': b'-- Up-to-date: /home/wowjw/Project/Automobile/Phase4/ros2_ws/install/vehicle_interface/include/vehicle_interface/vehicle_interface/msg/rosidl_typesupport_fastrtps_cpp__visibility_control.h\n'}
[0.789479] (vehicle_interface) StdoutLine: {'line': b'-- Up-to-date: /home/wowjw/Project/Automobile/Phase4/ros2_ws/install/vehicle_interface/include/vehicle_interface/vehicle_interface/msg/detail\n'}
[0.789763] (vehicle_interface) StdoutLine: {'line': b'-- Up-to-date: /home/wowjw/Project/Automobile/Phase4/ros2_ws/install/vehicle_interface/include/vehicle_interface/vehicle_interface/msg/detail/dds_fastrtps\n'}
[0.790010] (vehicle_interface) StdoutLine: {'line': b'-- Up-to-date: /home/wowjw/Project/Automobile/Phase4/ros2_ws/install/vehicle_interface/include/vehicle_interface/vehicle_interface/msg/detail/vehicle_command__rosidl_typesupport_fastrtps_cpp.hpp\n'}
[0.790260] (vehicle_interface) StdoutLine: {'line': b'-- Up-to-date: /home/wowjw/Project/Automobile/Phase4/ros2_ws/install/vehicle_interface/include/vehicle_interface/vehicle_interface/msg/detail/vehicle_feedback__rosidl_typesupport_fastrtps_cpp.hpp\n'}
[0.790510] (vehicle_interface) StdoutLine: {'line': b'-- Up-to-date: /home/wowjw/Project/Automobile/Phase4/ros2_ws/install/vehicle_interface/lib/libvehicle_interface__rosidl_typesupport_fastrtps_cpp.so\n'}
[0.790754] (vehicle_interface) StdoutLine: {'line': b'-- Up-to-date: /home/wowjw/Project/Automobile/Phase4/ros2_ws/install/vehicle_interface/include/vehicle_interface/vehicle_interface\n'}
[0.790999] (vehicle_interface) StdoutLine: {'line': b'-- Up-to-date: /home/wowjw/Project/Automobile/Phase4/ros2_ws/install/vehicle_interface/include/vehicle_interface/vehicle_interface/msg\n'}
[0.791240] (vehicle_interface) StdoutLine: {'line': b'-- Up-to-date: /home/wowjw/Project/Automobile/Phase4/ros2_ws/install/vehicle_interface/include/vehicle_interface/vehicle_interface/msg/rosidl_typesupport_introspection_c__visibility_control.h\n'}
[0.791523] (vehicle_interface) StdoutLine: {'line': b'-- Up-to-date: /home/wowjw/Project/Automobile/Phase4/ros2_ws/install/vehicle_interface/include/vehicle_interface/vehicle_interface/msg/detail\n'}
[0.791777] (vehicle_interface) StdoutLine: {'line': b'-- Up-to-date: /home/wowjw/Project/Automobile/Phase4/ros2_ws/install/vehicle_interface/include/vehicle_interface/vehicle_interface/msg/detail/vehicle_feedback__rosidl_typesupport_introspection_c.h\n'}
[0.792028] (vehicle_interface) StdoutLine: {'line': b'-- Up-to-date: /home/wowjw/Project/Automobile/Phase4/ros2_ws/install/vehicle_interface/include/vehicle_interface/vehicle_interface/msg/detail/vehicle_feedback__type_support.c\n'}
[0.792278] (vehicle_interface) StdoutLine: {'line': b'-- Up-to-date: /home/wowjw/Project/Automobile/Phase4/ros2_ws/install/vehicle_interface/include/vehicle_interface/vehicle_interface/msg/detail/vehicle_command__rosidl_typesupport_introspection_c.h\n'}
[0.792525] (vehicle_interface) StdoutLine: {'line': b'-- Up-to-date: /home/wowjw/Project/Automobile/Phase4/ros2_ws/install/vehicle_interface/include/vehicle_interface/vehicle_interface/msg/detail/vehicle_command__type_support.c\n'}
[0.792773] (vehicle_interface) StdoutLine: {'line': b'-- Up-to-date: /home/wowjw/Project/Automobile/Phase4/ros2_ws/install/vehicle_interface/lib/libvehicle_interface__rosidl_typesupport_introspection_c.so\n'}
[0.793017] (vehicle_interface) StdoutLine: {'line': b'-- Up-to-date: /home/wowjw/Project/Automobile/Phase4/ros2_ws/install/vehicle_interface/lib/libvehicle_interface__rosidl_typesupport_c.so\n'}
[0.793260] (vehicle_interface) StdoutLine: {'line': b'-- Up-to-date: /home/wowjw/Project/Automobile/Phase4/ros2_ws/install/vehicle_interface/include/vehicle_interface/vehicle_interface\n'}
[0.793504] (vehicle_interface) StdoutLine: {'line': b'-- Up-to-date: /home/wowjw/Project/Automobile/Phase4/ros2_ws/install/vehicle_interface/include/vehicle_interface/vehicle_interface/msg\n'}
[0.793766] (vehicle_interface) StdoutLine: {'line': b'-- Up-to-date: /home/wowjw/Project/Automobile/Phase4/ros2_ws/install/vehicle_interface/include/vehicle_interface/vehicle_interface/msg/detail\n'}
[0.794014] (vehicle_interface) StdoutLine: {'line': b'-- Up-to-date: /home/wowjw/Project/Automobile/Phase4/ros2_ws/install/vehicle_interface/include/vehicle_interface/vehicle_interface/msg/detail/vehicle_feedback__rosidl_typesupport_introspection_cpp.hpp\n'}
[0.794282] (vehicle_interface) StdoutLine: {'line': b'-- Up-to-date: /home/wowjw/Project/Automobile/Phase4/ros2_ws/install/vehicle_interface/include/vehicle_interface/vehicle_interface/msg/detail/vehicle_command__type_support.cpp\n'}
[0.794529] (vehicle_interface) StdoutLine: {'line': b'-- Up-to-date: /home/wowjw/Project/Automobile/Phase4/ros2_ws/install/vehicle_interface/include/vehicle_interface/vehicle_interface/msg/detail/vehicle_feedback__type_support.cpp\n'}
[0.794773] (vehicle_interface) StdoutLine: {'line': b'-- Up-to-date: /home/wowjw/Project/Automobile/Phase4/ros2_ws/install/vehicle_interface/include/vehicle_interface/vehicle_interface/msg/detail/vehicle_command__rosidl_typesupport_introspection_cpp.hpp\n'}
[0.795021] (vehicle_interface) StdoutLine: {'line': b'-- Up-to-date: /home/wowjw/Project/Automobile/Phase4/ros2_ws/install/vehicle_interface/lib/libvehicle_interface__rosidl_typesupport_introspection_cpp.so\n'}
[0.795266] (vehicle_interface) StdoutLine: {'line': b'-- Up-to-date: /home/wowjw/Project/Automobile/Phase4/ros2_ws/install/vehicle_interface/lib/libvehicle_interface__rosidl_typesupport_cpp.so\n'}
[0.795552] (vehicle_interface) StdoutLine: {'line': b'-- Up-to-date: /home/wowjw/Project/Automobile/Phase4/ros2_ws/install/vehicle_interface/share/vehicle_interface/environment/pythonpath.sh\n'}
[0.795804] (vehicle_interface) StdoutLine: {'line': b'-- Up-to-date: /home/wowjw/Project/Automobile/Phase4/ros2_ws/install/vehicle_interface/share/vehicle_interface/environment/pythonpath.dsv\n'}
[0.796093] (vehicle_interface) StdoutLine: {'line': b'-- Up-to-date: /home/wowjw/Project/Automobile/Phase4/ros2_ws/install/vehicle_interface/local/lib/python3.10/dist-packages/vehicle_interface-0.0.0-py3.10.egg-info\n'}
[0.796344] (vehicle_interface) StdoutLine: {'line': b'-- Installing: /home/wowjw/Project/Automobile/Phase4/ros2_ws/install/vehicle_interface/local/lib/python3.10/dist-packages/vehicle_interface-0.0.0-py3.10.egg-info/SOURCES.txt\n'}
[0.796592] (vehicle_interface) StdoutLine: {'line': b'-- Installing: /home/wowjw/Project/Automobile/Phase4/ros2_ws/install/vehicle_interface/local/lib/python3.10/dist-packages/vehicle_interface-0.0.0-py3.10.egg-info/dependency_links.txt\n'}
[0.796837] (vehicle_interface) StdoutLine: {'line': b'-- Installing: /home/wowjw/Project/Automobile/Phase4/ros2_ws/install/vehicle_interface/local/lib/python3.10/dist-packages/vehicle_interface-0.0.0-py3.10.egg-info/top_level.txt\n'}
[0.797081] (vehicle_interface) StdoutLine: {'line': b'-- Installing: /home/wowjw/Project/Automobile/Phase4/ros2_ws/install/vehicle_interface/local/lib/python3.10/dist-packages/vehicle_interface-0.0.0-py3.10.egg-info/PKG-INFO\n'}
[0.797326] (vehicle_interface) StdoutLine: {'line': b'-- Up-to-date: /home/wowjw/Project/Automobile/Phase4/ros2_ws/install/vehicle_interface/local/lib/python3.10/dist-packages/vehicle_interface\n'}
[0.797567] (vehicle_interface) StdoutLine: {'line': b'-- Up-to-date: /home/wowjw/Project/Automobile/Phase4/ros2_ws/install/vehicle_interface/local/lib/python3.10/dist-packages/vehicle_interface/_vehicle_interface_s.ep.rosidl_typesupport_introspection_c.c\n'}
[0.797812] (vehicle_interface) StdoutLine: {'line': b'-- Up-to-date: /home/wowjw/Project/Automobile/Phase4/ros2_ws/install/vehicle_interface/local/lib/python3.10/dist-packages/vehicle_interface/vehicle_interface_s__rosidl_typesupport_introspection_c.cpython-310-aarch64-linux-gnu.so\n'}
[0.798057] (vehicle_interface) StdoutLine: {'line': b'-- Up-to-date: /home/wowjw/Project/Automobile/Phase4/ros2_ws/install/vehicle_interface/local/lib/python3.10/dist-packages/vehicle_interface/vehicle_interface_s__rosidl_typesupport_fastrtps_c.cpython-310-aarch64-linux-gnu.so\n'}
[0.798310] (vehicle_interface) StdoutLine: {'line': b'-- Up-to-date: /home/wowjw/Project/Automobile/Phase4/ros2_ws/install/vehicle_interface/local/lib/python3.10/dist-packages/vehicle_interface/_vehicle_interface_s.ep.rosidl_typesupport_c.c\n'}
[0.798577] (vehicle_interface) StdoutLine: {'line': b'-- Up-to-date: /home/wowjw/Project/Automobile/Phase4/ros2_ws/install/vehicle_interface/local/lib/python3.10/dist-packages/vehicle_interface/libvehicle_interface__rosidl_generator_py.so\n'}
[0.798824] (vehicle_interface) StdoutLine: {'line': b'-- Up-to-date: /home/wowjw/Project/Automobile/Phase4/ros2_ws/install/vehicle_interface/local/lib/python3.10/dist-packages/vehicle_interface/__init__.py\n'}
[0.799066] (vehicle_interface) StdoutLine: {'line': b'-- Up-to-date: /home/wowjw/Project/Automobile/Phase4/ros2_ws/install/vehicle_interface/local/lib/python3.10/dist-packages/vehicle_interface/vehicle_interface_s__rosidl_typesupport_c.cpython-310-aarch64-linux-gnu.so\n'}
[0.799330] (vehicle_interface) StdoutLine: {'line': b'-- Up-to-date: /home/wowjw/Project/Automobile/Phase4/ros2_ws/install/vehicle_interface/local/lib/python3.10/dist-packages/vehicle_interface/msg\n'}
[0.799609] (vehicle_interface) StdoutLine: {'line': b'-- Up-to-date: /home/wowjw/Project/Automobile/Phase4/ros2_ws/install/vehicle_interface/local/lib/python3.10/dist-packages/vehicle_interface/msg/_vehicle_command_s.c\n'}
[0.799853] (vehicle_interface) StdoutLine: {'line': b'-- Up-to-date: /home/wowjw/Project/Automobile/Phase4/ros2_ws/install/vehicle_interface/local/lib/python3.10/dist-packages/vehicle_interface/msg/_vehicle_command.py\n'}
[0.800098] (vehicle_interface) StdoutLine: {'line': b'-- Up-to-date: /home/wowjw/Project/Automobile/Phase4/ros2_ws/install/vehicle_interface/local/lib/python3.10/dist-packages/vehicle_interface/msg/_vehicle_feedback.py\n'}
[0.800339] (vehicle_interface) StdoutLine: {'line': b'-- Up-to-date: /home/wowjw/Project/Automobile/Phase4/ros2_ws/install/vehicle_interface/local/lib/python3.10/dist-packages/vehicle_interface/msg/__init__.py\n'}
[0.800585] (vehicle_interface) StdoutLine: {'line': b'-- Up-to-date: /home/wowjw/Project/Automobile/Phase4/ros2_ws/install/vehicle_interface/local/lib/python3.10/dist-packages/vehicle_interface/msg/_vehicle_feedback_s.c\n'}
[0.800830] (vehicle_interface) StdoutLine: {'line': b'-- Up-to-date: /home/wowjw/Project/Automobile/Phase4/ros2_ws/install/vehicle_interface/local/lib/python3.10/dist-packages/vehicle_interface/_vehicle_interface_s.ep.rosidl_typesupport_fastrtps_c.c\n'}
[0.801564] (-) TimerEvent: {}
[0.845430] (vehicle_interface) StdoutLine: {'line': b"Listing '/home/wowjw/Project/Automobile/Phase4/ros2_ws/install/vehicle_interface/local/lib/python3.10/dist-packages/vehicle_interface'...\n"}
[0.845882] (vehicle_interface) StdoutLine: {'line': b"Listing '/home/wowjw/Project/Automobile/Phase4/ros2_ws/install/vehicle_interface/local/lib/python3.10/dist-packages/vehicle_interface/msg'...\n"}
[0.855042] (vehicle_interface) StdoutLine: {'line': b'-- Up-to-date: /home/wowjw/Project/Automobile/Phase4/ros2_ws/install/vehicle_interface/local/lib/python3.10/dist-packages/vehicle_interface/vehicle_interface_s__rosidl_typesupport_fastrtps_c.cpython-310-aarch64-linux-gnu.so\n'}
[0.855514] (vehicle_interface) StdoutLine: {'line': b'-- Up-to-date: /home/wowjw/Project/Automobile/Phase4/ros2_ws/install/vehicle_interface/local/lib/python3.10/dist-packages/vehicle_interface/vehicle_interface_s__rosidl_typesupport_introspection_c.cpython-310-aarch64-linux-gnu.so\n'}
[0.856038] (vehicle_interface) StdoutLine: {'line': b'-- Up-to-date: /home/wowjw/Project/Automobile/Phase4/ros2_ws/install/vehicle_interface/local/lib/python3.10/dist-packages/vehicle_interface/vehicle_interface_s__rosidl_typesupport_c.cpython-310-aarch64-linux-gnu.so\n'}
[0.856610] (vehicle_interface) StdoutLine: {'line': b'-- Up-to-date: /home/wowjw/Project/Automobile/Phase4/ros2_ws/install/vehicle_interface/lib/libvehicle_interface__rosidl_generator_py.so\n'}
[0.856969] (vehicle_interface) StdoutLine: {'line': b'-- Up-to-date: /home/wowjw/Project/Automobile/Phase4/ros2_ws/install/vehicle_interface/share/vehicle_interface/msg/VehicleCommand.idl\n'}
[0.857353] (vehicle_interface) StdoutLine: {'line': b'-- Up-to-date: /home/wowjw/Project/Automobile/Phase4/ros2_ws/install/vehicle_interface/share/vehicle_interface/msg/VehicleFeedback.idl\n'}
[0.857735] (vehicle_interface) StdoutLine: {'line': b'-- Up-to-date: /home/wowjw/Project/Automobile/Phase4/ros2_ws/install/vehicle_interface/share/vehicle_interface/msg/VehicleCommand.msg\n'}
[0.858018] (vehicle_interface) StdoutLine: {'line': b'-- Up-to-date: /home/wowjw/Project/Automobile/Phase4/ros2_ws/install/vehicle_interface/share/vehicle_interface/msg/VehicleFeedback.msg\n'}
[0.858497] (vehicle_interface) StdoutLine: {'line': b'-- Up-to-date: /home/wowjw/Project/Automobile/Phase4/ros2_ws/install/vehicle_interface/lib/vehicle_interface/vehicle_interface_node\n'}
[0.858838] (vehicle_interface) StdoutLine: {'line': b'-- Up-to-date: /home/wowjw/Project/Automobile/Phase4/ros2_ws/install/vehicle_interface/share/ament_index/resource_index/package_run_dependencies/vehicle_interface\n'}
[0.859245] (vehicle_interface) StdoutLine: {'line': b'-- Up-to-date: /home/wowjw/Project/Automobile/Phase4/ros2_ws/install/vehicle_interface/share/ament_index/resource_index/parent_prefix_path/vehicle_interface\n'}
[0.859559] (vehicle_interface) StdoutLine: {'line': b'-- Up-to-date: /home/wowjw/Project/Automobile/Phase4/ros2_ws/install/vehicle_interface/share/vehicle_interface/environment/ament_prefix_path.sh\n'}
[0.859902] (vehicle_interface) StdoutLine: {'line': b'-- Up-to-date: /home/wowjw/Project/Automobile/Phase4/ros2_ws/install/vehicle_interface/share/vehicle_interface/environment/ament_prefix_path.dsv\n'}
[0.860256] (vehicle_interface) StdoutLine: {'line': b'-- Up-to-date: /home/wowjw/Project/Automobile/Phase4/ros2_ws/install/vehicle_interface/share/vehicle_interface/environment/path.sh\n'}
[0.860599] (vehicle_interface) StdoutLine: {'line': b'-- Up-to-date: /home/wowjw/Project/Automobile/Phase4/ros2_ws/install/vehicle_interface/share/vehicle_interface/environment/path.dsv\n'}
[0.860914] (vehicle_interface) StdoutLine: {'line': b'-- Up-to-date: /home/wowjw/Project/Automobile/Phase4/ros2_ws/install/vehicle_interface/share/vehicle_interface/local_setup.bash\n'}
[0.861253] (vehicle_interface) StdoutLine: {'line': b'-- Up-to-date: /home/wowjw/Project/Automobile/Phase4/ros2_ws/install/vehicle_interface/share/vehicle_interface/local_setup.sh\n'}
[0.861578] (vehicle_interface) StdoutLine: {'line': b'-- Up-to-date: /home/wowjw/Project/Automobile/Phase4/ros2_ws/install/vehicle_interface/share/vehicle_interface/local_setup.zsh\n'}
[0.861894] (vehicle_interface) StdoutLine: {'line': b'-- Up-to-date: /home/wowjw/Project/Automobile/Phase4/ros2_ws/install/vehicle_interface/share/vehicle_interface/local_setup.dsv\n'}
[0.862211] (vehicle_interface) StdoutLine: {'line': b'-- Installing: /home/wowjw/Project/Automobile/Phase4/ros2_ws/install/vehicle_interface/share/vehicle_interface/package.dsv\n'}
[0.862525] (vehicle_interface) StdoutLine: {'line': b'-- Up-to-date: /home/wowjw/Project/Automobile/Phase4/ros2_ws/install/vehicle_interface/share/ament_index/resource_index/packages/vehicle_interface\n'}
[0.862842] (vehicle_interface) StdoutLine: {'line': b'-- Up-to-date: /home/wowjw/Project/Automobile/Phase4/ros2_ws/install/vehicle_interface/share/vehicle_interface/cmake/export_vehicle_interface__rosidl_generator_cExport.cmake\n'}
[0.863199] (vehicle_interface) StdoutLine: {'line': b'-- Up-to-date: /home/wowjw/Project/Automobile/Phase4/ros2_ws/install/vehicle_interface/share/vehicle_interface/cmake/export_vehicle_interface__rosidl_generator_cExport-noconfig.cmake\n'}
[0.863601] (vehicle_interface) StdoutLine: {'line': b'-- Up-to-date: /home/wowjw/Project/Automobile/Phase4/ros2_ws/install/vehicle_interface/share/vehicle_interface/cmake/export_vehicle_interface__rosidl_typesupport_fastrtps_cExport.cmake\n'}
[0.863928] (vehicle_interface) StdoutLine: {'line': b'-- Up-to-date: /home/wowjw/Project/Automobile/Phase4/ros2_ws/install/vehicle_interface/share/vehicle_interface/cmake/export_vehicle_interface__rosidl_typesupport_fastrtps_cExport-noconfig.cmake\n'}
[0.864191] (vehicle_interface) StdoutLine: {'line': b'-- Up-to-date: /home/wowjw/Project/Automobile/Phase4/ros2_ws/install/vehicle_interface/share/vehicle_interface/cmake/export_vehicle_interface__rosidl_generator_cppExport.cmake\n'}
[0.864470] (vehicle_interface) StdoutLine: {'line': b'-- Up-to-date: /home/wowjw/Project/Automobile/Phase4/ros2_ws/install/vehicle_interface/share/vehicle_interface/cmake/export_vehicle_interface__rosidl_typesupport_fastrtps_cppExport.cmake\n'}
[0.864726] (vehicle_interface) StdoutLine: {'line': b'-- Up-to-date: /home/wowjw/Project/Automobile/Phase4/ros2_ws/install/vehicle_interface/share/vehicle_interface/cmake/export_vehicle_interface__rosidl_typesupport_fastrtps_cppExport-noconfig.cmake\n'}
[0.865026] (vehicle_interface) StdoutLine: {'line': b'-- Up-to-date: /home/wowjw/Project/Automobile/Phase4/ros2_ws/install/vehicle_interface/share/vehicle_interface/cmake/vehicle_interface__rosidl_typesupport_introspection_cExport.cmake\n'}
[0.865277] (vehicle_interface) StdoutLine: {'line': b'-- Up-to-date: /home/wowjw/Project/Automobile/Phase4/ros2_ws/install/vehicle_interface/share/vehicle_interface/cmake/vehicle_interface__rosidl_typesupport_introspection_cExport-noconfig.cmake\n'}
[0.865529] (vehicle_interface) StdoutLine: {'line': b'-- Up-to-date: /home/wowjw/Project/Automobile/Phase4/ros2_ws/install/vehicle_interface/share/vehicle_interface/cmake/vehicle_interface__rosidl_typesupport_cExport.cmake\n'}
[0.865774] (vehicle_interface) StdoutLine: {'line': b'-- Up-to-date: /home/wowjw/Project/Automobile/Phase4/ros2_ws/install/vehicle_interface/share/vehicle_interface/cmake/vehicle_interface__rosidl_typesupport_cExport-noconfig.cmake\n'}
[0.866016] (vehicle_interface) StdoutLine: {'line': b'-- Up-to-date: /home/wowjw/Project/Automobile/Phase4/ros2_ws/install/vehicle_interface/share/vehicle_interface/cmake/vehicle_interface__rosidl_typesupport_introspection_cppExport.cmake\n'}
[0.866259] (vehicle_interface) StdoutLine: {'line': b'-- Up-to-date: /home/wowjw/Project/Automobile/Phase4/ros2_ws/install/vehicle_interface/share/vehicle_interface/cmake/vehicle_interface__rosidl_typesupport_introspection_cppExport-noconfig.cmake\n'}
[0.866501] (vehicle_interface) StdoutLine: {'line': b'-- Up-to-date: /home/wowjw/Project/Automobile/Phase4/ros2_ws/install/vehicle_interface/share/vehicle_interface/cmake/vehicle_interface__rosidl_typesupport_cppExport.cmake\n'}
[0.866745] (vehicle_interface) StdoutLine: {'line': b'-- Up-to-date: /home/wowjw/Project/Automobile/Phase4/ros2_ws/install/vehicle_interface/share/vehicle_interface/cmake/vehicle_interface__rosidl_typesupport_cppExport-noconfig.cmake\n'}
[0.866992] (vehicle_interface) StdoutLine: {'line': b'-- Up-to-date: /home/wowjw/Project/Automobile/Phase4/ros2_ws/install/vehicle_interface/share/vehicle_interface/cmake/export_vehicle_interface__rosidl_generator_pyExport.cmake\n'}
[0.867237] (vehicle_interface) StdoutLine: {'line': b'-- Up-to-date: /home/wowjw/Project/Automobile/Phase4/ros2_ws/install/vehicle_interface/share/vehicle_interface/cmake/export_vehicle_interface__rosidl_generator_pyExport-noconfig.cmake\n'}
[0.867641] (vehicle_interface) StdoutLine: {'line': b'-- Up-to-date: /home/wowjw/Project/Automobile/Phase4/ros2_ws/install/vehicle_interface/share/vehicle_interface/cmake/rosidl_cmake-extras.cmake\n'}
[0.868381] (vehicle_interface) StdoutLine: {'line': b'-- Up-to-date: /home/wowjw/Project/Automobile/Phase4/ros2_ws/install/vehicle_interface/share/vehicle_interface/cmake/ament_cmake_export_include_directories-extras.cmake\n'}
[0.869825] (vehicle_interface) StdoutLine: {'line': b'-- Up-to-date: /home/wowjw/Project/Automobile/Phase4/ros2_ws/install/vehicle_interface/share/vehicle_interface/cmake/ament_cmake_export_libraries-extras.cmake\n'}
[0.870117] (vehicle_interface) StdoutLine: {'line': b'-- Up-to-date: /home/wowjw/Project/Automobile/Phase4/ros2_ws/install/vehicle_interface/share/vehicle_interface/cmake/ament_cmake_export_targets-extras.cmake\n'}
[0.871131] (vehicle_interface) StdoutLine: {'line': b'-- Up-to-date: /home/wowjw/Project/Automobile/Phase4/ros2_ws/install/vehicle_interface/share/vehicle_interface/cmake/rosidl_cmake_export_typesupport_targets-extras.cmake\n'}
[0.871825] (vehicle_interface) StdoutLine: {'line': b'-- Up-to-date: /home/wowjw/Project/Automobile/Phase4/ros2_ws/install/vehicle_interface/share/vehicle_interface/cmake/ament_cmake_export_dependencies-extras.cmake\n'}
[0.872512] (vehicle_interface) StdoutLine: {'line': b'-- Up-to-date: /home/wowjw/Project/Automobile/Phase4/ros2_ws/install/vehicle_interface/share/vehicle_interface/cmake/rosidl_cmake_export_typesupport_libraries-extras.cmake\n'}
[0.872922] (vehicle_interface) StdoutLine: {'line': b'-- Up-to-date: /home/wowjw/Project/Automobile/Phase4/ros2_ws/install/vehicle_interface/share/vehicle_interface/cmake/vehicle_interfaceConfig.cmake\n'}
[0.873512] (vehicle_interface) StdoutLine: {'line': b'-- Up-to-date: /home/wowjw/Project/Automobile/Phase4/ros2_ws/install/vehicle_interface/share/vehicle_interface/cmake/vehicle_interfaceConfig-version.cmake\n'}
[0.873957] (vehicle_interface) StdoutLine: {'line': b'-- Up-to-date: /home/wowjw/Project/Automobile/Phase4/ros2_ws/install/vehicle_interface/share/vehicle_interface/package.xml\n'}
[0.874483] (vehicle_interface) CommandEnded: {'returncode': 0}
[0.901907] (-) TimerEvent: {}
[0.932769] (vehicle_interface) JobEnded: {'identifier': 'vehicle_interface', 'rc': 0}
[0.935727] (vehicle_controller) JobStarted: {'identifier': 'vehicle_controller'}
[0.951986] (vehicle_controller) JobProgress: {'identifier': 'vehicle_controller', 'progress': 'cmake'}
[0.953107] (vehicle_controller) Command: {'cmd': ['/usr/bin/cmake', '/home/wowjw/Project/Automobile/Phase4/ros2_ws/src/vehicle_controller', '-DCMAKE_INSTALL_PREFIX=/home/wowjw/Project/Automobile/Phase4/ros2_ws/install/vehicle_controller'], 'cwd': '/home/wowjw/Project/Automobile/Phase4/ros2_ws/build/vehicle_controller', 'env': OrderedDict([('LESSOPEN', '| /usr/bin/lesspipe %s'), ('USER', 'wowjw'), ('SSH_CLIENT', '192.168.0.161 59356 22'), ('XDG_SESSION_TYPE', 'tty'), ('GIT_ASKPASS', '/home/wowjw/.vscode-server/cli/servers/Stable-110a328ea54b42367b803ec53ee0bf52ef26b419/server/extensions/git/dist/askpass.sh'), ('SHLVL', '1'), ('LD_LIBRARY_PATH', '/home/wowjw/Project/Automobile/Phase4/ros2_ws/install/vehicle_interface/lib:/home/wowjw/Project/Automobile/Phase4/ros2_ws/install/vehicle_controller/lib:/home/wowjw/Project/Automobile/Phase4/install/vehicle_controller/lib:/home/wowjw/Project/Automobile/Phase4/install/vehicle_interface/lib:/usr/local/cuda-12.6/lib64:/opt/ros/humble/opt/rviz_ogre_vendor/lib:/opt/ros/humble/lib/aarch64-linux-gnu:/opt/ros/humble/lib:/usr/local/cuda-12.6/lib64'), ('BROWSER', '/home/wowjw/.vscode-server/cli/servers/Stable-110a328ea54b42367b803ec53ee0bf52ef26b419/server/bin/helpers/browser.sh'), ('MOTD_SHOWN', 'pam'), ('HOME', '/home/wowjw'), ('OLDPWD', '/home/wowjw/Project/Automobile/Phase4'), ('TERM_PROGRAM_VERSION', '1.134.0'), ('VSCODE_IPC_HOOK_CLI', '/run/user/1000/vscode-ipc-4255334a-044f-4380-98d5-9c857eb0149d.sock'), ('ROS_PYTHON_VERSION', '3'), ('VSCODE_GIT_ASKPASS_MAIN', '/home/wowjw/.vscode-server/cli/servers/Stable-110a328ea54b42367b803ec53ee0bf52ef26b419/server/extensions/git/dist/askpass-main.js'), ('PS1', '\\[\x1b]633;A\x07\\]\\[\\e[32m\\]\\u@\\h\\[\\e[m\\]:\\[\\e[34m\\]\\w\\[\\e[33m\\]$(parse_git_branch)\\[\\e[m\\]$ \\[\x1b]633;B\x07\\]'), ('VSCODE_GIT_ASKPASS_NODE', '/home/wowjw/.vscode-server/cli/servers/Stable-110a328ea54b42367b803ec53ee0bf52ef26b419/server/node'), ('VSCODE_PYTHON_AUTOACTIVATE_GUARD', '1'), ('DBUS_SESSION_BUS_ADDRESS', 'unix:path=/run/user/1000/bus'), ('COLORTERM', 'truecolor'), ('COLCON_PREFIX_PATH', '/home/wowjw/Project/Automobile/Phase4/ros2_ws/install:/home/wowjw/Project/Automobile/Phase4/install'), ('ROS_DISTRO', 'humble'), ('LOGNAME', 'wowjw'), ('_', '/usr/bin/colcon'), ('ROS_VERSION', '2'), ('XDG_SESSION_CLASS', 'user'), ('TERM', 'xterm-256color'), ('XDG_SESSION_ID', '2'), ('ROS_LOCALHOST_ONLY', '0'), ('PATH', '/usr/local/cuda-12.6/bin:/home/wowjw/.vscode-server/data/User/globalStorage/github.copilot-chat/debugCommand:/home/wowjw/.vscode-server/data/User/globalStorage/github.copilot-chat/copilotCli:/home/wowjw/.vscode-server/cli/servers/Stable-110a328ea54b42367b803ec53ee0bf52ef26b419/server/bin/remote-cli:/home/wowjw/.local/bin:/opt/ros/humble/bin:/usr/local/cuda-12.6/bin:/usr/local/sbin:/usr/local/bin:/usr/sbin:/usr/bin:/sbin:/bin:/usr/games:/usr/local/games:/snap/bin'), ('XDG_RUNTIME_DIR', '/run/user/1000'), ('LANG', 'en_US.UTF-8'), ('LS_COLORS', 'rs=0:di=01;34:ln=01;36:mh=00:pi=40;33:so=01;35:do=01;35:bd=40;33;01:cd=40;33;01:or=40;31;01:mi=00:su=37;41:sg=30;43:ca=30;41:tw=30;42:ow=34;42:st=37;44:ex=01;32:*.tar=01;31:*.tgz=01;31:*.arc=01;31:*.arj=01;31:*.taz=01;31:*.lha=01;31:*.lz4=01;31:*.lzh=01;31:*.lzma=01;31:*.tlz=01;31:*.txz=01;31:*.tzo=01;31:*.t7z=01;31:*.zip=01;31:*.z=01;31:*.dz=01;31:*.gz=01;31:*.lrz=01;31:*.lz=01;31:*.lzo=01;31:*.xz=01;31:*.zst=01;31:*.tzst=01;31:*.bz2=01;31:*.bz=01;31:*.tbz=01;31:*.tbz2=01;31:*.tz=01;31:*.deb=01;31:*.rpm=01;31:*.jar=01;31:*.war=01;31:*.ear=01;31:*.sar=01;31:*.rar=01;31:*.alz=01;31:*.ace=01;31:*.zoo=01;31:*.cpio=01;31:*.7z=01;31:*.rz=01;31:*.cab=01;31:*.wim=01;31:*.swm=01;31:*.dwm=01;31:*.esd=01;31:*.jpg=01;35:*.jpeg=01;35:*.mjpg=01;35:*.mjpeg=01;35:*.gif=01;35:*.bmp=01;35:*.pbm=01;35:*.pgm=01;35:*.ppm=01;35:*.tga=01;35:*.xbm=01;35:*.xpm=01;35:*.tif=01;35:*.tiff=01;35:*.png=01;35:*.svg=01;35:*.svgz=01;35:*.mng=01;35:*.pcx=01;35:*.mov=01;35:*.mpg=01;35:*.mpeg=01;35:*.m2v=01;35:*.mkv=01;35:*.webm=01;35:*.webp=01;35:*.ogm=01;35:*.mp4=01;35:*.m4v=01;35:*.mp4v=01;35:*.vob=01;35:*.qt=01;35:*.nuv=01;35:*.wmv=01;35:*.asf=01;35:*.rm=01;35:*.rmvb=01;35:*.flc=01;35:*.avi=01;35:*.fli=01;35:*.flv=01;35:*.gl=01;35:*.dl=01;35:*.xcf=01;35:*.xwd=01;35:*.yuv=01;35:*.cgm=01;35:*.emf=01;35:*.ogv=01;35:*.ogx=01;35:*.aac=00;36:*.au=00;36:*.flac=00;36:*.m4a=00;36:*.mid=00;36:*.midi=00;36:*.mka=00;36:*.mp3=00;36:*.mpc=00;36:*.ogg=00;36:*.ra=00;36:*.wav=00;36:*.oga=00;36:*.opus=00;36:*.spx=00;36:*.xspf=00;36:'), ('VSCODE_GIT_IPC_HANDLE', '/run/user/1000/vscode-git-c1ac1f4f39.sock'), ('TERM_PROGRAM', 'vscode'), ('AMENT_PREFIX_PATH', '/home/wowjw/Project/Automobile/Phase4/ros2_ws/install/vehicle_controller:/home/wowjw/Project/Automobile/Phase4/ros2_ws/install/vehicle_interface:/home/wowjw/Project/Automobile/Phase4/install/vehicle_controller:/home/wowjw/Project/Automobile/Phase4/install/vehicle_interface:/opt/ros/humble'), ('SHELL', '/bin/bash'), ('LESSCLOSE', '/usr/bin/lesspipe %s %s'), ('VSCODE_GIT_ASKPASS_EXTRA_ARGS', ''), ('PWD', '/home/wowjw/Project/Automobile/Phase4/ros2_ws/build/vehicle_controller'), ('LC_ALL', 'en_US.UTF-8'), ('COPILOT_DEBUG_NONCE', '9fb98c99a0663c7f3298287e6ff935d5'), ('SSH_CONNECTION', '192.168.0.161 59356 192.168.0.133 22'), ('XDG_DATA_DIRS', '/usr/share/gnome:/usr/local/share:/usr/share:/var/lib/snapd/desktop'), ('PYTHONPATH', '/home/wowjw/Project/Automobile/Phase4/ros2_ws/install/vehicle_interface/local/lib/python3.10/dist-packages:/home/wowjw/Project/Automobile/Phase4/install/vehicle_interface/local/lib/python3.10/dist-packages:/opt/ros/humble/lib/python3.10/site-packages:/opt/ros/humble/local/lib/python3.10/dist-packages'), ('COLCON', '1'), ('CMAKE_PREFIX_PATH', '/home/wowjw/Project/Automobile/Phase4/ros2_ws/install/vehicle_interface:/home/wowjw/Project/Automobile/Phase4/ros2_ws/install/vehicle_controller:/home/wowjw/Project/Automobile/Phase4/install/vehicle_controller:/home/wowjw/Project/Automobile/Phase4/install/vehicle_interface:/opt/ros/humble')]), 'shell': False}
[1.002024] (-) TimerEvent: {}
[1.054364] (vehicle_controller) StdoutLine: {'line': b'-- The C compiler identification is GNU 11.4.0\n'}
[1.102157] (-) TimerEvent: {}
[1.167119] (vehicle_controller) StdoutLine: {'line': b'-- The CXX compiler identification is GNU 11.4.0\n'}
[1.188571] (vehicle_controller) StdoutLine: {'line': b'-- Detecting C compiler ABI info\n'}
[1.202289] (-) TimerEvent: {}
[1.302846] (-) TimerEvent: {}
[1.334995] (vehicle_controller) StdoutLine: {'line': b'-- Detecting C compiler ABI info - done\n'}
[1.359640] (vehicle_controller) StdoutLine: {'line': b'-- Check for working C compiler: /usr/bin/cc - skipped\n'}
[1.360511] (vehicle_controller) StdoutLine: {'line': b'-- Detecting C compile features\n'}
[1.361824] (vehicle_controller) StdoutLine: {'line': b'-- Detecting C compile features - done\n'}
[1.372561] (vehicle_controller) StdoutLine: {'line': b'-- Detecting CXX compiler ABI info\n'}
[1.402944] (-) TimerEvent: {}
[1.503451] (-) TimerEvent: {}
[1.527200] (vehicle_controller) StdoutLine: {'line': b'-- Detecting CXX compiler ABI info - done\n'}
[1.553145] (vehicle_controller) StdoutLine: {'line': b'-- Check for working CXX compiler: /usr/bin/c++ - skipped\n'}
[1.554103] (vehicle_controller) StdoutLine: {'line': b'-- Detecting CXX compile features\n'}
[1.555978] (vehicle_controller) StdoutLine: {'line': b'-- Detecting CXX compile features - done\n'}
[1.563523] (vehicle_controller) StdoutLine: {'line': b'-- Found rosidl_default_generators: 1.2.0 (/opt/ros/humble/share/rosidl_default_generators/cmake)\n'}
[1.568498] (vehicle_controller) StdoutLine: {'line': b'-- Found ament_cmake_core: 1.3.12 (/opt/ros/humble/share/ament_cmake_core/cmake)\n'}
[1.603620] (-) TimerEvent: {}
[1.704269] (-) TimerEvent: {}
[1.804815] (-) TimerEvent: {}
[1.876999] (vehicle_controller) StdoutLine: {'line': b'-- Found Python3: /usr/bin/python3 (found version "3.10.12") found components: Interpreter \n'}
[1.904931] (-) TimerEvent: {}
[2.005386] (-) TimerEvent: {}
[2.014718] (vehicle_controller) StdoutLine: {'line': b'-- Using all available rosidl_typesupport_c: rosidl_typesupport_fastrtps_c;rosidl_typesupport_introspection_c\n'}
[2.042328] (vehicle_controller) StdoutLine: {'line': b'-- Found rosidl_adapter: 3.1.8 (/opt/ros/humble/share/rosidl_adapter/cmake)\n'}
[2.105567] (-) TimerEvent: {}
[2.180090] (vehicle_controller) StdoutLine: {'line': b'-- Using all available rosidl_typesupport_cpp: rosidl_typesupport_fastrtps_cpp;rosidl_typesupport_introspection_cpp\n'}
[2.205703] (-) TimerEvent: {}
[2.236371] (vehicle_controller) StdoutLine: {'line': b'-- Found rclcpp: 16.0.17 (/opt/ros/humble/share/rclcpp/cmake)\n'}
[2.305858] (-) TimerEvent: {}
[2.316207] (vehicle_controller) StdoutLine: {'line': b'-- Found rmw_implementation_cmake: 6.1.2 (/opt/ros/humble/share/rmw_implementation_cmake/cmake)\n'}
[2.320325] (vehicle_controller) StdoutLine: {'line': b'-- Found rmw_fastrtps_cpp: 6.2.9 (/opt/ros/humble/share/rmw_fastrtps_cpp/cmake)\n'}
[2.406080] (-) TimerEvent: {}
[2.455817] (vehicle_controller) StdoutLine: {'line': b'-- Found OpenSSL: /usr/lib/aarch64-linux-gnu/libcrypto.so (found version "3.0.2")  \n'}
[2.506188] (-) TimerEvent: {}
[2.512020] (vehicle_controller) StdoutLine: {'line': b'-- Found FastRTPS: /opt/ros/humble/include  \n'}
[2.582176] (vehicle_controller) StdoutLine: {'line': b"-- Using RMW implementation 'rmw_fastrtps_cpp' as default\n"}
[2.596312] (vehicle_controller) StdoutLine: {'line': b'-- Looking for pthread.h\n'}
[2.606346] (-) TimerEvent: {}
[2.707008] (-) TimerEvent: {}
[2.723961] (vehicle_controller) StdoutLine: {'line': b'-- Looking for pthread.h - found\n'}
[2.724700] (vehicle_controller) StdoutLine: {'line': b'-- Performing Test CMAKE_HAVE_LIBC_PTHREAD\n'}
[2.807162] (-) TimerEvent: {}
[2.878516] (vehicle_controller) StdoutLine: {'line': b'-- Performing Test CMAKE_HAVE_LIBC_PTHREAD - Success\n'}
[2.882561] (vehicle_controller) StdoutLine: {'line': b'-- Found Threads: TRUE  \n'}
[2.907275] (-) TimerEvent: {}
[3.006816] (vehicle_controller) StdoutLine: {'line': b'-- Found vehicle_interface: 0.0.0 (/home/wowjw/Project/Automobile/Phase4/ros2_ws/install/vehicle_interface/share/vehicle_interface/cmake)\n'}
[3.007501] (-) TimerEvent: {}
[3.108080] (-) TimerEvent: {}
[3.208928] (-) TimerEvent: {}
[3.309704] (-) TimerEvent: {}
[3.410441] (-) TimerEvent: {}
[3.511209] (-) TimerEvent: {}
[3.524751] (vehicle_controller) StdoutLine: {'line': b'-- Found ament_cmake_ros: 0.10.0 (/opt/ros/humble/share/ament_cmake_ros/cmake)\n'}
[3.611338] (-) TimerEvent: {}
[3.711991] (-) TimerEvent: {}
[3.812672] (-) TimerEvent: {}
[3.913347] (-) TimerEvent: {}
[3.932997] (vehicle_controller) StdoutLine: {'line': b'-- Using all available rosidl_typesupport_c: rosidl_typesupport_fastrtps_c;rosidl_typesupport_introspection_c\n'}
[4.013494] (-) TimerEvent: {}
[4.114244] (-) TimerEvent: {}
[4.214948] (-) TimerEvent: {}
[4.315530] (-) TimerEvent: {}
[4.416069] (-) TimerEvent: {}
[4.450702] (vehicle_controller) StdoutLine: {'line': b'-- Using all available rosidl_typesupport_cpp: rosidl_typesupport_fastrtps_cpp;rosidl_typesupport_introspection_cpp\n'}
[4.502865] (vehicle_controller) StdoutLine: {'line': b'-- Found PythonInterp: /usr/bin/python3 (found suitable version "3.10.12", minimum required is "3.6") \n'}
[4.506317] (vehicle_controller) StdoutLine: {'line': b'-- Found python_cmake_module: 0.10.0 (/opt/ros/humble/share/python_cmake_module/cmake)\n'}
[4.516159] (-) TimerEvent: {}
[4.567124] (vehicle_controller) StdoutLine: {'line': b'-- Found PythonLibs: /usr/lib/aarch64-linux-gnu/libpython3.10.so (found suitable version "3.10.12", minimum required is "3.5") \n'}
[4.567783] (vehicle_controller) StdoutLine: {'line': b'-- Using PYTHON_EXECUTABLE: /usr/bin/python3\n'}
[4.568109] (vehicle_controller) StdoutLine: {'line': b'-- Using PYTHON_INCLUDE_DIRS: /usr/include/python3.10\n'}
[4.568388] (vehicle_controller) StdoutLine: {'line': b'-- Using PYTHON_LIBRARIES: /usr/lib/aarch64-linux-gnu/libpython3.10.so\n'}
[4.613829] (vehicle_controller) StdoutLine: {'line': b'-- Found PythonExtra: .so  \n'}
[4.616261] (-) TimerEvent: {}
[4.683202] (vehicle_controller) StderrLine: {'line': b'\x1b[0mCMake Deprecation Warning at /opt/ros/humble/share/rosidl_cmake/cmake/rosidl_target_interfaces.cmake:32 (message):\n'}
[4.683952] (vehicle_controller) StderrLine: {'line': b'  Use rosidl_get_typesupport_target() and target_link_libraries() instead of\n'}
[4.684265] (vehicle_controller) StderrLine: {'line': b'  rosidl_target_interfaces()\n'}
[4.684541] (vehicle_controller) StderrLine: {'line': b'Call Stack (most recent call first):\n'}
[4.684805] (vehicle_controller) StderrLine: {'line': b'  CMakeLists.txt:23 (rosidl_target_interfaces)\n'}
[4.685063] (vehicle_controller) StderrLine: {'line': b'\n'}
[4.685313] (vehicle_controller) StderrLine: {'line': b'\x1b[0m\n'}
[4.686922] (vehicle_controller) StdoutLine: {'line': b'-- Found ament_lint_auto: 0.12.14 (/opt/ros/humble/share/ament_lint_auto/cmake)\n'}
[4.716378] (-) TimerEvent: {}
[4.718066] (vehicle_controller) StdoutLine: {'line': b"-- Added test 'cppcheck' to perform static code analysis on C / C++ code\n"}
[4.718935] (vehicle_controller) StdoutLine: {'line': b'-- Configured cppcheck include dirs: /home/wowjw/Project/Automobile/Phase4/ros2_ws/src/vehicle_controller/include\n'}
[4.719508] (vehicle_controller) StdoutLine: {'line': b'-- Configured cppcheck exclude dirs and/or files: \n'}
[4.720333] (vehicle_controller) StdoutLine: {'line': b"-- Added test 'lint_cmake' to check CMake code style\n"}
[4.722226] (vehicle_controller) StdoutLine: {'line': b"-- Added test 'uncrustify' to check C / C++ code style\n"}
[4.722574] (vehicle_controller) StdoutLine: {'line': b'-- Configured uncrustify additional arguments: \n'}
[4.723143] (vehicle_controller) StdoutLine: {'line': b"-- Added test 'xmllint' to check XML markup files\n"}
[4.728516] (vehicle_controller) StdoutLine: {'line': b'-- Configuring done\n'}
[4.790053] (vehicle_controller) StdoutLine: {'line': b'-- Generating done\n'}
[4.811682] (vehicle_controller) StdoutLine: {'line': b'-- Build files have been written to: /home/wowjw/Project/Automobile/Phase4/ros2_ws/build/vehicle_controller\n'}
[4.816486] (-) TimerEvent: {}
[4.841366] (vehicle_controller) CommandEnded: {'returncode': 0}
[4.843271] (vehicle_controller) JobProgress: {'identifier': 'vehicle_controller', 'progress': 'build'}
[4.844342] (vehicle_controller) Command: {'cmd': ['/usr/bin/cmake', '--build', '/home/wowjw/Project/Automobile/Phase4/ros2_ws/build/vehicle_controller', '--', '-j6', '-l6'], 'cwd': '/home/wowjw/Project/Automobile/Phase4/ros2_ws/build/vehicle_controller', 'env': OrderedDict([('LESSOPEN', '| /usr/bin/lesspipe %s'), ('USER', 'wowjw'), ('SSH_CLIENT', '192.168.0.161 59356 22'), ('XDG_SESSION_TYPE', 'tty'), ('GIT_ASKPASS', '/home/wowjw/.vscode-server/cli/servers/Stable-110a328ea54b42367b803ec53ee0bf52ef26b419/server/extensions/git/dist/askpass.sh'), ('SHLVL', '1'), ('LD_LIBRARY_PATH', '/home/wowjw/Project/Automobile/Phase4/ros2_ws/install/vehicle_interface/lib:/home/wowjw/Project/Automobile/Phase4/ros2_ws/install/vehicle_controller/lib:/home/wowjw/Project/Automobile/Phase4/install/vehicle_controller/lib:/home/wowjw/Project/Automobile/Phase4/install/vehicle_interface/lib:/usr/local/cuda-12.6/lib64:/opt/ros/humble/opt/rviz_ogre_vendor/lib:/opt/ros/humble/lib/aarch64-linux-gnu:/opt/ros/humble/lib:/usr/local/cuda-12.6/lib64'), ('BROWSER', '/home/wowjw/.vscode-server/cli/servers/Stable-110a328ea54b42367b803ec53ee0bf52ef26b419/server/bin/helpers/browser.sh'), ('MOTD_SHOWN', 'pam'), ('HOME', '/home/wowjw'), ('OLDPWD', '/home/wowjw/Project/Automobile/Phase4'), ('TERM_PROGRAM_VERSION', '1.134.0'), ('VSCODE_IPC_HOOK_CLI', '/run/user/1000/vscode-ipc-4255334a-044f-4380-98d5-9c857eb0149d.sock'), ('ROS_PYTHON_VERSION', '3'), ('VSCODE_GIT_ASKPASS_MAIN', '/home/wowjw/.vscode-server/cli/servers/Stable-110a328ea54b42367b803ec53ee0bf52ef26b419/server/extensions/git/dist/askpass-main.js'), ('PS1', '\\[\x1b]633;A\x07\\]\\[\\e[32m\\]\\u@\\h\\[\\e[m\\]:\\[\\e[34m\\]\\w\\[\\e[33m\\]$(parse_git_branch)\\[\\e[m\\]$ \\[\x1b]633;B\x07\\]'), ('VSCODE_GIT_ASKPASS_NODE', '/home/wowjw/.vscode-server/cli/servers/Stable-110a328ea54b42367b803ec53ee0bf52ef26b419/server/node'), ('VSCODE_PYTHON_AUTOACTIVATE_GUARD', '1'), ('DBUS_SESSION_BUS_ADDRESS', 'unix:path=/run/user/1000/bus'), ('COLORTERM', 'truecolor'), ('COLCON_PREFIX_PATH', '/home/wowjw/Project/Automobile/Phase4/ros2_ws/install:/home/wowjw/Project/Automobile/Phase4/install'), ('ROS_DISTRO', 'humble'), ('LOGNAME', 'wowjw'), ('_', '/usr/bin/colcon'), ('ROS_VERSION', '2'), ('XDG_SESSION_CLASS', 'user'), ('TERM', 'xterm-256color'), ('XDG_SESSION_ID', '2'), ('ROS_LOCALHOST_ONLY', '0'), ('PATH', '/usr/local/cuda-12.6/bin:/home/wowjw/.vscode-server/data/User/globalStorage/github.copilot-chat/debugCommand:/home/wowjw/.vscode-server/data/User/globalStorage/github.copilot-chat/copilotCli:/home/wowjw/.vscode-server/cli/servers/Stable-110a328ea54b42367b803ec53ee0bf52ef26b419/server/bin/remote-cli:/home/wowjw/.local/bin:/opt/ros/humble/bin:/usr/local/cuda-12.6/bin:/usr/local/sbin:/usr/local/bin:/usr/sbin:/usr/bin:/sbin:/bin:/usr/games:/usr/local/games:/snap/bin'), ('XDG_RUNTIME_DIR', '/run/user/1000'), ('LANG', 'en_US.UTF-8'), ('LS_COLORS', 'rs=0:di=01;34:ln=01;36:mh=00:pi=40;33:so=01;35:do=01;35:bd=40;33;01:cd=40;33;01:or=40;31;01:mi=00:su=37;41:sg=30;43:ca=30;41:tw=30;42:ow=34;42:st=37;44:ex=01;32:*.tar=01;31:*.tgz=01;31:*.arc=01;31:*.arj=01;31:*.taz=01;31:*.lha=01;31:*.lz4=01;31:*.lzh=01;31:*.lzma=01;31:*.tlz=01;31:*.txz=01;31:*.tzo=01;31:*.t7z=01;31:*.zip=01;31:*.z=01;31:*.dz=01;31:*.gz=01;31:*.lrz=01;31:*.lz=01;31:*.lzo=01;31:*.xz=01;31:*.zst=01;31:*.tzst=01;31:*.bz2=01;31:*.bz=01;31:*.tbz=01;31:*.tbz2=01;31:*.tz=01;31:*.deb=01;31:*.rpm=01;31:*.jar=01;31:*.war=01;31:*.ear=01;31:*.sar=01;31:*.rar=01;31:*.alz=01;31:*.ace=01;31:*.zoo=01;31:*.cpio=01;31:*.7z=01;31:*.rz=01;31:*.cab=01;31:*.wim=01;31:*.swm=01;31:*.dwm=01;31:*.esd=01;31:*.jpg=01;35:*.jpeg=01;35:*.mjpg=01;35:*.mjpeg=01;35:*.gif=01;35:*.bmp=01;35:*.pbm=01;35:*.pgm=01;35:*.ppm=01;35:*.tga=01;35:*.xbm=01;35:*.xpm=01;35:*.tif=01;35:*.tiff=01;35:*.png=01;35:*.svg=01;35:*.svgz=01;35:*.mng=01;35:*.pcx=01;35:*.mov=01;35:*.mpg=01;35:*.mpeg=01;35:*.m2v=01;35:*.mkv=01;35:*.webm=01;35:*.webp=01;35:*.ogm=01;35:*.mp4=01;35:*.m4v=01;35:*.mp4v=01;35:*.vob=01;35:*.qt=01;35:*.nuv=01;35:*.wmv=01;35:*.asf=01;35:*.rm=01;35:*.rmvb=01;35:*.flc=01;35:*.avi=01;35:*.fli=01;35:*.flv=01;35:*.gl=01;35:*.dl=01;35:*.xcf=01;35:*.xwd=01;35:*.yuv=01;35:*.cgm=01;35:*.emf=01;35:*.ogv=01;35:*.ogx=01;35:*.aac=00;36:*.au=00;36:*.flac=00;36:*.m4a=00;36:*.mid=00;36:*.midi=00;36:*.mka=00;36:*.mp3=00;36:*.mpc=00;36:*.ogg=00;36:*.ra=00;36:*.wav=00;36:*.oga=00;36:*.opus=00;36:*.spx=00;36:*.xspf=00;36:'), ('VSCODE_GIT_IPC_HANDLE', '/run/user/1000/vscode-git-c1ac1f4f39.sock'), ('TERM_PROGRAM', 'vscode'), ('AMENT_PREFIX_PATH', '/home/wowjw/Project/Automobile/Phase4/ros2_ws/install/vehicle_controller:/home/wowjw/Project/Automobile/Phase4/ros2_ws/install/vehicle_interface:/home/wowjw/Project/Automobile/Phase4/install/vehicle_controller:/home/wowjw/Project/Automobile/Phase4/install/vehicle_interface:/opt/ros/humble'), ('SHELL', '/bin/bash'), ('LESSCLOSE', '/usr/bin/lesspipe %s %s'), ('VSCODE_GIT_ASKPASS_EXTRA_ARGS', ''), ('PWD', '/home/wowjw/Project/Automobile/Phase4/ros2_ws/build/vehicle_controller'), ('LC_ALL', 'en_US.UTF-8'), ('COPILOT_DEBUG_NONCE', '9fb98c99a0663c7f3298287e6ff935d5'), ('SSH_CONNECTION', '192.168.0.161 59356 192.168.0.133 22'), ('XDG_DATA_DIRS', '/usr/share/gnome:/usr/local/share:/usr/share:/var/lib/snapd/desktop'), ('PYTHONPATH', '/home/wowjw/Project/Automobile/Phase4/ros2_ws/install/vehicle_interface/local/lib/python3.10/dist-packages:/home/wowjw/Project/Automobile/Phase4/install/vehicle_interface/local/lib/python3.10/dist-packages:/opt/ros/humble/lib/python3.10/site-packages:/opt/ros/humble/local/lib/python3.10/dist-packages'), ('COLCON', '1'), ('CMAKE_PREFIX_PATH', '/home/wowjw/Project/Automobile/Phase4/ros2_ws/install/vehicle_interface:/home/wowjw/Project/Automobile/Phase4/ros2_ws/install/vehicle_controller:/home/wowjw/Project/Automobile/Phase4/install/vehicle_controller:/home/wowjw/Project/Automobile/Phase4/install/vehicle_interface:/opt/ros/humble')]), 'shell': False}
[4.916725] (-) TimerEvent: {}
[4.926678] (vehicle_controller) StdoutLine: {'line': b'[  2%] \x1b[34m\x1b[1mGenerating C code for ROS interfaces\x1b[0m\n'}
[4.940856] (vehicle_controller) StdoutLine: {'line': b'[  5%] \x1b[34m\x1b[1mGenerating C++ code for ROS interfaces\x1b[0m\n'}
[4.956643] (vehicle_controller) StdoutLine: {'line': b'[  5%] Built target ament_cmake_python_copy_vehicle_controller\n'}
[5.016870] (-) TimerEvent: {}
[5.117477] (-) TimerEvent: {}
[5.219246] (-) TimerEvent: {}
[5.319869] (-) TimerEvent: {}
[5.406393] (vehicle_controller) StdoutLine: {'line': b'[  8%] \x1b[32mBuilding C object CMakeFiles/vehicle_controller__rosidl_generator_c.dir/rosidl_generator_c/vehicle_controller/msg/detail/vehicle_pose__functions.c.o\x1b[0m\n'}
[5.407105] (vehicle_controller) StdoutLine: {'line': b'[  8%] Built target vehicle_controller__cpp\n'}
[5.420017] (-) TimerEvent: {}
[5.425110] (vehicle_controller) StdoutLine: {'line': b'[ 14%] \x1b[34m\x1b[1mGenerating C++ type support for eProsima Fast-RTPS\x1b[0m\n'}
[5.425615] (vehicle_controller) StdoutLine: {'line': b'[ 14%] \x1b[34m\x1b[1mGenerating C++ type support dispatch for ROS interfaces\x1b[0m\n'}
[5.425909] (vehicle_controller) StdoutLine: {'line': b'[ 17%] \x1b[34m\x1b[1mGenerating C++ introspection for ROS interfaces\x1b[0m\n'}
[5.442177] (vehicle_controller) StdoutLine: {'line': b'running egg_info\n'}
[5.443684] (vehicle_controller) StdoutLine: {'line': b'creating vehicle_controller.egg-info\n'}
[5.444195] (vehicle_controller) StdoutLine: {'line': b'writing vehicle_controller.egg-info/PKG-INFO\n'}
[5.444522] (vehicle_controller) StdoutLine: {'line': b'writing dependency_links to vehicle_controller.egg-info/dependency_links.txt\n'}
[5.444870] (vehicle_controller) StdoutLine: {'line': b'writing top-level names to vehicle_controller.egg-info/top_level.txt\n'}
[5.445455] (vehicle_controller) StdoutLine: {'line': b"writing manifest file 'vehicle_controller.egg-info/SOURCES.txt'\n"}
[5.450515] (vehicle_controller) StdoutLine: {'line': b"reading manifest file 'vehicle_controller.egg-info/SOURCES.txt'\n"}
[5.451572] (vehicle_controller) StdoutLine: {'line': b"writing manifest file 'vehicle_controller.egg-info/SOURCES.txt'\n"}
[5.506474] (vehicle_controller) StdoutLine: {'line': b'[ 20%] \x1b[32m\x1b[1mLinking C shared library libvehicle_controller__rosidl_generator_c.so\x1b[0m\n'}
[5.520205] (-) TimerEvent: {}
[5.537285] (vehicle_controller) StdoutLine: {'line': b'[ 20%] Built target ament_cmake_python_build_vehicle_controller_egg\n'}
[5.572671] (vehicle_controller) StdoutLine: {'line': b'[ 20%] Built target vehicle_controller__rosidl_generator_c\n'}
[5.590860] (vehicle_controller) StdoutLine: {'line': b'[ 29%] \x1b[34m\x1b[1mGenerating C type support dispatch for ROS interfaces\x1b[0m\n'}
[5.591469] (vehicle_controller) StdoutLine: {'line': b'[ 29%] \x1b[34m\x1b[1mGenerating C type support for eProsima Fast-RTPS\x1b[0m\n'}
[5.591698] (vehicle_controller) StdoutLine: {'line': b'[ 29%] \x1b[34m\x1b[1mGenerating C introspection for ROS interfaces\x1b[0m\n'}
[5.620379] (-) TimerEvent: {}
[5.721029] (-) TimerEvent: {}
[5.821711] (-) TimerEvent: {}
[5.852214] (vehicle_controller) StdoutLine: {'line': b'[ 32%] \x1b[32mBuilding CXX object CMakeFiles/vehicle_controller__rosidl_typesupport_cpp.dir/rosidl_typesupport_cpp/vehicle_controller/msg/vehicle_pose__type_support.cpp.o\x1b[0m\n'}
[5.900619] (vehicle_controller) StdoutLine: {'line': b'[ 35%] \x1b[32mBuilding CXX object CMakeFiles/vehicle_controller__rosidl_typesupport_introspection_cpp.dir/rosidl_typesupport_introspection_cpp/vehicle_controller/msg/detail/vehicle_pose__type_support.cpp.o\x1b[0m\n'}
[5.921892] (-) TimerEvent: {}
[5.927807] (vehicle_controller) StdoutLine: {'line': b'[ 38%] \x1b[32mBuilding CXX object CMakeFiles/vehicle_controller__rosidl_typesupport_fastrtps_cpp.dir/rosidl_typesupport_fastrtps_cpp/vehicle_controller/msg/detail/dds_fastrtps/vehicle_pose__type_support.cpp.o\x1b[0m\n'}
[6.019243] (vehicle_controller) StdoutLine: {'line': b'[ 41%] \x1b[32mBuilding CXX object CMakeFiles/vehicle_controller__rosidl_typesupport_c.dir/rosidl_typesupport_c/vehicle_controller/msg/vehicle_pose__type_support.cpp.o\x1b[0m\n'}
[6.022071] (-) TimerEvent: {}
[6.077867] (vehicle_controller) StdoutLine: {'line': b'[ 44%] \x1b[32m\x1b[1mLinking CXX shared library libvehicle_controller__rosidl_typesupport_c.so\x1b[0m\n'}
[6.080737] (vehicle_controller) StdoutLine: {'line': b'[ 47%] \x1b[32mBuilding C object CMakeFiles/vehicle_controller__rosidl_typesupport_introspection_c.dir/rosidl_typesupport_introspection_c/vehicle_controller/msg/detail/vehicle_pose__type_support.c.o\x1b[0m\n'}
[6.122302] (-) TimerEvent: {}
[6.127075] (vehicle_controller) StdoutLine: {'line': b'[ 50%] \x1b[32mBuilding CXX object CMakeFiles/vehicle_controller__rosidl_typesupport_fastrtps_c.dir/rosidl_typesupport_fastrtps_c/vehicle_controller/msg/detail/vehicle_pose__type_support_c.cpp.o\x1b[0m\n'}
[6.147209] (vehicle_controller) StdoutLine: {'line': b'[ 50%] Built target vehicle_controller__rosidl_typesupport_c\n'}
[6.159912] (vehicle_controller) StdoutLine: {'line': b'[ 52%] \x1b[32m\x1b[1mLinking C shared library libvehicle_controller__rosidl_typesupport_introspection_c.so\x1b[0m\n'}
[6.215756] (vehicle_controller) StdoutLine: {'line': b'[ 52%] Built target vehicle_controller__rosidl_typesupport_introspection_c\n'}
[6.222495] (-) TimerEvent: {}
[6.323207] (-) TimerEvent: {}
[6.382924] (vehicle_controller) StdoutLine: {'line': b'[ 55%] \x1b[32m\x1b[1mLinking CXX shared library libvehicle_controller__rosidl_typesupport_cpp.so\x1b[0m\n'}
[6.423423] (-) TimerEvent: {}
[6.452168] (vehicle_controller) StdoutLine: {'line': b'[ 55%] Built target vehicle_controller__rosidl_typesupport_cpp\n'}
[6.523602] (-) TimerEvent: {}
[6.624303] (-) TimerEvent: {}
[6.646691] (vehicle_controller) StdoutLine: {'line': b'[ 58%] \x1b[32m\x1b[1mLinking CXX shared library libvehicle_controller__rosidl_typesupport_introspection_cpp.so\x1b[0m\n'}
[6.714849] (vehicle_controller) StdoutLine: {'line': b'[ 61%] \x1b[32m\x1b[1mLinking CXX shared library libvehicle_controller__rosidl_typesupport_fastrtps_cpp.so\x1b[0m\n'}
[6.721775] (vehicle_controller) StdoutLine: {'line': b'[ 61%] Built target vehicle_controller__rosidl_typesupport_introspection_cpp\n'}
[6.724392] (-) TimerEvent: {}
[6.774538] (vehicle_controller) StdoutLine: {'line': b'[ 64%] \x1b[32m\x1b[1mLinking CXX shared library libvehicle_controller__rosidl_typesupport_fastrtps_c.so\x1b[0m\n'}
[6.824615] (-) TimerEvent: {}
[6.863938] (vehicle_controller) StdoutLine: {'line': b'[ 64%] Built target vehicle_controller__rosidl_typesupport_fastrtps_cpp\n'}
[6.917062] (vehicle_controller) StdoutLine: {'line': b'[ 64%] Built target vehicle_controller__rosidl_typesupport_fastrtps_c\n'}
[6.924748] (-) TimerEvent: {}
[6.957955] (vehicle_controller) StdoutLine: {'line': b'[ 64%] Built target vehicle_controller\n'}
[6.995060] (vehicle_controller) StdoutLine: {'line': b'[ 73%] \x1b[32mBuilding CXX object CMakeFiles/vehicle_controller_node.dir/src/main.cpp.o\x1b[0m\n'}
[6.995572] (vehicle_controller) StdoutLine: {'line': b'[ 73%] \x1b[34m\x1b[1mGenerating Python code for ROS interfaces\x1b[0m\n'}
[6.995758] (vehicle_controller) StdoutLine: {'line': b'[ 73%] \x1b[32mBuilding CXX object CMakeFiles/vehicle_controller_node.dir/src/Vehicle_Ctrl_Node.cpp.o\x1b[0m\n'}
[7.024912] (-) TimerEvent: {}
[7.125503] (-) TimerEvent: {}
[7.226121] (-) TimerEvent: {}
[7.326750] (-) TimerEvent: {}
[7.427390] (-) TimerEvent: {}
[7.528034] (-) TimerEvent: {}
[7.551826] (vehicle_controller) StdoutLine: {'line': b'[ 73%] Built target vehicle_controller__py\n'}
[7.595077] (vehicle_controller) StdoutLine: {'line': b'[ 76%] \x1b[32mBuilding C object CMakeFiles/vehicle_controller__rosidl_generator_py.dir/rosidl_generator_py/vehicle_controller/msg/_vehicle_pose_s.c.o\x1b[0m\n'}
[7.628225] (-) TimerEvent: {}
[7.728952] (-) TimerEvent: {}
[7.776881] (vehicle_controller) StdoutLine: {'line': b'[ 79%] \x1b[32m\x1b[1mLinking C shared library rosidl_generator_py/vehicle_controller/libvehicle_controller__rosidl_generator_py.so\x1b[0m\n'}
[7.829130] (-) TimerEvent: {}
[7.851084] (vehicle_controller) StdoutLine: {'line': b'[ 79%] Built target vehicle_controller__rosidl_generator_py\n'}
[7.890407] (vehicle_controller) StdoutLine: {'line': b'[ 88%] \x1b[32mBuilding C object CMakeFiles/vehicle_controller__rosidl_typesupport_introspection_c__pyext.dir/rosidl_generator_py/vehicle_controller/_vehicle_controller_s.ep.rosidl_typesupport_introspection_c.c.o\x1b[0m\n'}
[7.890890] (vehicle_controller) StdoutLine: {'line': b'[ 88%] \x1b[32mBuilding C object CMakeFiles/vehicle_controller__rosidl_typesupport_fastrtps_c__pyext.dir/rosidl_generator_py/vehicle_controller/_vehicle_controller_s.ep.rosidl_typesupport_fastrtps_c.c.o\x1b[0m\n'}
[7.891232] (vehicle_controller) StdoutLine: {'line': b'[ 88%] \x1b[32mBuilding C object CMakeFiles/vehicle_controller__rosidl_typesupport_c__pyext.dir/rosidl_generator_py/vehicle_controller/_vehicle_controller_s.ep.rosidl_typesupport_c.c.o\x1b[0m\n'}
[7.929328] (-) TimerEvent: {}
[8.030073] (-) TimerEvent: {}
[8.057411] (vehicle_controller) StdoutLine: {'line': b'[ 91%] \x1b[32m\x1b[1mLinking C shared library rosidl_generator_py/vehicle_controller/vehicle_controller_s__rosidl_typesupport_c.cpython-310-aarch64-linux-gnu.so\x1b[0m\n'}
[8.065656] (vehicle_controller) StdoutLine: {'line': b'[ 94%] \x1b[32m\x1b[1mLinking C shared library rosidl_generator_py/vehicle_controller/vehicle_controller_s__rosidl_typesupport_introspection_c.cpython-310-aarch64-linux-gnu.so\x1b[0m\n'}
[8.074740] (vehicle_controller) StdoutLine: {'line': b'[ 97%] \x1b[32m\x1b[1mLinking C shared library rosidl_generator_py/vehicle_controller/vehicle_controller_s__rosidl_typesupport_fastrtps_c.cpython-310-aarch64-linux-gnu.so\x1b[0m\n'}
[8.119900] (vehicle_controller) StdoutLine: {'line': b'[ 97%] Built target vehicle_controller__rosidl_typesupport_c__pyext\n'}
[8.130275] (-) TimerEvent: {}
[8.135763] (vehicle_controller) StdoutLine: {'line': b'[ 97%] Built target vehicle_controller__rosidl_typesupport_introspection_c__pyext\n'}
[8.141417] (vehicle_controller) StdoutLine: {'line': b'[ 97%] Built target vehicle_controller__rosidl_typesupport_fastrtps_c__pyext\n'}
[8.230448] (-) TimerEvent: {}
[8.331142] (-) TimerEvent: {}
[8.431864] (-) TimerEvent: {}
[8.532550] (-) TimerEvent: {}
[8.633219] (-) TimerEvent: {}
[8.733885] (-) TimerEvent: {}
[8.834545] (-) TimerEvent: {}
[8.935247] (-) TimerEvent: {}
[9.035943] (-) TimerEvent: {}
[9.136628] (-) TimerEvent: {}
[9.237309] (-) TimerEvent: {}
[9.337980] (-) TimerEvent: {}
[9.438682] (-) TimerEvent: {}
[9.539387] (-) TimerEvent: {}
[9.640089] (-) TimerEvent: {}
[9.740804] (-) TimerEvent: {}
[9.841489] (-) TimerEvent: {}
[9.942181] (-) TimerEvent: {}
[10.042895] (-) TimerEvent: {}
[10.143700] (-) TimerEvent: {}
[10.244384] (-) TimerEvent: {}
[10.345071] (-) TimerEvent: {}
[10.445761] (-) TimerEvent: {}
[10.546447] (-) TimerEvent: {}
[10.647175] (-) TimerEvent: {}
[10.747882] (-) TimerEvent: {}
[10.848559] (-) TimerEvent: {}
[10.949255] (-) TimerEvent: {}
[11.049941] (-) TimerEvent: {}
[11.150621] (-) TimerEvent: {}
[11.251307] (-) TimerEvent: {}
[11.352020] (-) TimerEvent: {}
[11.452720] (-) TimerEvent: {}
[11.553395] (-) TimerEvent: {}
[11.654078] (-) TimerEvent: {}
[11.754767] (-) TimerEvent: {}
[11.855489] (-) TimerEvent: {}
[11.956183] (-) TimerEvent: {}
[12.056876] (-) TimerEvent: {}
[12.157563] (-) TimerEvent: {}
[12.258250] (-) TimerEvent: {}
[12.358938] (-) TimerEvent: {}
[12.459680] (-) TimerEvent: {}
[12.560369] (-) TimerEvent: {}
[12.661045] (-) TimerEvent: {}
[12.761741] (-) TimerEvent: {}
[12.862432] (-) TimerEvent: {}
[12.963119] (-) TimerEvent: {}
[13.063861] (-) TimerEvent: {}
[13.164538] (-) TimerEvent: {}
[13.265206] (-) TimerEvent: {}
[13.365880] (-) TimerEvent: {}
[13.466567] (-) TimerEvent: {}
[13.567236] (-) TimerEvent: {}
[13.667912] (-) TimerEvent: {}
[13.768578] (-) TimerEvent: {}
[13.869244] (-) TimerEvent: {}
[13.969915] (-) TimerEvent: {}
[14.070589] (-) TimerEvent: {}
[14.171265] (-) TimerEvent: {}
[14.271947] (-) TimerEvent: {}
[14.372617] (-) TimerEvent: {}
[14.473280] (-) TimerEvent: {}
[14.573949] (-) TimerEvent: {}
[14.674623] (-) TimerEvent: {}
[14.775300] (-) TimerEvent: {}
[14.876005] (-) TimerEvent: {}
[14.976681] (-) TimerEvent: {}
[15.077345] (-) TimerEvent: {}
[15.177999] (-) TimerEvent: {}
[15.278654] (-) TimerEvent: {}
[15.379323] (-) TimerEvent: {}
[15.480009] (-) TimerEvent: {}
[15.580681] (-) TimerEvent: {}
[15.681344] (-) TimerEvent: {}
[15.782011] (-) TimerEvent: {}
[15.882686] (-) TimerEvent: {}
[15.983382] (-) TimerEvent: {}
[16.084060] (-) TimerEvent: {}
[16.184732] (-) TimerEvent: {}
[16.285400] (-) TimerEvent: {}
[16.386077] (-) TimerEvent: {}
[16.486733] (-) TimerEvent: {}
[16.587424] (-) TimerEvent: {}
[16.688083] (-) TimerEvent: {}
[16.788756] (-) TimerEvent: {}
[16.889419] (-) TimerEvent: {}
[16.990092] (-) TimerEvent: {}
[17.090759] (-) TimerEvent: {}
[17.191461] (-) TimerEvent: {}
[17.292115] (-) TimerEvent: {}
[17.392787] (-) TimerEvent: {}
[17.493444] (-) TimerEvent: {}
[17.594108] (-) TimerEvent: {}
[17.694772] (-) TimerEvent: {}
[17.795462] (-) TimerEvent: {}
[17.896124] (-) TimerEvent: {}
[17.996800] (-) TimerEvent: {}
[18.097460] (-) TimerEvent: {}
[18.198120] (-) TimerEvent: {}
[18.298779] (-) TimerEvent: {}
[18.399468] (-) TimerEvent: {}
[18.500133] (-) TimerEvent: {}
[18.600793] (-) TimerEvent: {}
[18.701473] (-) TimerEvent: {}
[18.802138] (-) TimerEvent: {}
[18.902813] (-) TimerEvent: {}
[19.003513] (-) TimerEvent: {}
[19.104216] (-) TimerEvent: {}
[19.204903] (-) TimerEvent: {}
[19.305571] (-) TimerEvent: {}
[19.406237] (-) TimerEvent: {}
[19.506911] (-) TimerEvent: {}
[19.607622] (-) TimerEvent: {}
[19.708298] (-) TimerEvent: {}
[19.808971] (-) TimerEvent: {}
[19.909597] (-) TimerEvent: {}
[20.010214] (-) TimerEvent: {}
[20.110860] (-) TimerEvent: {}
[20.211499] (-) TimerEvent: {}
[20.312133] (-) TimerEvent: {}
[20.412778] (-) TimerEvent: {}
[20.513404] (-) TimerEvent: {}
[20.614041] (-) TimerEvent: {}
[20.714692] (-) TimerEvent: {}
[20.815370] (-) TimerEvent: {}
[20.916009] (-) TimerEvent: {}
[21.016638] (-) TimerEvent: {}
[21.117257] (-) TimerEvent: {}
[21.217879] (-) TimerEvent: {}
[21.318507] (-) TimerEvent: {}
[21.419146] (-) TimerEvent: {}
[21.519815] (-) TimerEvent: {}
[21.620436] (-) TimerEvent: {}
[21.721065] (-) TimerEvent: {}
[21.821708] (-) TimerEvent: {}
[21.922370] (-) TimerEvent: {}
[22.023022] (-) TimerEvent: {}
[22.123688] (-) TimerEvent: {}
[22.224349] (-) TimerEvent: {}
[22.324988] (-) TimerEvent: {}
[22.425619] (-) TimerEvent: {}
[22.526246] (-) TimerEvent: {}
[22.626865] (-) TimerEvent: {}
[22.727501] (-) TimerEvent: {}
[22.828140] (-) TimerEvent: {}
[22.928775] (-) TimerEvent: {}
[23.029411] (-) TimerEvent: {}
[23.130050] (-) TimerEvent: {}
[23.230685] (-) TimerEvent: {}
[23.331320] (-) TimerEvent: {}
[23.431981] (-) TimerEvent: {}
[23.532607] (-) TimerEvent: {}
[23.633257] (-) TimerEvent: {}
[23.733898] (-) TimerEvent: {}
[23.834523] (-) TimerEvent: {}
[23.935168] (-) TimerEvent: {}
[24.035825] (-) TimerEvent: {}
[24.136452] (-) TimerEvent: {}
[24.237085] (-) TimerEvent: {}
[24.337723] (-) TimerEvent: {}
[24.438366] (-) TimerEvent: {}
[24.539010] (-) TimerEvent: {}
[24.639691] (-) TimerEvent: {}
[24.740366] (-) TimerEvent: {}
[24.841016] (-) TimerEvent: {}
[24.941672] (-) TimerEvent: {}
[25.042308] (-) TimerEvent: {}
[25.142951] (-) TimerEvent: {}
[25.243628] (-) TimerEvent: {}
[25.344258] (-) TimerEvent: {}
[25.444909] (-) TimerEvent: {}
[25.545542] (-) TimerEvent: {}
[25.646186] (-) TimerEvent: {}
[25.746833] (-) TimerEvent: {}
[25.847506] (-) TimerEvent: {}
[25.948137] (-) TimerEvent: {}
[26.048760] (-) TimerEvent: {}
[26.149422] (-) TimerEvent: {}
[26.250074] (-) TimerEvent: {}
[26.350724] (-) TimerEvent: {}
[26.451393] (-) TimerEvent: {}
[26.552037] (-) TimerEvent: {}
[26.652689] (-) TimerEvent: {}
[26.753355] (-) TimerEvent: {}
[26.854006] (-) TimerEvent: {}
[26.954670] (-) TimerEvent: {}
[27.055373] (-) TimerEvent: {}
[27.156057] (-) TimerEvent: {}
[27.256704] (-) TimerEvent: {}
[27.357354] (-) TimerEvent: {}
[27.457977] (-) TimerEvent: {}
[27.558595] (-) TimerEvent: {}
[27.659256] (-) TimerEvent: {}
[27.759963] (-) TimerEvent: {}
[27.860722] (-) TimerEvent: {}
[27.961358] (-) TimerEvent: {}
[28.061978] (-) TimerEvent: {}
[28.162597] (-) TimerEvent: {}
[28.263232] (-) TimerEvent: {}
[28.363889] (-) TimerEvent: {}
[28.464526] (-) TimerEvent: {}
[28.565156] (-) TimerEvent: {}
[28.665793] (-) TimerEvent: {}
[28.766438] (-) TimerEvent: {}
[28.867078] (-) TimerEvent: {}
[28.967750] (-) TimerEvent: {}
[29.068423] (-) TimerEvent: {}
[29.169129] (-) TimerEvent: {}
[29.269797] (-) TimerEvent: {}
[29.370484] (-) TimerEvent: {}
[29.471163] (-) TimerEvent: {}
[29.565891] (vehicle_controller) StdoutLine: {'line': b'[100%] \x1b[32m\x1b[1mLinking CXX executable vehicle_controller_node\x1b[0m\n'}
[29.571286] (-) TimerEvent: {}
[29.671909] (-) TimerEvent: {}
[29.772597] (-) TimerEvent: {}
[29.873323] (-) TimerEvent: {}
[29.974008] (-) TimerEvent: {}
[30.074648] (-) TimerEvent: {}
[30.175261] (-) TimerEvent: {}
[30.275900] (-) TimerEvent: {}
[30.376563] (-) TimerEvent: {}
[30.478589] (-) TimerEvent: {}
[30.579264] (-) TimerEvent: {}
[30.609449] (vehicle_controller) StdoutLine: {'line': b'[100%] Built target vehicle_controller_node\n'}
[30.636499] (vehicle_controller) CommandEnded: {'returncode': 0}
[30.639000] (vehicle_controller) JobProgress: {'identifier': 'vehicle_controller', 'progress': 'install'}
[30.639936] (vehicle_controller) Command: {'cmd': ['/usr/bin/cmake', '--install', '/home/wowjw/Project/Automobile/Phase4/ros2_ws/build/vehicle_controller'], 'cwd': '/home/wowjw/Project/Automobile/Phase4/ros2_ws/build/vehicle_controller', 'env': OrderedDict([('LESSOPEN', '| /usr/bin/lesspipe %s'), ('USER', 'wowjw'), ('SSH_CLIENT', '192.168.0.161 59356 22'), ('XDG_SESSION_TYPE', 'tty'), ('GIT_ASKPASS', '/home/wowjw/.vscode-server/cli/servers/Stable-110a328ea54b42367b803ec53ee0bf52ef26b419/server/extensions/git/dist/askpass.sh'), ('SHLVL', '1'), ('LD_LIBRARY_PATH', '/home/wowjw/Project/Automobile/Phase4/ros2_ws/install/vehicle_interface/lib:/home/wowjw/Project/Automobile/Phase4/ros2_ws/install/vehicle_controller/lib:/home/wowjw/Project/Automobile/Phase4/install/vehicle_controller/lib:/home/wowjw/Project/Automobile/Phase4/install/vehicle_interface/lib:/usr/local/cuda-12.6/lib64:/opt/ros/humble/opt/rviz_ogre_vendor/lib:/opt/ros/humble/lib/aarch64-linux-gnu:/opt/ros/humble/lib:/usr/local/cuda-12.6/lib64'), ('BROWSER', '/home/wowjw/.vscode-server/cli/servers/Stable-110a328ea54b42367b803ec53ee0bf52ef26b419/server/bin/helpers/browser.sh'), ('MOTD_SHOWN', 'pam'), ('HOME', '/home/wowjw'), ('OLDPWD', '/home/wowjw/Project/Automobile/Phase4'), ('TERM_PROGRAM_VERSION', '1.134.0'), ('VSCODE_IPC_HOOK_CLI', '/run/user/1000/vscode-ipc-4255334a-044f-4380-98d5-9c857eb0149d.sock'), ('ROS_PYTHON_VERSION', '3'), ('VSCODE_GIT_ASKPASS_MAIN', '/home/wowjw/.vscode-server/cli/servers/Stable-110a328ea54b42367b803ec53ee0bf52ef26b419/server/extensions/git/dist/askpass-main.js'), ('PS1', '\\[\x1b]633;A\x07\\]\\[\\e[32m\\]\\u@\\h\\[\\e[m\\]:\\[\\e[34m\\]\\w\\[\\e[33m\\]$(parse_git_branch)\\[\\e[m\\]$ \\[\x1b]633;B\x07\\]'), ('VSCODE_GIT_ASKPASS_NODE', '/home/wowjw/.vscode-server/cli/servers/Stable-110a328ea54b42367b803ec53ee0bf52ef26b419/server/node'), ('VSCODE_PYTHON_AUTOACTIVATE_GUARD', '1'), ('DBUS_SESSION_BUS_ADDRESS', 'unix:path=/run/user/1000/bus'), ('COLORTERM', 'truecolor'), ('COLCON_PREFIX_PATH', '/home/wowjw/Project/Automobile/Phase4/ros2_ws/install:/home/wowjw/Project/Automobile/Phase4/install'), ('ROS_DISTRO', 'humble'), ('LOGNAME', 'wowjw'), ('_', '/usr/bin/colcon'), ('ROS_VERSION', '2'), ('XDG_SESSION_CLASS', 'user'), ('TERM', 'xterm-256color'), ('XDG_SESSION_ID', '2'), ('ROS_LOCALHOST_ONLY', '0'), ('PATH', '/usr/local/cuda-12.6/bin:/home/wowjw/.vscode-server/data/User/globalStorage/github.copilot-chat/debugCommand:/home/wowjw/.vscode-server/data/User/globalStorage/github.copilot-chat/copilotCli:/home/wowjw/.vscode-server/cli/servers/Stable-110a328ea54b42367b803ec53ee0bf52ef26b419/server/bin/remote-cli:/home/wowjw/.local/bin:/opt/ros/humble/bin:/usr/local/cuda-12.6/bin:/usr/local/sbin:/usr/local/bin:/usr/sbin:/usr/bin:/sbin:/bin:/usr/games:/usr/local/games:/snap/bin'), ('XDG_RUNTIME_DIR', '/run/user/1000'), ('LANG', 'en_US.UTF-8'), ('LS_COLORS', 'rs=0:di=01;34:ln=01;36:mh=00:pi=40;33:so=01;35:do=01;35:bd=40;33;01:cd=40;33;01:or=40;31;01:mi=00:su=37;41:sg=30;43:ca=30;41:tw=30;42:ow=34;42:st=37;44:ex=01;32:*.tar=01;31:*.tgz=01;31:*.arc=01;31:*.arj=01;31:*.taz=01;31:*.lha=01;31:*.lz4=01;31:*.lzh=01;31:*.lzma=01;31:*.tlz=01;31:*.txz=01;31:*.tzo=01;31:*.t7z=01;31:*.zip=01;31:*.z=01;31:*.dz=01;31:*.gz=01;31:*.lrz=01;31:*.lz=01;31:*.lzo=01;31:*.xz=01;31:*.zst=01;31:*.tzst=01;31:*.bz2=01;31:*.bz=01;31:*.tbz=01;31:*.tbz2=01;31:*.tz=01;31:*.deb=01;31:*.rpm=01;31:*.jar=01;31:*.war=01;31:*.ear=01;31:*.sar=01;31:*.rar=01;31:*.alz=01;31:*.ace=01;31:*.zoo=01;31:*.cpio=01;31:*.7z=01;31:*.rz=01;31:*.cab=01;31:*.wim=01;31:*.swm=01;31:*.dwm=01;31:*.esd=01;31:*.jpg=01;35:*.jpeg=01;35:*.mjpg=01;35:*.mjpeg=01;35:*.gif=01;35:*.bmp=01;35:*.pbm=01;35:*.pgm=01;35:*.ppm=01;35:*.tga=01;35:*.xbm=01;35:*.xpm=01;35:*.tif=01;35:*.tiff=01;35:*.png=01;35:*.svg=01;35:*.svgz=01;35:*.mng=01;35:*.pcx=01;35:*.mov=01;35:*.mpg=01;35:*.mpeg=01;35:*.m2v=01;35:*.mkv=01;35:*.webm=01;35:*.webp=01;35:*.ogm=01;35:*.mp4=01;35:*.m4v=01;35:*.mp4v=01;35:*.vob=01;35:*.qt=01;35:*.nuv=01;35:*.wmv=01;35:*.asf=01;35:*.rm=01;35:*.rmvb=01;35:*.flc=01;35:*.avi=01;35:*.fli=01;35:*.flv=01;35:*.gl=01;35:*.dl=01;35:*.xcf=01;35:*.xwd=01;35:*.yuv=01;35:*.cgm=01;35:*.emf=01;35:*.ogv=01;35:*.ogx=01;35:*.aac=00;36:*.au=00;36:*.flac=00;36:*.m4a=00;36:*.mid=00;36:*.midi=00;36:*.mka=00;36:*.mp3=00;36:*.mpc=00;36:*.ogg=00;36:*.ra=00;36:*.wav=00;36:*.oga=00;36:*.opus=00;36:*.spx=00;36:*.xspf=00;36:'), ('VSCODE_GIT_IPC_HANDLE', '/run/user/1000/vscode-git-c1ac1f4f39.sock'), ('TERM_PROGRAM', 'vscode'), ('AMENT_PREFIX_PATH', '/home/wowjw/Project/Automobile/Phase4/ros2_ws/install/vehicle_controller:/home/wowjw/Project/Automobile/Phase4/ros2_ws/install/vehicle_interface:/home/wowjw/Project/Automobile/Phase4/install/vehicle_controller:/home/wowjw/Project/Automobile/Phase4/install/vehicle_interface:/opt/ros/humble'), ('SHELL', '/bin/bash'), ('LESSCLOSE', '/usr/bin/lesspipe %s %s'), ('VSCODE_GIT_ASKPASS_EXTRA_ARGS', ''), ('PWD', '/home/wowjw/Project/Automobile/Phase4/ros2_ws/build/vehicle_controller'), ('LC_ALL', 'en_US.UTF-8'), ('COPILOT_DEBUG_NONCE', '9fb98c99a0663c7f3298287e6ff935d5'), ('SSH_CONNECTION', '192.168.0.161 59356 192.168.0.133 22'), ('XDG_DATA_DIRS', '/usr/share/gnome:/usr/local/share:/usr/share:/var/lib/snapd/desktop'), ('PYTHONPATH', '/home/wowjw/Project/Automobile/Phase4/ros2_ws/install/vehicle_interface/local/lib/python3.10/dist-packages:/home/wowjw/Project/Automobile/Phase4/install/vehicle_interface/local/lib/python3.10/dist-packages:/opt/ros/humble/lib/python3.10/site-packages:/opt/ros/humble/local/lib/python3.10/dist-packages'), ('COLCON', '1'), ('CMAKE_PREFIX_PATH', '/home/wowjw/Project/Automobile/Phase4/ros2_ws/install/vehicle_interface:/home/wowjw/Project/Automobile/Phase4/ros2_ws/install/vehicle_controller:/home/wowjw/Project/Automobile/Phase4/install/vehicle_controller:/home/wowjw/Project/Automobile/Phase4/install/vehicle_interface:/opt/ros/humble')]), 'shell': False}
[30.658413] (vehicle_controller) StdoutLine: {'line': b'-- Install configuration: ""\n'}
[30.658926] (vehicle_controller) StdoutLine: {'line': b'-- Installing: /home/wowjw/Project/Automobile/Phase4/ros2_ws/install/vehicle_controller/share/ament_index/resource_index/rosidl_interfaces/vehicle_controller\n'}
[30.659419] (vehicle_controller) StdoutLine: {'line': b'-- Installing: /home/wowjw/Project/Automobile/Phase4/ros2_ws/install/vehicle_controller/include/vehicle_controller/vehicle_controller\n'}
[30.659775] (vehicle_controller) StdoutLine: {'line': b'-- Installing: /home/wowjw/Project/Automobile/Phase4/ros2_ws/install/vehicle_controller/include/vehicle_controller/vehicle_controller/msg\n'}
[30.659995] (vehicle_controller) StdoutLine: {'line': b'-- Installing: /home/wowjw/Project/Automobile/Phase4/ros2_ws/install/vehicle_controller/include/vehicle_controller/vehicle_controller/msg/vehicle_pose.h\n'}
[30.660258] (vehicle_controller) StdoutLine: {'line': b'-- Installing: /home/wowjw/Project/Automobile/Phase4/ros2_ws/install/vehicle_controller/include/vehicle_controller/vehicle_controller/msg/detail\n'}
[30.660479] (vehicle_controller) StdoutLine: {'line': b'-- Installing: /home/wowjw/Project/Automobile/Phase4/ros2_ws/install/vehicle_controller/include/vehicle_controller/vehicle_controller/msg/detail/vehicle_pose__functions.c\n'}
[30.660710] (vehicle_controller) StdoutLine: {'line': b'-- Installing: /home/wowjw/Project/Automobile/Phase4/ros2_ws/install/vehicle_controller/include/vehicle_controller/vehicle_controller/msg/detail/vehicle_pose__struct.h\n'}
[30.660970] (vehicle_controller) StdoutLine: {'line': b'-- Installing: /home/wowjw/Project/Automobile/Phase4/ros2_ws/install/vehicle_controller/include/vehicle_controller/vehicle_controller/msg/detail/vehicle_pose__functions.h\n'}
[30.661236] (vehicle_controller) StdoutLine: {'line': b'-- Installing: /home/wowjw/Project/Automobile/Phase4/ros2_ws/install/vehicle_controller/include/vehicle_controller/vehicle_controller/msg/detail/vehicle_pose__type_support.h\n'}
[30.661480] (vehicle_controller) StdoutLine: {'line': b'-- Installing: /home/wowjw/Project/Automobile/Phase4/ros2_ws/install/vehicle_controller/include/vehicle_controller/vehicle_controller/msg/rosidl_generator_c__visibility_control.h\n'}
[30.661904] (vehicle_controller) StdoutLine: {'line': b'-- Installing: /home/wowjw/Project/Automobile/Phase4/ros2_ws/install/vehicle_controller/share/vehicle_controller/environment/library_path.sh\n'}
[30.662216] (vehicle_controller) StdoutLine: {'line': b'-- Installing: /home/wowjw/Project/Automobile/Phase4/ros2_ws/install/vehicle_controller/share/vehicle_controller/environment/library_path.dsv\n'}
[30.662640] (vehicle_controller) StdoutLine: {'line': b'-- Installing: /home/wowjw/Project/Automobile/Phase4/ros2_ws/install/vehicle_controller/lib/libvehicle_controller__rosidl_generator_c.so\n'}
[30.663332] (vehicle_controller) StdoutLine: {'line': b'-- Set runtime path of "/home/wowjw/Project/Automobile/Phase4/ros2_ws/install/vehicle_controller/lib/libvehicle_controller__rosidl_generator_c.so" to ""\n'}
[30.663704] (vehicle_controller) StdoutLine: {'line': b'-- Up-to-date: /home/wowjw/Project/Automobile/Phase4/ros2_ws/install/vehicle_controller/include/vehicle_controller/vehicle_controller\n'}
[30.663863] (vehicle_controller) StdoutLine: {'line': b'-- Up-to-date: /home/wowjw/Project/Automobile/Phase4/ros2_ws/install/vehicle_controller/include/vehicle_controller/vehicle_controller/msg\n'}
[30.664092] (vehicle_controller) StdoutLine: {'line': b'-- Installing: /home/wowjw/Project/Automobile/Phase4/ros2_ws/install/vehicle_controller/include/vehicle_controller/vehicle_controller/msg/rosidl_typesupport_fastrtps_c__visibility_control.h\n'}
[30.664248] (vehicle_controller) StdoutLine: {'line': b'-- Up-to-date: /home/wowjw/Project/Automobile/Phase4/ros2_ws/install/vehicle_controller/include/vehicle_controller/vehicle_controller/msg/detail\n'}
[30.664471] (vehicle_controller) StdoutLine: {'line': b'-- Installing: /home/wowjw/Project/Automobile/Phase4/ros2_ws/install/vehicle_controller/include/vehicle_controller/vehicle_controller/msg/detail/vehicle_pose__rosidl_typesupport_fastrtps_c.h\n'}
[30.664640] (vehicle_controller) StdoutLine: {'line': b'-- Installing: /home/wowjw/Project/Automobile/Phase4/ros2_ws/install/vehicle_controller/lib/libvehicle_controller__rosidl_typesupport_fastrtps_c.so\n'}
[30.665018] (vehicle_controller) StdoutLine: {'line': b'-- Set runtime path of "/home/wowjw/Project/Automobile/Phase4/ros2_ws/install/vehicle_controller/lib/libvehicle_controller__rosidl_typesupport_fastrtps_c.so" to ""\n'}
[30.665445] (vehicle_controller) StdoutLine: {'line': b'-- Up-to-date: /home/wowjw/Project/Automobile/Phase4/ros2_ws/install/vehicle_controller/include/vehicle_controller/vehicle_controller\n'}
[30.665685] (vehicle_controller) StdoutLine: {'line': b'-- Up-to-date: /home/wowjw/Project/Automobile/Phase4/ros2_ws/install/vehicle_controller/include/vehicle_controller/vehicle_controller/msg\n'}
[30.665910] (vehicle_controller) StdoutLine: {'line': b'-- Installing: /home/wowjw/Project/Automobile/Phase4/ros2_ws/install/vehicle_controller/include/vehicle_controller/vehicle_controller/msg/rosidl_typesupport_introspection_c__visibility_control.h\n'}
[30.666112] (vehicle_controller) StdoutLine: {'line': b'-- Up-to-date: /home/wowjw/Project/Automobile/Phase4/ros2_ws/install/vehicle_controller/include/vehicle_controller/vehicle_controller/msg/detail\n'}
[30.666320] (vehicle_controller) StdoutLine: {'line': b'-- Installing: /home/wowjw/Project/Automobile/Phase4/ros2_ws/install/vehicle_controller/include/vehicle_controller/vehicle_controller/msg/detail/vehicle_pose__rosidl_typesupport_introspection_c.h\n'}
[30.666484] (vehicle_controller) StdoutLine: {'line': b'-- Installing: /home/wowjw/Project/Automobile/Phase4/ros2_ws/install/vehicle_controller/include/vehicle_controller/vehicle_controller/msg/detail/vehicle_pose__type_support.c\n'}
[30.666634] (vehicle_controller) StdoutLine: {'line': b'-- Installing: /home/wowjw/Project/Automobile/Phase4/ros2_ws/install/vehicle_controller/lib/libvehicle_controller__rosidl_typesupport_introspection_c.so\n'}
[30.666879] (vehicle_controller) StdoutLine: {'line': b'-- Set runtime path of "/home/wowjw/Project/Automobile/Phase4/ros2_ws/install/vehicle_controller/lib/libvehicle_controller__rosidl_typesupport_introspection_c.so" to ""\n'}
[30.667122] (vehicle_controller) StdoutLine: {'line': b'-- Installing: /home/wowjw/Project/Automobile/Phase4/ros2_ws/install/vehicle_controller/lib/libvehicle_controller__rosidl_typesupport_c.so\n'}
[30.667632] (vehicle_controller) StdoutLine: {'line': b'-- Set runtime path of "/home/wowjw/Project/Automobile/Phase4/ros2_ws/install/vehicle_controller/lib/libvehicle_controller__rosidl_typesupport_c.so" to ""\n'}
[30.667963] (vehicle_controller) StdoutLine: {'line': b'-- Up-to-date: /home/wowjw/Project/Automobile/Phase4/ros2_ws/install/vehicle_controller/include/vehicle_controller/vehicle_controller\n'}
[30.668207] (vehicle_controller) StdoutLine: {'line': b'-- Up-to-date: /home/wowjw/Project/Automobile/Phase4/ros2_ws/install/vehicle_controller/include/vehicle_controller/vehicle_controller/msg\n'}
[30.668419] (vehicle_controller) StdoutLine: {'line': b'-- Up-to-date: /home/wowjw/Project/Automobile/Phase4/ros2_ws/install/vehicle_controller/include/vehicle_controller/vehicle_controller/msg/detail\n'}
[30.668569] (vehicle_controller) StdoutLine: {'line': b'-- Installing: /home/wowjw/Project/Automobile/Phase4/ros2_ws/install/vehicle_controller/include/vehicle_controller/vehicle_controller/msg/detail/vehicle_pose__type_support.hpp\n'}
[30.668710] (vehicle_controller) StdoutLine: {'line': b'-- Installing: /home/wowjw/Project/Automobile/Phase4/ros2_ws/install/vehicle_controller/include/vehicle_controller/vehicle_controller/msg/detail/vehicle_pose__struct.hpp\n'}
[30.669331] (vehicle_controller) StdoutLine: {'line': b'-- Installing: /home/wowjw/Project/Automobile/Phase4/ros2_ws/install/vehicle_controller/include/vehicle_controller/vehicle_controller/msg/detail/vehicle_pose__traits.hpp\n'}
[30.669616] (vehicle_controller) StdoutLine: {'line': b'-- Installing: /home/wowjw/Project/Automobile/Phase4/ros2_ws/install/vehicle_controller/include/vehicle_controller/vehicle_controller/msg/detail/vehicle_pose__builder.hpp\n'}
[30.669800] (vehicle_controller) StdoutLine: {'line': b'-- Installing: /home/wowjw/Project/Automobile/Phase4/ros2_ws/install/vehicle_controller/include/vehicle_controller/vehicle_controller/msg/vehicle_pose.hpp\n'}
[30.669978] (vehicle_controller) StdoutLine: {'line': b'-- Installing: /home/wowjw/Project/Automobile/Phase4/ros2_ws/install/vehicle_controller/include/vehicle_controller/vehicle_controller/msg/rosidl_generator_cpp__visibility_control.hpp\n'}
[30.670239] (vehicle_controller) StdoutLine: {'line': b'-- Up-to-date: /home/wowjw/Project/Automobile/Phase4/ros2_ws/install/vehicle_controller/include/vehicle_controller/vehicle_controller\n'}
[30.670383] (vehicle_controller) StdoutLine: {'line': b'-- Up-to-date: /home/wowjw/Project/Automobile/Phase4/ros2_ws/install/vehicle_controller/include/vehicle_controller/vehicle_controller/msg\n'}
[30.670525] (vehicle_controller) StdoutLine: {'line': b'-- Installing: /home/wowjw/Project/Automobile/Phase4/ros2_ws/install/vehicle_controller/include/vehicle_controller/vehicle_controller/msg/rosidl_typesupport_fastrtps_cpp__visibility_control.h\n'}
[30.670658] (vehicle_controller) StdoutLine: {'line': b'-- Up-to-date: /home/wowjw/Project/Automobile/Phase4/ros2_ws/install/vehicle_controller/include/vehicle_controller/vehicle_controller/msg/detail\n'}
[30.670791] (vehicle_controller) StdoutLine: {'line': b'-- Installing: /home/wowjw/Project/Automobile/Phase4/ros2_ws/install/vehicle_controller/include/vehicle_controller/vehicle_controller/msg/detail/dds_fastrtps\n'}
[30.671081] (vehicle_controller) StdoutLine: {'line': b'-- Installing: /home/wowjw/Project/Automobile/Phase4/ros2_ws/install/vehicle_controller/include/vehicle_controller/vehicle_controller/msg/detail/vehicle_pose__rosidl_typesupport_fastrtps_cpp.hpp\n'}
[30.671260] (vehicle_controller) StdoutLine: {'line': b'-- Installing: /home/wowjw/Project/Automobile/Phase4/ros2_ws/install/vehicle_controller/lib/libvehicle_controller__rosidl_typesupport_fastrtps_cpp.so\n'}
[30.671968] (vehicle_controller) StdoutLine: {'line': b'-- Set runtime path of "/home/wowjw/Project/Automobile/Phase4/ros2_ws/install/vehicle_controller/lib/libvehicle_controller__rosidl_typesupport_fastrtps_cpp.so" to ""\n'}
[30.672255] (vehicle_controller) StdoutLine: {'line': b'-- Up-to-date: /home/wowjw/Project/Automobile/Phase4/ros2_ws/install/vehicle_controller/include/vehicle_controller/vehicle_controller\n'}
[30.672442] (vehicle_controller) StdoutLine: {'line': b'-- Up-to-date: /home/wowjw/Project/Automobile/Phase4/ros2_ws/install/vehicle_controller/include/vehicle_controller/vehicle_controller/msg\n'}
[30.672629] (vehicle_controller) StdoutLine: {'line': b'-- Up-to-date: /home/wowjw/Project/Automobile/Phase4/ros2_ws/install/vehicle_controller/include/vehicle_controller/vehicle_controller/msg/detail\n'}
[30.672767] (vehicle_controller) StdoutLine: {'line': b'-- Installing: /home/wowjw/Project/Automobile/Phase4/ros2_ws/install/vehicle_controller/include/vehicle_controller/vehicle_controller/msg/detail/vehicle_pose__rosidl_typesupport_introspection_cpp.hpp\n'}
[30.672955] (vehicle_controller) StdoutLine: {'line': b'-- Installing: /home/wowjw/Project/Automobile/Phase4/ros2_ws/install/vehicle_controller/include/vehicle_controller/vehicle_controller/msg/detail/vehicle_pose__type_support.cpp\n'}
[30.673095] (vehicle_controller) StdoutLine: {'line': b'-- Installing: /home/wowjw/Project/Automobile/Phase4/ros2_ws/install/vehicle_controller/lib/libvehicle_controller__rosidl_typesupport_introspection_cpp.so\n'}
[30.673483] (vehicle_controller) StdoutLine: {'line': b'-- Set runtime path of "/home/wowjw/Project/Automobile/Phase4/ros2_ws/install/vehicle_controller/lib/libvehicle_controller__rosidl_typesupport_introspection_cpp.so" to ""\n'}
[30.673738] (vehicle_controller) StdoutLine: {'line': b'-- Installing: /home/wowjw/Project/Automobile/Phase4/ros2_ws/install/vehicle_controller/lib/libvehicle_controller__rosidl_typesupport_cpp.so\n'}
[30.674167] (vehicle_controller) StdoutLine: {'line': b'-- Set runtime path of "/home/wowjw/Project/Automobile/Phase4/ros2_ws/install/vehicle_controller/lib/libvehicle_controller__rosidl_typesupport_cpp.so" to ""\n'}
[30.674414] (vehicle_controller) StdoutLine: {'line': b'-- Installing: /home/wowjw/Project/Automobile/Phase4/ros2_ws/install/vehicle_controller/share/vehicle_controller/environment/pythonpath.sh\n'}
[30.674618] (vehicle_controller) StdoutLine: {'line': b'-- Installing: /home/wowjw/Project/Automobile/Phase4/ros2_ws/install/vehicle_controller/share/vehicle_controller/environment/pythonpath.dsv\n'}
[30.674844] (vehicle_controller) StdoutLine: {'line': b'-- Installing: /home/wowjw/Project/Automobile/Phase4/ros2_ws/install/vehicle_controller/local/lib/python3.10/dist-packages/vehicle_controller-0.0.0-py3.10.egg-info\n'}
[30.675146] (vehicle_controller) StdoutLine: {'line': b'-- Installing: /home/wowjw/Project/Automobile/Phase4/ros2_ws/install/vehicle_controller/local/lib/python3.10/dist-packages/vehicle_controller-0.0.0-py3.10.egg-info/SOURCES.txt\n'}
[30.675481] (vehicle_controller) StdoutLine: {'line': b'-- Installing: /home/wowjw/Project/Automobile/Phase4/ros2_ws/install/vehicle_controller/local/lib/python3.10/dist-packages/vehicle_controller-0.0.0-py3.10.egg-info/dependency_links.txt\n'}
[30.675684] (vehicle_controller) StdoutLine: {'line': b'-- Installing: /home/wowjw/Project/Automobile/Phase4/ros2_ws/install/vehicle_controller/local/lib/python3.10/dist-packages/vehicle_controller-0.0.0-py3.10.egg-info/top_level.txt\n'}
[30.675884] (vehicle_controller) StdoutLine: {'line': b'-- Installing: /home/wowjw/Project/Automobile/Phase4/ros2_ws/install/vehicle_controller/local/lib/python3.10/dist-packages/vehicle_controller-0.0.0-py3.10.egg-info/PKG-INFO\n'}
[30.676094] (vehicle_controller) StdoutLine: {'line': b'-- Installing: /home/wowjw/Project/Automobile/Phase4/ros2_ws/install/vehicle_controller/local/lib/python3.10/dist-packages/vehicle_controller\n'}
[30.676289] (vehicle_controller) StdoutLine: {'line': b'-- Installing: /home/wowjw/Project/Automobile/Phase4/ros2_ws/install/vehicle_controller/local/lib/python3.10/dist-packages/vehicle_controller/libvehicle_controller__rosidl_generator_py.so\n'}
[30.676531] (vehicle_controller) StdoutLine: {'line': b'-- Installing: /home/wowjw/Project/Automobile/Phase4/ros2_ws/install/vehicle_controller/local/lib/python3.10/dist-packages/vehicle_controller/_vehicle_controller_s.ep.rosidl_typesupport_introspection_c.c\n'}
[30.676761] (vehicle_controller) StdoutLine: {'line': b'-- Installing: /home/wowjw/Project/Automobile/Phase4/ros2_ws/install/vehicle_controller/local/lib/python3.10/dist-packages/vehicle_controller/vehicle_controller_s__rosidl_typesupport_introspection_c.cpython-310-aarch64-linux-gnu.so\n'}
[30.677000] (vehicle_controller) StdoutLine: {'line': b'-- Installing: /home/wowjw/Project/Automobile/Phase4/ros2_ws/install/vehicle_controller/local/lib/python3.10/dist-packages/vehicle_controller/_vehicle_controller_s.ep.rosidl_typesupport_c.c\n'}
[30.677385] (vehicle_controller) StdoutLine: {'line': b'-- Installing: /home/wowjw/Project/Automobile/Phase4/ros2_ws/install/vehicle_controller/local/lib/python3.10/dist-packages/vehicle_controller/vehicle_controller_s__rosidl_typesupport_fastrtps_c.cpython-310-aarch64-linux-gnu.so\n'}
[30.677652] (vehicle_controller) StdoutLine: {'line': b'-- Installing: /home/wowjw/Project/Automobile/Phase4/ros2_ws/install/vehicle_controller/local/lib/python3.10/dist-packages/vehicle_controller/_vehicle_controller_s.ep.rosidl_typesupport_fastrtps_c.c\n'}
[30.678034] (vehicle_controller) StdoutLine: {'line': b'-- Installing: /home/wowjw/Project/Automobile/Phase4/ros2_ws/install/vehicle_controller/local/lib/python3.10/dist-packages/vehicle_controller/vehicle_controller_s__rosidl_typesupport_c.cpython-310-aarch64-linux-gnu.so\n'}
[30.678235] (vehicle_controller) StdoutLine: {'line': b'-- Installing: /home/wowjw/Project/Automobile/Phase4/ros2_ws/install/vehicle_controller/local/lib/python3.10/dist-packages/vehicle_controller/__init__.py\n'}
[30.678456] (vehicle_controller) StdoutLine: {'line': b'-- Installing: /home/wowjw/Project/Automobile/Phase4/ros2_ws/install/vehicle_controller/local/lib/python3.10/dist-packages/vehicle_controller/msg\n'}
[30.678709] (vehicle_controller) StdoutLine: {'line': b'-- Installing: /home/wowjw/Project/Automobile/Phase4/ros2_ws/install/vehicle_controller/local/lib/python3.10/dist-packages/vehicle_controller/msg/_vehicle_pose_s.c\n'}
[30.678913] (vehicle_controller) StdoutLine: {'line': b'-- Installing: /home/wowjw/Project/Automobile/Phase4/ros2_ws/install/vehicle_controller/local/lib/python3.10/dist-packages/vehicle_controller/msg/_vehicle_pose.py\n'}
[30.679067] (vehicle_controller) StdoutLine: {'line': b'-- Installing: /home/wowjw/Project/Automobile/Phase4/ros2_ws/install/vehicle_controller/local/lib/python3.10/dist-packages/vehicle_controller/msg/__init__.py\n'}
[30.679301] (-) TimerEvent: {}
[30.740843] (vehicle_controller) StdoutLine: {'line': b"Listing '/home/wowjw/Project/Automobile/Phase4/ros2_ws/install/vehicle_controller/local/lib/python3.10/dist-packages/vehicle_controller'...\n"}
[30.741302] (vehicle_controller) StdoutLine: {'line': b"Compiling '/home/wowjw/Project/Automobile/Phase4/ros2_ws/install/vehicle_controller/local/lib/python3.10/dist-packages/vehicle_controller/__init__.py'...\n"}
[30.741473] (vehicle_controller) StdoutLine: {'line': b"Listing '/home/wowjw/Project/Automobile/Phase4/ros2_ws/install/vehicle_controller/local/lib/python3.10/dist-packages/vehicle_controller/msg'...\n"}
[30.741610] (vehicle_controller) StdoutLine: {'line': b"Compiling '/home/wowjw/Project/Automobile/Phase4/ros2_ws/install/vehicle_controller/local/lib/python3.10/dist-packages/vehicle_controller/msg/__init__.py'...\n"}
[30.741738] (vehicle_controller) StdoutLine: {'line': b"Compiling '/home/wowjw/Project/Automobile/Phase4/ros2_ws/install/vehicle_controller/local/lib/python3.10/dist-packages/vehicle_controller/msg/_vehicle_pose.py'...\n"}
[30.751768] (vehicle_controller) StdoutLine: {'line': b'-- Installing: /home/wowjw/Project/Automobile/Phase4/ros2_ws/install/vehicle_controller/local/lib/python3.10/dist-packages/vehicle_controller/vehicle_controller_s__rosidl_typesupport_fastrtps_c.cpython-310-aarch64-linux-gnu.so\n'}
[30.752214] (vehicle_controller) StdoutLine: {'line': b'-- Set runtime path of "/home/wowjw/Project/Automobile/Phase4/ros2_ws/install/vehicle_controller/local/lib/python3.10/dist-packages/vehicle_controller/vehicle_controller_s__rosidl_typesupport_fastrtps_c.cpython-310-aarch64-linux-gnu.so" to ""\n'}
[30.752547] (vehicle_controller) StdoutLine: {'line': b'-- Installing: /home/wowjw/Project/Automobile/Phase4/ros2_ws/install/vehicle_controller/local/lib/python3.10/dist-packages/vehicle_controller/vehicle_controller_s__rosidl_typesupport_introspection_c.cpython-310-aarch64-linux-gnu.so\n'}
[30.753230] (vehicle_controller) StdoutLine: {'line': b'-- Set runtime path of "/home/wowjw/Project/Automobile/Phase4/ros2_ws/install/vehicle_controller/local/lib/python3.10/dist-packages/vehicle_controller/vehicle_controller_s__rosidl_typesupport_introspection_c.cpython-310-aarch64-linux-gnu.so" to ""\n'}
[30.753645] (vehicle_controller) StdoutLine: {'line': b'-- Installing: /home/wowjw/Project/Automobile/Phase4/ros2_ws/install/vehicle_controller/local/lib/python3.10/dist-packages/vehicle_controller/vehicle_controller_s__rosidl_typesupport_c.cpython-310-aarch64-linux-gnu.so\n'}
[30.754293] (vehicle_controller) StdoutLine: {'line': b'-- Set runtime path of "/home/wowjw/Project/Automobile/Phase4/ros2_ws/install/vehicle_controller/local/lib/python3.10/dist-packages/vehicle_controller/vehicle_controller_s__rosidl_typesupport_c.cpython-310-aarch64-linux-gnu.so" to ""\n'}
[30.754523] (vehicle_controller) StdoutLine: {'line': b'-- Installing: /home/wowjw/Project/Automobile/Phase4/ros2_ws/install/vehicle_controller/lib/libvehicle_controller__rosidl_generator_py.so\n'}
[30.755188] (vehicle_controller) StdoutLine: {'line': b'-- Set runtime path of "/home/wowjw/Project/Automobile/Phase4/ros2_ws/install/vehicle_controller/lib/libvehicle_controller__rosidl_generator_py.so" to ""\n'}
[30.755560] (vehicle_controller) StdoutLine: {'line': b'-- Installing: /home/wowjw/Project/Automobile/Phase4/ros2_ws/install/vehicle_controller/share/vehicle_controller/msg/VehiclePose.idl\n'}
[30.755849] (vehicle_controller) StdoutLine: {'line': b'-- Installing: /home/wowjw/Project/Automobile/Phase4/ros2_ws/install/vehicle_controller/share/vehicle_controller/msg/VehiclePose.msg\n'}
[30.756314] (vehicle_controller) StdoutLine: {'line': b'-- Installing: /home/wowjw/Project/Automobile/Phase4/ros2_ws/install/vehicle_controller/lib/vehicle_controller/vehicle_controller_node\n'}
[30.770789] (vehicle_controller) StdoutLine: {'line': b'-- Set runtime path of "/home/wowjw/Project/Automobile/Phase4/ros2_ws/install/vehicle_controller/lib/vehicle_controller/vehicle_controller_node" to ""\n'}
[30.771372] (vehicle_controller) StdoutLine: {'line': b'-- Installing: /home/wowjw/Project/Automobile/Phase4/ros2_ws/install/vehicle_controller/share/ament_index/resource_index/package_run_dependencies/vehicle_controller\n'}
[30.771669] (vehicle_controller) StdoutLine: {'line': b'-- Installing: /home/wowjw/Project/Automobile/Phase4/ros2_ws/install/vehicle_controller/share/ament_index/resource_index/parent_prefix_path/vehicle_controller\n'}
[30.771987] (vehicle_controller) StdoutLine: {'line': b'-- Installing: /home/wowjw/Project/Automobile/Phase4/ros2_ws/install/vehicle_controller/share/vehicle_controller/environment/ament_prefix_path.sh\n'}
[30.772324] (vehicle_controller) StdoutLine: {'line': b'-- Installing: /home/wowjw/Project/Automobile/Phase4/ros2_ws/install/vehicle_controller/share/vehicle_controller/environment/ament_prefix_path.dsv\n'}
[30.772689] (vehicle_controller) StdoutLine: {'line': b'-- Installing: /home/wowjw/Project/Automobile/Phase4/ros2_ws/install/vehicle_controller/share/vehicle_controller/environment/path.sh\n'}
[30.773028] (vehicle_controller) StdoutLine: {'line': b'-- Installing: /home/wowjw/Project/Automobile/Phase4/ros2_ws/install/vehicle_controller/share/vehicle_controller/environment/path.dsv\n'}
[30.773357] (vehicle_controller) StdoutLine: {'line': b'-- Installing: /home/wowjw/Project/Automobile/Phase4/ros2_ws/install/vehicle_controller/share/vehicle_controller/local_setup.bash\n'}
[30.773685] (vehicle_controller) StdoutLine: {'line': b'-- Installing: /home/wowjw/Project/Automobile/Phase4/ros2_ws/install/vehicle_controller/share/vehicle_controller/local_setup.sh\n'}
[30.774026] (vehicle_controller) StdoutLine: {'line': b'-- Installing: /home/wowjw/Project/Automobile/Phase4/ros2_ws/install/vehicle_controller/share/vehicle_controller/local_setup.zsh\n'}
[30.774340] (vehicle_controller) StdoutLine: {'line': b'-- Installing: /home/wowjw/Project/Automobile/Phase4/ros2_ws/install/vehicle_controller/share/vehicle_controller/local_setup.dsv\n'}
[30.774701] (vehicle_controller) StdoutLine: {'line': b'-- Installing: /home/wowjw/Project/Automobile/Phase4/ros2_ws/install/vehicle_controller/share/vehicle_controller/package.dsv\n'}
[30.775112] (vehicle_controller) StdoutLine: {'line': b'-- Installing: /home/wowjw/Project/Automobile/Phase4/ros2_ws/install/vehicle_controller/share/ament_index/resource_index/packages/vehicle_controller\n'}
[30.775602] (vehicle_controller) StdoutLine: {'line': b'-- Installing: /home/wowjw/Project/Automobile/Phase4/ros2_ws/install/vehicle_controller/share/vehicle_controller/cmake/export_vehicle_controller__rosidl_generator_cExport.cmake\n'}
[30.775975] (vehicle_controller) StdoutLine: {'line': b'-- Installing: /home/wowjw/Project/Automobile/Phase4/ros2_ws/install/vehicle_controller/share/vehicle_controller/cmake/export_vehicle_controller__rosidl_generator_cExport-noconfig.cmake\n'}
[30.776352] (vehicle_controller) StdoutLine: {'line': b'-- Installing: /home/wowjw/Project/Automobile/Phase4/ros2_ws/install/vehicle_controller/share/vehicle_controller/cmake/export_vehicle_controller__rosidl_typesupport_fastrtps_cExport.cmake\n'}
[30.776723] (vehicle_controller) StdoutLine: {'line': b'-- Installing: /home/wowjw/Project/Automobile/Phase4/ros2_ws/install/vehicle_controller/share/vehicle_controller/cmake/export_vehicle_controller__rosidl_typesupport_fastrtps_cExport-noconfig.cmake\n'}
[30.777092] (vehicle_controller) StdoutLine: {'line': b'-- Installing: /home/wowjw/Project/Automobile/Phase4/ros2_ws/install/vehicle_controller/share/vehicle_controller/cmake/vehicle_controller__rosidl_typesupport_introspection_cExport.cmake\n'}
[30.777477] (vehicle_controller) StdoutLine: {'line': b'-- Installing: /home/wowjw/Project/Automobile/Phase4/ros2_ws/install/vehicle_controller/share/vehicle_controller/cmake/vehicle_controller__rosidl_typesupport_introspection_cExport-noconfig.cmake\n'}
[30.777842] (vehicle_controller) StdoutLine: {'line': b'-- Installing: /home/wowjw/Project/Automobile/Phase4/ros2_ws/install/vehicle_controller/share/vehicle_controller/cmake/vehicle_controller__rosidl_typesupport_cExport.cmake\n'}
[30.778210] (vehicle_controller) StdoutLine: {'line': b'-- Installing: /home/wowjw/Project/Automobile/Phase4/ros2_ws/install/vehicle_controller/share/vehicle_controller/cmake/vehicle_controller__rosidl_typesupport_cExport-noconfig.cmake\n'}
[30.778580] (vehicle_controller) StdoutLine: {'line': b'-- Installing: /home/wowjw/Project/Automobile/Phase4/ros2_ws/install/vehicle_controller/share/vehicle_controller/cmake/export_vehicle_controller__rosidl_generator_cppExport.cmake\n'}
[30.778950] (vehicle_controller) StdoutLine: {'line': b'-- Installing: /home/wowjw/Project/Automobile/Phase4/ros2_ws/install/vehicle_controller/share/vehicle_controller/cmake/export_vehicle_controller__rosidl_typesupport_fastrtps_cppExport.cmake\n'}
[30.779328] (vehicle_controller) StdoutLine: {'line': b'-- Installing: /home/wowjw/Project/Automobile/Phase4/ros2_ws/install/vehicle_controller/share/vehicle_controller/cmake/export_vehicle_controller__rosidl_typesupport_fastrtps_cppExport-noconfig.cmake\n'}
[30.779547] (-) TimerEvent: {}
[30.779953] (vehicle_controller) StdoutLine: {'line': b'-- Installing: /home/wowjw/Project/Automobile/Phase4/ros2_ws/install/vehicle_controller/share/vehicle_controller/cmake/vehicle_controller__rosidl_typesupport_introspection_cppExport.cmake\n'}
[30.780267] (vehicle_controller) StdoutLine: {'line': b'-- Installing: /home/wowjw/Project/Automobile/Phase4/ros2_ws/install/vehicle_controller/share/vehicle_controller/cmake/vehicle_controller__rosidl_typesupport_introspection_cppExport-noconfig.cmake\n'}
[30.780521] (vehicle_controller) StdoutLine: {'line': b'-- Installing: /home/wowjw/Project/Automobile/Phase4/ros2_ws/install/vehicle_controller/share/vehicle_controller/cmake/vehicle_controller__rosidl_typesupport_cppExport.cmake\n'}
[30.780831] (vehicle_controller) StdoutLine: {'line': b'-- Installing: /home/wowjw/Project/Automobile/Phase4/ros2_ws/install/vehicle_controller/share/vehicle_controller/cmake/vehicle_controller__rosidl_typesupport_cppExport-noconfig.cmake\n'}
[30.781204] (vehicle_controller) StdoutLine: {'line': b'-- Installing: /home/wowjw/Project/Automobile/Phase4/ros2_ws/install/vehicle_controller/share/vehicle_controller/cmake/export_vehicle_controller__rosidl_generator_pyExport.cmake\n'}
[30.781565] (vehicle_controller) StdoutLine: {'line': b'-- Installing: /home/wowjw/Project/Automobile/Phase4/ros2_ws/install/vehicle_controller/share/vehicle_controller/cmake/export_vehicle_controller__rosidl_generator_pyExport-noconfig.cmake\n'}
[30.781929] (vehicle_controller) StdoutLine: {'line': b'-- Installing: /home/wowjw/Project/Automobile/Phase4/ros2_ws/install/vehicle_controller/share/vehicle_controller/cmake/rosidl_cmake-extras.cmake\n'}
[30.782263] (vehicle_controller) StdoutLine: {'line': b'-- Installing: /home/wowjw/Project/Automobile/Phase4/ros2_ws/install/vehicle_controller/share/vehicle_controller/cmake/ament_cmake_export_include_directories-extras.cmake\n'}
[30.782615] (vehicle_controller) StdoutLine: {'line': b'-- Installing: /home/wowjw/Project/Automobile/Phase4/ros2_ws/install/vehicle_controller/share/vehicle_controller/cmake/ament_cmake_export_libraries-extras.cmake\n'}
[30.782967] (vehicle_controller) StdoutLine: {'line': b'-- Installing: /home/wowjw/Project/Automobile/Phase4/ros2_ws/install/vehicle_controller/share/vehicle_controller/cmake/ament_cmake_export_targets-extras.cmake\n'}
[30.783299] (vehicle_controller) StdoutLine: {'line': b'-- Installing: /home/wowjw/Project/Automobile/Phase4/ros2_ws/install/vehicle_controller/share/vehicle_controller/cmake/rosidl_cmake_export_typesupport_targets-extras.cmake\n'}
[30.783945] (vehicle_controller) StdoutLine: {'line': b'-- Installing: /home/wowjw/Project/Automobile/Phase4/ros2_ws/install/vehicle_controller/share/vehicle_controller/cmake/ament_cmake_export_dependencies-extras.cmake\n'}
[30.784358] (vehicle_controller) StdoutLine: {'line': b'-- Installing: /home/wowjw/Project/Automobile/Phase4/ros2_ws/install/vehicle_controller/share/vehicle_controller/cmake/rosidl_cmake_export_typesupport_libraries-extras.cmake\n'}
[30.784779] (vehicle_controller) StdoutLine: {'line': b'-- Installing: /home/wowjw/Project/Automobile/Phase4/ros2_ws/install/vehicle_controller/share/vehicle_controller/cmake/vehicle_controllerConfig.cmake\n'}
[30.785145] (vehicle_controller) StdoutLine: {'line': b'-- Installing: /home/wowjw/Project/Automobile/Phase4/ros2_ws/install/vehicle_controller/share/vehicle_controller/cmake/vehicle_controllerConfig-version.cmake\n'}
[30.785429] (vehicle_controller) StdoutLine: {'line': b'-- Installing: /home/wowjw/Project/Automobile/Phase4/ros2_ws/install/vehicle_controller/share/vehicle_controller/package.xml\n'}
[30.790583] (vehicle_controller) CommandEnded: {'returncode': 0}
[30.847847] (vehicle_controller) JobEnded: {'identifier': 'vehicle_controller', 'rc': 0}
[30.849828] (-) EventReactorShutdown: {}
