[0.000000] (-) TimerEvent: {}
[0.000566] (vehicle_interface) JobQueued: {'identifier': 'vehicle_interface', 'dependencies': OrderedDict()}
[0.001028] (vehicle_controller) JobQueued: {'identifier': 'vehicle_controller', 'dependencies': OrderedDict([('vehicle_interface', '/home/wowjw/Project/Automobile/Phase4/ros2_ws/install/vehicle_interface')])}
[0.001258] (vehicle_interface) JobStarted: {'identifier': 'vehicle_interface'}
[0.014024] (vehicle_interface) JobProgress: {'identifier': 'vehicle_interface', 'progress': 'cmake'}
[0.014886] (vehicle_interface) Command: {'cmd': ['/usr/bin/cmake', '/home/wowjw/Project/Automobile/Phase4/ros2_ws/src/vehicle_interface', '-DCMAKE_INSTALL_PREFIX=/home/wowjw/Project/Automobile/Phase4/ros2_ws/install/vehicle_interface'], 'cwd': '/home/wowjw/Project/Automobile/Phase4/ros2_ws/build/vehicle_interface', 'env': OrderedDict([('LESSOPEN', '| /usr/bin/lesspipe %s'), ('USER', 'wowjw'), ('SSH_CLIENT', '192.168.0.161 59356 22'), ('XDG_SESSION_TYPE', 'tty'), ('GIT_ASKPASS', '/home/wowjw/.vscode-server/cli/servers/Stable-110a328ea54b42367b803ec53ee0bf52ef26b419/server/extensions/git/dist/askpass.sh'), ('SHLVL', '1'), ('LD_LIBRARY_PATH', '/home/wowjw/Project/Automobile/Phase4/ros2_ws/install/vehicle_interface/lib:/home/wowjw/Project/Automobile/Phase4/install/vehicle_controller/lib:/home/wowjw/Project/Automobile/Phase4/install/vehicle_interface/lib:/usr/local/cuda-12.6/lib64:/opt/ros/humble/opt/rviz_ogre_vendor/lib:/opt/ros/humble/lib/aarch64-linux-gnu:/opt/ros/humble/lib:/usr/local/cuda-12.6/lib64:'), ('BROWSER', '/home/wowjw/.vscode-server/cli/servers/Stable-110a328ea54b42367b803ec53ee0bf52ef26b419/server/bin/helpers/browser.sh'), ('MOTD_SHOWN', 'pam'), ('HOME', '/home/wowjw'), ('OLDPWD', '/home/wowjw/Project/Automobile/Phase4'), ('TERM_PROGRAM_VERSION', '1.134.0'), ('VSCODE_IPC_HOOK_CLI', '/run/user/1000/vscode-ipc-4255334a-044f-4380-98d5-9c857eb0149d.sock'), ('ROS_PYTHON_VERSION', '3'), ('VSCODE_GIT_ASKPASS_MAIN', '/home/wowjw/.vscode-server/cli/servers/Stable-110a328ea54b42367b803ec53ee0bf52ef26b419/server/extensions/git/dist/askpass-main.js'), ('PS1', '\\[\x1b]633;A\x07\\]\\[\\e[32m\\]\\u@\\h\\[\\e[m\\]:\\[\\e[34m\\]\\w\\[\\e[33m\\]$(parse_git_branch)\\[\\e[m\\]$ \\[\x1b]633;B\x07\\]'), ('VSCODE_GIT_ASKPASS_NODE', '/home/wowjw/.vscode-server/cli/servers/Stable-110a328ea54b42367b803ec53ee0bf52ef26b419/server/node'), ('VSCODE_PYTHON_AUTOACTIVATE_GUARD', '1'), ('DBUS_SESSION_BUS_ADDRESS', 'unix:path=/run/user/1000/bus'), ('COLORTERM', 'truecolor'), ('COLCON_PREFIX_PATH', '/home/wowjw/Project/Automobile/Phase4/ros2_ws/install:/home/wowjw/Project/Automobile/Phase4/install'), ('ROS_DISTRO', 'humble'), ('LOGNAME', 'wowjw'), ('_', '/usr/bin/colcon'), ('ROS_VERSION', '2'), ('XDG_SESSION_CLASS', 'user'), ('TERM', 'xterm-256color'), ('XDG_SESSION_ID', '2'), ('ROS_LOCALHOST_ONLY', '0'), ('PATH', '/usr/local/cuda-12.6/bin:/home/wowjw/.vscode-server/data/User/globalStorage/github.copilot-chat/debugCommand:/home/wowjw/.vscode-server/data/User/globalStorage/github.copilot-chat/copilotCli:/home/wowjw/.vscode-server/cli/servers/Stable-110a328ea54b42367b803ec53ee0bf52ef26b419/server/bin/remote-cli:/home/wowjw/.local/bin:/opt/ros/humble/bin:/usr/local/cuda-12.6/bin:/usr/local/sbin:/usr/local/bin:/usr/sbin:/usr/bin:/sbin:/bin:/usr/games:/usr/local/games:/snap/bin'), ('XDG_RUNTIME_DIR', '/run/user/1000'), ('LANG', 'en_US.UTF-8'), ('LS_COLORS', 'rs=0:di=01;34:ln=01;36:mh=00:pi=40;33:so=01;35:do=01;35:bd=40;33;01:cd=40;33;01:or=40;31;01:mi=00:su=37;41:sg=30;43:ca=30;41:tw=30;42:ow=34;42:st=37;44:ex=01;32:*.tar=01;31:*.tgz=01;31:*.arc=01;31:*.arj=01;31:*.taz=01;31:*.lha=01;31:*.lz4=01;31:*.lzh=01;31:*.lzma=01;31:*.tlz=01;31:*.txz=01;31:*.tzo=01;31:*.t7z=01;31:*.zip=01;31:*.z=01;31:*.dz=01;31:*.gz=01;31:*.lrz=01;31:*.lz=01;31:*.lzo=01;31:*.xz=01;31:*.zst=01;31:*.tzst=01;31:*.bz2=01;31:*.bz=01;31:*.tbz=01;31:*.tbz2=01;31:*.tz=01;31:*.deb=01;31:*.rpm=01;31:*.jar=01;31:*.war=01;31:*.ear=01;31:*.sar=01;31:*.rar=01;31:*.alz=01;31:*.ace=01;31:*.zoo=01;31:*.cpio=01;31:*.7z=01;31:*.rz=01;31:*.cab=01;31:*.wim=01;31:*.swm=01;31:*.dwm=01;31:*.esd=01;31:*.jpg=01;35:*.jpeg=01;35:*.mjpg=01;35:*.mjpeg=01;35:*.gif=01;35:*.bmp=01;35:*.pbm=01;35:*.pgm=01;35:*.ppm=01;35:*.tga=01;35:*.xbm=01;35:*.xpm=01;35:*.tif=01;35:*.tiff=01;35:*.png=01;35:*.svg=01;35:*.svgz=01;35:*.mng=01;35:*.pcx=01;35:*.mov=01;35:*.mpg=01;35:*.mpeg=01;35:*.m2v=01;35:*.mkv=01;35:*.webm=01;35:*.webp=01;35:*.ogm=01;35:*.mp4=01;35:*.m4v=01;35:*.mp4v=01;35:*.vob=01;35:*.qt=01;35:*.nuv=01;35:*.wmv=01;35:*.asf=01;35:*.rm=01;35:*.rmvb=01;35:*.flc=01;35:*.avi=01;35:*.fli=01;35:*.flv=01;35:*.gl=01;35:*.dl=01;35:*.xcf=01;35:*.xwd=01;35:*.yuv=01;35:*.cgm=01;35:*.emf=01;35:*.ogv=01;35:*.ogx=01;35:*.aac=00;36:*.au=00;36:*.flac=00;36:*.m4a=00;36:*.mid=00;36:*.midi=00;36:*.mka=00;36:*.mp3=00;36:*.mpc=00;36:*.ogg=00;36:*.ra=00;36:*.wav=00;36:*.oga=00;36:*.opus=00;36:*.spx=00;36:*.xspf=00;36:'), ('VSCODE_GIT_IPC_HANDLE', '/run/user/1000/vscode-git-c1ac1f4f39.sock'), ('TERM_PROGRAM', 'vscode'), ('AMENT_PREFIX_PATH', '/home/wowjw/Project/Automobile/Phase4/ros2_ws/install/vehicle_controller:/home/wowjw/Project/Automobile/Phase4/ros2_ws/install/vehicle_interface:/home/wowjw/Project/Automobile/Phase4/install/vehicle_controller:/home/wowjw/Project/Automobile/Phase4/install/vehicle_interface:/opt/ros/humble'), ('SHELL', '/bin/bash'), ('LESSCLOSE', '/usr/bin/lesspipe %s %s'), ('VSCODE_GIT_ASKPASS_EXTRA_ARGS', ''), ('PWD', '/home/wowjw/Project/Automobile/Phase4/ros2_ws/build/vehicle_interface'), ('LC_ALL', 'en_US.UTF-8'), ('COPILOT_DEBUG_NONCE', '9fb98c99a0663c7f3298287e6ff935d5'), ('SSH_CONNECTION', '192.168.0.161 59356 192.168.0.133 22'), ('XDG_DATA_DIRS', '/usr/share/gnome:/usr/local/share:/usr/share:/var/lib/snapd/desktop'), ('PYTHONPATH', '/home/wowjw/Project/Automobile/Phase4/ros2_ws/install/vehicle_interface/local/lib/python3.10/dist-packages:/home/wowjw/Project/Automobile/Phase4/install/vehicle_interface/local/lib/python3.10/dist-packages:/opt/ros/humble/lib/python3.10/site-packages:/opt/ros/humble/local/lib/python3.10/dist-packages'), ('COLCON', '1'), ('CMAKE_PREFIX_PATH', '/home/wowjw/Project/Automobile/Phase4/ros2_ws/install/vehicle_controller:/home/wowjw/Project/Automobile/Phase4/ros2_ws/install/vehicle_interface:/home/wowjw/Project/Automobile/Phase4/install/vehicle_controller:/home/wowjw/Project/Automobile/Phase4/install/vehicle_interface:/opt/ros/humble')]), 'shell': False}
[0.099542] (-) TimerEvent: {}
[0.120418] (vehicle_interface) StdoutLine: {'line': b'-- The C compiler identification is GNU 11.4.0\n'}
[0.199740] (-) TimerEvent: {}
[0.235810] (vehicle_interface) StdoutLine: {'line': b'-- The CXX compiler identification is GNU 11.4.0\n'}
[0.256961] (vehicle_interface) StdoutLine: {'line': b'-- Detecting C compiler ABI info\n'}
[0.299915] (-) TimerEvent: {}
[0.399255] (vehicle_interface) StdoutLine: {'line': b'-- Detecting C compiler ABI info - done\n'}
[0.399994] (-) TimerEvent: {}
[0.424071] (vehicle_interface) StdoutLine: {'line': b'-- Check for working C compiler: /usr/bin/cc - skipped\n'}
[0.433476] (vehicle_interface) StdoutLine: {'line': b'-- Detecting C compile features\n'}
[0.434234] (vehicle_interface) StdoutLine: {'line': b'-- Detecting C compile features - done\n'}
[0.442793] (vehicle_interface) StdoutLine: {'line': b'-- Detecting CXX compiler ABI info\n'}
[0.500192] (-) TimerEvent: {}
[0.597269] (vehicle_interface) StdoutLine: {'line': b'-- Detecting CXX compiler ABI info - done\n'}
[0.600275] (-) TimerEvent: {}
[0.622880] (vehicle_interface) StdoutLine: {'line': b'-- Check for working CXX compiler: /usr/bin/c++ - skipped\n'}
[0.623803] (vehicle_interface) StdoutLine: {'line': b'-- Detecting CXX compile features\n'}
[0.625341] (vehicle_interface) StdoutLine: {'line': b'-- Detecting CXX compile features - done\n'}
[0.641169] (vehicle_interface) StdoutLine: {'line': b'-- Found ament_cmake: 1.3.12 (/opt/ros/humble/share/ament_cmake/cmake)\n'}
[0.700434] (-) TimerEvent: {}
[0.801010] (-) TimerEvent: {}
[0.901612] (-) TimerEvent: {}
[0.958439] (vehicle_interface) StdoutLine: {'line': b'-- Found Python3: /usr/bin/python3 (found version "3.10.12") found components: Interpreter \n'}
[1.001775] (-) TimerEvent: {}
[1.102459] (-) TimerEvent: {}
[1.170267] (vehicle_interface) StdoutLine: {'line': b'-- Found rclcpp: 16.0.17 (/opt/ros/humble/share/rclcpp/cmake)\n'}
[1.202568] (-) TimerEvent: {}
[1.261487] (vehicle_interface) StdoutLine: {'line': b'-- Found rosidl_generator_c: 3.1.8 (/opt/ros/humble/share/rosidl_generator_c/cmake)\n'}
[1.276404] (vehicle_interface) StdoutLine: {'line': b'-- Found rosidl_adapter: 3.1.8 (/opt/ros/humble/share/rosidl_adapter/cmake)\n'}
[1.289829] (vehicle_interface) StdoutLine: {'line': b'-- Found rosidl_generator_cpp: 3.1.8 (/opt/ros/humble/share/rosidl_generator_cpp/cmake)\n'}
[1.302643] (-) TimerEvent: {}
[1.309333] (vehicle_interface) StdoutLine: {'line': b'-- Using all available rosidl_typesupport_c: rosidl_typesupport_fastrtps_c;rosidl_typesupport_introspection_c\n'}
[1.334737] (vehicle_interface) StdoutLine: {'line': b'-- Using all available rosidl_typesupport_cpp: rosidl_typesupport_fastrtps_cpp;rosidl_typesupport_introspection_cpp\n'}
[1.402790] (-) TimerEvent: {}
[1.403996] (vehicle_interface) StdoutLine: {'line': b'-- Found rmw_implementation_cmake: 6.1.2 (/opt/ros/humble/share/rmw_implementation_cmake/cmake)\n'}
[1.408028] (vehicle_interface) StdoutLine: {'line': b'-- Found rmw_fastrtps_cpp: 6.2.9 (/opt/ros/humble/share/rmw_fastrtps_cpp/cmake)\n'}
[1.502942] (-) TimerEvent: {}
[1.546636] (vehicle_interface) StdoutLine: {'line': b'-- Found OpenSSL: /usr/lib/aarch64-linux-gnu/libcrypto.so (found version "3.0.2")  \n'}
[1.603116] (-) TimerEvent: {}
[1.607473] (vehicle_interface) StdoutLine: {'line': b'-- Found FastRTPS: /opt/ros/humble/include  \n'}
[1.674250] (vehicle_interface) StdoutLine: {'line': b"-- Using RMW implementation 'rmw_fastrtps_cpp' as default\n"}
[1.695597] (vehicle_interface) StdoutLine: {'line': b'-- Looking for pthread.h\n'}
[1.703175] (-) TimerEvent: {}
[1.803640] (-) TimerEvent: {}
[1.828440] (vehicle_interface) StdoutLine: {'line': b'-- Looking for pthread.h - found\n'}
[1.829475] (vehicle_interface) StdoutLine: {'line': b'-- Performing Test CMAKE_HAVE_LIBC_PTHREAD\n'}
[1.903826] (-) TimerEvent: {}
[1.975362] (vehicle_interface) StdoutLine: {'line': b'-- Performing Test CMAKE_HAVE_LIBC_PTHREAD - Success\n'}
[1.979188] (vehicle_interface) StdoutLine: {'line': b'-- Found Threads: TRUE  \n'}
[2.004011] (-) TimerEvent: {}
[2.104740] (-) TimerEvent: {}
[2.110911] (vehicle_interface) StdoutLine: {'line': b'-- Found rosidl_default_generators: 1.2.0 (/opt/ros/humble/share/rosidl_default_generators/cmake)\n'}
[2.204895] (-) TimerEvent: {}
[2.305470] (-) TimerEvent: {}
[2.406046] (-) TimerEvent: {}
[2.506712] (-) TimerEvent: {}
[2.607509] (-) TimerEvent: {}
[2.646276] (vehicle_interface) StdoutLine: {'line': b'-- Found ament_cmake_ros: 0.10.0 (/opt/ros/humble/share/ament_cmake_ros/cmake)\n'}
[2.707666] (-) TimerEvent: {}
[2.808313] (-) TimerEvent: {}
[2.909051] (-) TimerEvent: {}
[3.009692] (-) TimerEvent: {}
[3.110431] (-) TimerEvent: {}
[3.211080] (-) TimerEvent: {}
[3.311764] (-) TimerEvent: {}
[3.312557] (vehicle_interface) StdoutLine: {'line': b'-- Using all available rosidl_typesupport_c: rosidl_typesupport_fastrtps_c;rosidl_typesupport_introspection_c\n'}
[3.411907] (-) TimerEvent: {}
[3.512526] (-) TimerEvent: {}
[3.565974] (vehicle_interface) StdoutLine: {'line': b'-- Using all available rosidl_typesupport_cpp: rosidl_typesupport_fastrtps_cpp;rosidl_typesupport_introspection_cpp\n'}
[3.612681] (-) TimerEvent: {}
[3.624044] (vehicle_interface) StdoutLine: {'line': b'-- Found PythonInterp: /usr/bin/python3 (found suitable version "3.10.12", minimum required is "3.6") \n'}
[3.629433] (vehicle_interface) StdoutLine: {'line': b'-- Found python_cmake_module: 0.10.0 (/opt/ros/humble/share/python_cmake_module/cmake)\n'}
[3.687984] (vehicle_interface) StdoutLine: {'line': b'-- Found PythonLibs: /usr/lib/aarch64-linux-gnu/libpython3.10.so (found suitable version "3.10.12", minimum required is "3.5") \n'}
[3.688706] (vehicle_interface) StdoutLine: {'line': b'-- Using PYTHON_EXECUTABLE: /usr/bin/python3\n'}
[3.689001] (vehicle_interface) StdoutLine: {'line': b'-- Using PYTHON_INCLUDE_DIRS: /usr/include/python3.10\n'}
[3.689307] (vehicle_interface) StdoutLine: {'line': b'-- Using PYTHON_LIBRARIES: /usr/lib/aarch64-linux-gnu/libpython3.10.so\n'}
[3.712804] (-) TimerEvent: {}
[3.734713] (vehicle_interface) StdoutLine: {'line': b'-- Found PythonExtra: .so  \n'}
[3.813011] (-) TimerEvent: {}
[3.843090] (vehicle_interface) StdoutLine: {'line': b'-- Configuring done\n'}
[3.913155] (-) TimerEvent: {}
[3.928477] (vehicle_interface) StdoutLine: {'line': b'-- Generating done\n'}
[3.949600] (vehicle_interface) StdoutLine: {'line': b'-- Build files have been written to: /home/wowjw/Project/Automobile/Phase4/ros2_ws/build/vehicle_interface\n'}
[3.978168] (vehicle_interface) CommandEnded: {'returncode': 0}
[3.979344] (vehicle_interface) JobProgress: {'identifier': 'vehicle_interface', 'progress': 'build'}
[3.980913] (vehicle_interface) Command: {'cmd': ['/usr/bin/cmake', '--build', '/home/wowjw/Project/Automobile/Phase4/ros2_ws/build/vehicle_interface', '--', '-j6', '-l6'], 'cwd': '/home/wowjw/Project/Automobile/Phase4/ros2_ws/build/vehicle_interface', 'env': OrderedDict([('LESSOPEN', '| /usr/bin/lesspipe %s'), ('USER', 'wowjw'), ('SSH_CLIENT', '192.168.0.161 59356 22'), ('XDG_SESSION_TYPE', 'tty'), ('GIT_ASKPASS', '/home/wowjw/.vscode-server/cli/servers/Stable-110a328ea54b42367b803ec53ee0bf52ef26b419/server/extensions/git/dist/askpass.sh'), ('SHLVL', '1'), ('LD_LIBRARY_PATH', '/home/wowjw/Project/Automobile/Phase4/ros2_ws/install/vehicle_interface/lib:/home/wowjw/Project/Automobile/Phase4/install/vehicle_controller/lib:/home/wowjw/Project/Automobile/Phase4/install/vehicle_interface/lib:/usr/local/cuda-12.6/lib64:/opt/ros/humble/opt/rviz_ogre_vendor/lib:/opt/ros/humble/lib/aarch64-linux-gnu:/opt/ros/humble/lib:/usr/local/cuda-12.6/lib64:'), ('BROWSER', '/home/wowjw/.vscode-server/cli/servers/Stable-110a328ea54b42367b803ec53ee0bf52ef26b419/server/bin/helpers/browser.sh'), ('MOTD_SHOWN', 'pam'), ('HOME', '/home/wowjw'), ('OLDPWD', '/home/wowjw/Project/Automobile/Phase4'), ('TERM_PROGRAM_VERSION', '1.134.0'), ('VSCODE_IPC_HOOK_CLI', '/run/user/1000/vscode-ipc-4255334a-044f-4380-98d5-9c857eb0149d.sock'), ('ROS_PYTHON_VERSION', '3'), ('VSCODE_GIT_ASKPASS_MAIN', '/home/wowjw/.vscode-server/cli/servers/Stable-110a328ea54b42367b803ec53ee0bf52ef26b419/server/extensions/git/dist/askpass-main.js'), ('PS1', '\\[\x1b]633;A\x07\\]\\[\\e[32m\\]\\u@\\h\\[\\e[m\\]:\\[\\e[34m\\]\\w\\[\\e[33m\\]$(parse_git_branch)\\[\\e[m\\]$ \\[\x1b]633;B\x07\\]'), ('VSCODE_GIT_ASKPASS_NODE', '/home/wowjw/.vscode-server/cli/servers/Stable-110a328ea54b42367b803ec53ee0bf52ef26b419/server/node'), ('VSCODE_PYTHON_AUTOACTIVATE_GUARD', '1'), ('DBUS_SESSION_BUS_ADDRESS', 'unix:path=/run/user/1000/bus'), ('COLORTERM', 'truecolor'), ('COLCON_PREFIX_PATH', '/home/wowjw/Project/Automobile/Phase4/ros2_ws/install:/home/wowjw/Project/Automobile/Phase4/install'), ('ROS_DISTRO', 'humble'), ('LOGNAME', 'wowjw'), ('_', '/usr/bin/colcon'), ('ROS_VERSION', '2'), ('XDG_SESSION_CLASS', 'user'), ('TERM', 'xterm-256color'), ('XDG_SESSION_ID', '2'), ('ROS_LOCALHOST_ONLY', '0'), ('PATH', '/usr/local/cuda-12.6/bin:/home/wowjw/.vscode-server/data/User/globalStorage/github.copilot-chat/debugCommand:/home/wowjw/.vscode-server/data/User/globalStorage/github.copilot-chat/copilotCli:/home/wowjw/.vscode-server/cli/servers/Stable-110a328ea54b42367b803ec53ee0bf52ef26b419/server/bin/remote-cli:/home/wowjw/.local/bin:/opt/ros/humble/bin:/usr/local/cuda-12.6/bin:/usr/local/sbin:/usr/local/bin:/usr/sbin:/usr/bin:/sbin:/bin:/usr/games:/usr/local/games:/snap/bin'), ('XDG_RUNTIME_DIR', '/run/user/1000'), ('LANG', 'en_US.UTF-8'), ('LS_COLORS', 'rs=0:di=01;34:ln=01;36:mh=00:pi=40;33:so=01;35:do=01;35:bd=40;33;01:cd=40;33;01:or=40;31;01:mi=00:su=37;41:sg=30;43:ca=30;41:tw=30;42:ow=34;42:st=37;44:ex=01;32:*.tar=01;31:*.tgz=01;31:*.arc=01;31:*.arj=01;31:*.taz=01;31:*.lha=01;31:*.lz4=01;31:*.lzh=01;31:*.lzma=01;31:*.tlz=01;31:*.txz=01;31:*.tzo=01;31:*.t7z=01;31:*.zip=01;31:*.z=01;31:*.dz=01;31:*.gz=01;31:*.lrz=01;31:*.lz=01;31:*.lzo=01;31:*.xz=01;31:*.zst=01;31:*.tzst=01;31:*.bz2=01;31:*.bz=01;31:*.tbz=01;31:*.tbz2=01;31:*.tz=01;31:*.deb=01;31:*.rpm=01;31:*.jar=01;31:*.war=01;31:*.ear=01;31:*.sar=01;31:*.rar=01;31:*.alz=01;31:*.ace=01;31:*.zoo=01;31:*.cpio=01;31:*.7z=01;31:*.rz=01;31:*.cab=01;31:*.wim=01;31:*.swm=01;31:*.dwm=01;31:*.esd=01;31:*.jpg=01;35:*.jpeg=01;35:*.mjpg=01;35:*.mjpeg=01;35:*.gif=01;35:*.bmp=01;35:*.pbm=01;35:*.pgm=01;35:*.ppm=01;35:*.tga=01;35:*.xbm=01;35:*.xpm=01;35:*.tif=01;35:*.tiff=01;35:*.png=01;35:*.svg=01;35:*.svgz=01;35:*.mng=01;35:*.pcx=01;35:*.mov=01;35:*.mpg=01;35:*.mpeg=01;35:*.m2v=01;35:*.mkv=01;35:*.webm=01;35:*.webp=01;35:*.ogm=01;35:*.mp4=01;35:*.m4v=01;35:*.mp4v=01;35:*.vob=01;35:*.qt=01;35:*.nuv=01;35:*.wmv=01;35:*.asf=01;35:*.rm=01;35:*.rmvb=01;35:*.flc=01;35:*.avi=01;35:*.fli=01;35:*.flv=01;35:*.gl=01;35:*.dl=01;35:*.xcf=01;35:*.xwd=01;35:*.yuv=01;35:*.cgm=01;35:*.emf=01;35:*.ogv=01;35:*.ogx=01;35:*.aac=00;36:*.au=00;36:*.flac=00;36:*.m4a=00;36:*.mid=00;36:*.midi=00;36:*.mka=00;36:*.mp3=00;36:*.mpc=00;36:*.ogg=00;36:*.ra=00;36:*.wav=00;36:*.oga=00;36:*.opus=00;36:*.spx=00;36:*.xspf=00;36:'), ('VSCODE_GIT_IPC_HANDLE', '/run/user/1000/vscode-git-c1ac1f4f39.sock'), ('TERM_PROGRAM', 'vscode'), ('AMENT_PREFIX_PATH', '/home/wowjw/Project/Automobile/Phase4/ros2_ws/install/vehicle_controller:/home/wowjw/Project/Automobile/Phase4/ros2_ws/install/vehicle_interface:/home/wowjw/Project/Automobile/Phase4/install/vehicle_controller:/home/wowjw/Project/Automobile/Phase4/install/vehicle_interface:/opt/ros/humble'), ('SHELL', '/bin/bash'), ('LESSCLOSE', '/usr/bin/lesspipe %s %s'), ('VSCODE_GIT_ASKPASS_EXTRA_ARGS', ''), ('PWD', '/home/wowjw/Project/Automobile/Phase4/ros2_ws/build/vehicle_interface'), ('LC_ALL', 'en_US.UTF-8'), ('COPILOT_DEBUG_NONCE', '9fb98c99a0663c7f3298287e6ff935d5'), ('SSH_CONNECTION', '192.168.0.161 59356 192.168.0.133 22'), ('XDG_DATA_DIRS', '/usr/share/gnome:/usr/local/share:/usr/share:/var/lib/snapd/desktop'), ('PYTHONPATH', '/home/wowjw/Project/Automobile/Phase4/ros2_ws/install/vehicle_interface/local/lib/python3.10/dist-packages:/home/wowjw/Project/Automobile/Phase4/install/vehicle_interface/local/lib/python3.10/dist-packages:/opt/ros/humble/lib/python3.10/site-packages:/opt/ros/humble/local/lib/python3.10/dist-packages'), ('COLCON', '1'), ('CMAKE_PREFIX_PATH', '/home/wowjw/Project/Automobile/Phase4/ros2_ws/install/vehicle_controller:/home/wowjw/Project/Automobile/Phase4/ros2_ws/install/vehicle_interface:/home/wowjw/Project/Automobile/Phase4/install/vehicle_controller:/home/wowjw/Project/Automobile/Phase4/install/vehicle_interface:/opt/ros/humble')]), 'shell': False}
[4.013342] (-) TimerEvent: {}
[4.066090] (vehicle_interface) StdoutLine: {'line': b'[  2%] \x1b[34m\x1b[1mGenerating C code for ROS interfaces\x1b[0m\n'}
[4.084121] (vehicle_interface) StdoutLine: {'line': b'[  4%] \x1b[34m\x1b[1mGenerating C++ code for ROS interfaces\x1b[0m\n'}
[4.102509] (vehicle_interface) StdoutLine: {'line': b'[  4%] Built target ament_cmake_python_copy_vehicle_interface\n'}
[4.113511] (-) TimerEvent: {}
[4.214175] (-) TimerEvent: {}
[4.314757] (-) TimerEvent: {}
[4.415365] (-) TimerEvent: {}
[4.515924] (-) TimerEvent: {}
[4.580476] (vehicle_interface) StdoutLine: {'line': b'running egg_info\n'}
[4.581835] (vehicle_interface) StdoutLine: {'line': b'creating vehicle_interface.egg-info\n'}
[4.582280] (vehicle_interface) StdoutLine: {'line': b'writing vehicle_interface.egg-info/PKG-INFO\n'}
[4.583259] (vehicle_interface) StdoutLine: {'line': b'writing dependency_links to vehicle_interface.egg-info/dependency_links.txt\n'}
[4.583648] (vehicle_interface) StdoutLine: {'line': b'writing top-level names to vehicle_interface.egg-info/top_level.txt\n'}
[4.584235] (vehicle_interface) StdoutLine: {'line': b"writing manifest file 'vehicle_interface.egg-info/SOURCES.txt'\n"}
[4.589627] (vehicle_interface) StdoutLine: {'line': b"reading manifest file 'vehicle_interface.egg-info/SOURCES.txt'\n"}
[4.590824] (vehicle_interface) StdoutLine: {'line': b"writing manifest file 'vehicle_interface.egg-info/SOURCES.txt'\n"}
[4.616169] (-) TimerEvent: {}
[4.672597] (vehicle_interface) StdoutLine: {'line': b'[  9%] \x1b[32mBuilding C object CMakeFiles/vehicle_interface__rosidl_generator_c.dir/rosidl_generator_c/vehicle_interface/msg/detail/vehicle_command__functions.c.o\x1b[0m\n'}
[4.673079] (vehicle_interface) StdoutLine: {'line': b'[  9%] \x1b[32mBuilding C object CMakeFiles/vehicle_interface__rosidl_generator_c.dir/rosidl_generator_c/vehicle_interface/msg/detail/vehicle_feedback__functions.c.o\x1b[0m\n'}
[4.673237] (vehicle_interface) StdoutLine: {'line': b'[  9%] Built target ament_cmake_python_build_vehicle_interface_egg\n'}
[4.679464] (vehicle_interface) StdoutLine: {'line': b'[  9%] Built target vehicle_interface__cpp\n'}
[4.698478] (vehicle_interface) StdoutLine: {'line': b'[ 16%] \x1b[34m\x1b[1mGenerating C++ type support dispatch for ROS interfaces\x1b[0m\n'}
[4.699000] (vehicle_interface) StdoutLine: {'line': b'[ 16%] \x1b[34m\x1b[1mGenerating C++ introspection for ROS interfaces\x1b[0m\n'}
[4.699161] (vehicle_interface) StdoutLine: {'line': b'[ 16%] \x1b[34m\x1b[1mGenerating C++ type support for eProsima Fast-RTPS\x1b[0m\n'}
[4.716336] (-) TimerEvent: {}
[4.769587] (vehicle_interface) StdoutLine: {'line': b'[ 18%] \x1b[32m\x1b[1mLinking C shared library libvehicle_interface__rosidl_generator_c.so\x1b[0m\n'}
[4.816504] (-) TimerEvent: {}
[4.833280] (vehicle_interface) StdoutLine: {'line': b'[ 18%] Built target vehicle_interface__rosidl_generator_c\n'}
[4.852058] (vehicle_interface) StdoutLine: {'line': b'[ 23%] \x1b[34m\x1b[1mGenerating C type support dispatch for ROS interfaces\x1b[0m\n'}
[4.852493] (vehicle_interface) StdoutLine: {'line': b'[ 23%] \x1b[34m\x1b[1mGenerating C type support for eProsima Fast-RTPS\x1b[0m\n'}
[4.854345] (vehicle_interface) StdoutLine: {'line': b'[ 25%] \x1b[34m\x1b[1mGenerating C introspection for ROS interfaces\x1b[0m\n'}
[4.916693] (-) TimerEvent: {}
[5.017312] (-) TimerEvent: {}
[5.117906] (-) TimerEvent: {}
[5.179055] (vehicle_interface) StdoutLine: {'line': b'[ 27%] \x1b[32mBuilding CXX object CMakeFiles/vehicle_interface__rosidl_typesupport_cpp.dir/rosidl_typesupport_cpp/vehicle_interface/msg/vehicle_command__type_support.cpp.o\x1b[0m\n'}
[5.218073] (-) TimerEvent: {}
[5.243314] (vehicle_interface) StdoutLine: {'line': b'[ 30%] \x1b[32mBuilding CXX object CMakeFiles/vehicle_interface__rosidl_typesupport_introspection_cpp.dir/rosidl_typesupport_introspection_cpp/vehicle_interface/msg/detail/vehicle_command__type_support.cpp.o\x1b[0m\n'}
[5.300846] (vehicle_interface) StdoutLine: {'line': b'[ 32%] \x1b[32mBuilding CXX object CMakeFiles/vehicle_interface__rosidl_typesupport_fastrtps_cpp.dir/rosidl_typesupport_fastrtps_cpp/vehicle_interface/msg/detail/dds_fastrtps/vehicle_command__type_support.cpp.o\x1b[0m\n'}
[5.318272] (-) TimerEvent: {}
[5.353089] (vehicle_interface) StdoutLine: {'line': b'[ 34%] \x1b[32mBuilding CXX object CMakeFiles/vehicle_interface__rosidl_typesupport_c.dir/rosidl_typesupport_c/vehicle_interface/msg/vehicle_command__type_support.cpp.o\x1b[0m\n'}
[5.412797] (vehicle_interface) StdoutLine: {'line': b'[ 37%] \x1b[32mBuilding CXX object CMakeFiles/vehicle_interface__rosidl_typesupport_c.dir/rosidl_typesupport_c/vehicle_interface/msg/vehicle_feedback__type_support.cpp.o\x1b[0m\n'}
[5.418488] (-) TimerEvent: {}
[5.445517] (vehicle_interface) StdoutLine: {'line': b'[ 39%] \x1b[32mBuilding CXX object CMakeFiles/vehicle_interface__rosidl_typesupport_fastrtps_c.dir/rosidl_typesupport_fastrtps_c/vehicle_interface/msg/detail/vehicle_command__type_support_c.cpp.o\x1b[0m\n'}
[5.472178] (vehicle_interface) StdoutLine: {'line': b'[ 41%] \x1b[32m\x1b[1mLinking CXX shared library libvehicle_interface__rosidl_typesupport_c.so\x1b[0m\n'}
[5.497340] (vehicle_interface) StdoutLine: {'line': b'[ 44%] \x1b[32mBuilding C object CMakeFiles/vehicle_interface__rosidl_typesupport_introspection_c.dir/rosidl_typesupport_introspection_c/vehicle_interface/msg/detail/vehicle_command__type_support.c.o\x1b[0m\n'}
[5.518702] (-) TimerEvent: {}
[5.550674] (vehicle_interface) StdoutLine: {'line': b'[ 44%] Built target vehicle_interface__rosidl_typesupport_c\n'}
[5.565074] (vehicle_interface) StdoutLine: {'line': b'[ 46%] \x1b[32mBuilding C object CMakeFiles/vehicle_interface__rosidl_typesupport_introspection_c.dir/rosidl_typesupport_introspection_c/vehicle_interface/msg/detail/vehicle_feedback__type_support.c.o\x1b[0m\n'}
[5.566933] (vehicle_interface) StdoutLine: {'line': b'[ 48%] \x1b[32mBuilding CXX object CMakeFiles/vehicle_interface__rosidl_typesupport_fastrtps_c.dir/rosidl_typesupport_fastrtps_c/vehicle_interface/msg/detail/vehicle_feedback__type_support_c.cpp.o\x1b[0m\n'}
[5.618927] (-) TimerEvent: {}
[5.635637] (vehicle_interface) StdoutLine: {'line': b'[ 51%] \x1b[32m\x1b[1mLinking C shared library libvehicle_interface__rosidl_typesupport_introspection_c.so\x1b[0m\n'}
[5.701572] (vehicle_interface) StdoutLine: {'line': b'[ 51%] Built target vehicle_interface__rosidl_typesupport_introspection_c\n'}
[5.702135] (vehicle_interface) StdoutLine: {'line': b'[ 53%] \x1b[32mBuilding CXX object CMakeFiles/vehicle_interface__rosidl_typesupport_cpp.dir/rosidl_typesupport_cpp/vehicle_interface/msg/vehicle_feedback__type_support.cpp.o\x1b[0m\n'}
[5.719095] (-) TimerEvent: {}
[5.724348] (vehicle_interface) StdoutLine: {'line': b'[ 55%] \x1b[32mBuilding CXX object CMakeFiles/vehicle_interface__rosidl_typesupport_introspection_cpp.dir/rosidl_typesupport_introspection_cpp/vehicle_interface/msg/detail/vehicle_feedback__type_support.cpp.o\x1b[0m\n'}
[5.819285] (-) TimerEvent: {}
[5.919971] (-) TimerEvent: {}
[5.993778] (vehicle_interface) StdoutLine: {'line': b'[ 58%] \x1b[32mBuilding CXX object CMakeFiles/vehicle_interface__rosidl_typesupport_fastrtps_cpp.dir/rosidl_typesupport_fastrtps_cpp/vehicle_interface/msg/detail/dds_fastrtps/vehicle_feedback__type_support.cpp.o\x1b[0m\n'}
[6.020184] (-) TimerEvent: {}
[6.120849] (-) TimerEvent: {}
[6.221528] (-) TimerEvent: {}
[6.255202] (vehicle_interface) StdoutLine: {'line': b'[ 60%] \x1b[32m\x1b[1mLinking CXX shared library libvehicle_interface__rosidl_typesupport_cpp.so\x1b[0m\n'}
[6.273390] (vehicle_interface) StdoutLine: {'line': b'[ 62%] \x1b[32m\x1b[1mLinking CXX shared library libvehicle_interface__rosidl_typesupport_fastrtps_c.so\x1b[0m\n'}
[6.321724] (-) TimerEvent: {}
[6.330889] (vehicle_interface) StdoutLine: {'line': b'[ 62%] Built target vehicle_interface__rosidl_typesupport_cpp\n'}
[6.371551] (vehicle_interface) StdoutLine: {'line': b'[ 69%] \x1b[32mBuilding CXX object CMakeFiles/vehicle_interface_node.dir/src/Vehicle_Interface_Node.cpp.o\x1b[0m\n'}
[6.372091] (vehicle_interface) StdoutLine: {'line': b'[ 69%] \x1b[32mBuilding CXX object CMakeFiles/vehicle_interface_node.dir/src/main.cpp.o\x1b[0m\n'}
[6.372269] (vehicle_interface) StdoutLine: {'line': b'[ 69%] \x1b[32mBuilding CXX object CMakeFiles/vehicle_interface_node.dir/src/Uart_drv.cpp.o\x1b[0m\n'}
[6.421920] (-) TimerEvent: {}
[6.439410] (vehicle_interface) StdoutLine: {'line': b'[ 69%] Built target vehicle_interface__rosidl_typesupport_fastrtps_c\n'}
[6.509181] (vehicle_interface) StdoutLine: {'line': b'[ 72%] \x1b[32m\x1b[1mLinking CXX shared library libvehicle_interface__rosidl_typesupport_introspection_cpp.so\x1b[0m\n'}
[6.522097] (-) TimerEvent: {}
[6.581346] (vehicle_interface) StdoutLine: {'line': b'[ 72%] Built target vehicle_interface__rosidl_typesupport_introspection_cpp\n'}
[6.622286] (-) TimerEvent: {}
[6.722969] (-) TimerEvent: {}
[6.770657] (vehicle_interface) StdoutLine: {'line': b'[ 74%] \x1b[32m\x1b[1mLinking CXX shared library libvehicle_interface__rosidl_typesupport_fastrtps_cpp.so\x1b[0m\n'}
[6.823160] (-) TimerEvent: {}
[6.917164] (vehicle_interface) StdoutLine: {'line': b'[ 74%] Built target vehicle_interface__rosidl_typesupport_fastrtps_cpp\n'}
[6.923315] (-) TimerEvent: {}
[6.955395] (vehicle_interface) StdoutLine: {'line': b'[ 74%] Built target vehicle_interface\n'}
[6.992386] (vehicle_interface) StdoutLine: {'line': b'[ 76%] \x1b[34m\x1b[1mGenerating Python code for ROS interfaces\x1b[0m\n'}
[7.023472] (-) TimerEvent: {}
[7.124097] (-) TimerEvent: {}
[7.225047] (-) TimerEvent: {}
[7.325722] (-) TimerEvent: {}
[7.426351] (-) TimerEvent: {}
[7.526973] (-) TimerEvent: {}
[7.627659] (-) TimerEvent: {}
[7.728283] (-) TimerEvent: {}
[7.779679] (vehicle_interface) StdoutLine: {'line': b'[ 76%] Built target vehicle_interface__py\n'}
[7.816080] (vehicle_interface) StdoutLine: {'line': b'[ 81%] \x1b[32mBuilding C object CMakeFiles/vehicle_interface__rosidl_generator_py.dir/rosidl_generator_py/vehicle_interface/msg/_vehicle_feedback_s.c.o\x1b[0m\n'}
[7.816548] (vehicle_interface) StdoutLine: {'line': b'[ 81%] \x1b[32mBuilding C object CMakeFiles/vehicle_interface__rosidl_generator_py.dir/rosidl_generator_py/vehicle_interface/msg/_vehicle_command_s.c.o\x1b[0m\n'}
[7.828475] (-) TimerEvent: {}
[7.929586] (-) TimerEvent: {}
[8.028695] (vehicle_interface) StdoutLine: {'line': b'[ 83%] \x1b[32m\x1b[1mLinking C shared library rosidl_generator_py/vehicle_interface/libvehicle_interface__rosidl_generator_py.so\x1b[0m\n'}
[8.029643] (-) TimerEvent: {}
[8.096195] (vehicle_interface) StdoutLine: {'line': b'[ 83%] Built target vehicle_interface__rosidl_generator_py\n'}
[8.129881] (-) TimerEvent: {}
[8.135229] (vehicle_interface) StdoutLine: {'line': b'[ 88%] \x1b[32mBuilding C object CMakeFiles/vehicle_interface__rosidl_typesupport_introspection_c__pyext.dir/rosidl_generator_py/vehicle_interface/_vehicle_interface_s.ep.rosidl_typesupport_introspection_c.c.o\x1b[0m\n'}
[8.135686] (vehicle_interface) StdoutLine: {'line': b'[ 88%] \x1b[32mBuilding C object CMakeFiles/vehicle_interface__rosidl_typesupport_c__pyext.dir/rosidl_generator_py/vehicle_interface/_vehicle_interface_s.ep.rosidl_typesupport_c.c.o\x1b[0m\n'}
[8.136605] (vehicle_interface) StdoutLine: {'line': b'[ 90%] \x1b[32mBuilding C object CMakeFiles/vehicle_interface__rosidl_typesupport_fastrtps_c__pyext.dir/rosidl_generator_py/vehicle_interface/_vehicle_interface_s.ep.rosidl_typesupport_fastrtps_c.c.o\x1b[0m\n'}
[8.230085] (-) TimerEvent: {}
[8.318345] (vehicle_interface) StdoutLine: {'line': b'[ 95%] \x1b[32m\x1b[1mLinking C shared library rosidl_generator_py/vehicle_interface/vehicle_interface_s__rosidl_typesupport_c.cpython-310-aarch64-linux-gnu.so\x1b[0m\n'}
[8.318891] (vehicle_interface) StdoutLine: {'line': b'[ 95%] \x1b[32m\x1b[1mLinking C shared library rosidl_generator_py/vehicle_interface/vehicle_interface_s__rosidl_typesupport_fastrtps_c.cpython-310-aarch64-linux-gnu.so\x1b[0m\n'}
[8.320783] (vehicle_interface) StdoutLine: {'line': b'[ 97%] \x1b[32m\x1b[1mLinking C shared library rosidl_generator_py/vehicle_interface/vehicle_interface_s__rosidl_typesupport_introspection_c.cpython-310-aarch64-linux-gnu.so\x1b[0m\n'}
[8.330277] (-) TimerEvent: {}
[8.379307] (vehicle_interface) StdoutLine: {'line': b'[ 97%] Built target vehicle_interface__rosidl_typesupport_introspection_c__pyext\n'}
[8.380359] (vehicle_interface) StdoutLine: {'line': b'[ 97%] Built target vehicle_interface__rosidl_typesupport_c__pyext\n'}
[8.381960] (vehicle_interface) StdoutLine: {'line': b'[ 97%] Built target vehicle_interface__rosidl_typesupport_fastrtps_c__pyext\n'}
[8.430450] (-) TimerEvent: {}
[8.531160] (-) TimerEvent: {}
[8.631820] (-) TimerEvent: {}
[8.732467] (-) TimerEvent: {}
[8.833129] (-) TimerEvent: {}
[8.933804] (-) TimerEvent: {}
[9.034476] (-) TimerEvent: {}
[9.135177] (-) TimerEvent: {}
[9.235850] (-) TimerEvent: {}
[9.336535] (-) TimerEvent: {}
[9.437222] (-) TimerEvent: {}
[9.537909] (-) TimerEvent: {}
[9.638596] (-) TimerEvent: {}
[9.739287] (-) TimerEvent: {}
[9.839970] (-) TimerEvent: {}
[9.940652] (-) TimerEvent: {}
[10.041330] (-) TimerEvent: {}
[10.142022] (-) TimerEvent: {}
[10.242695] (-) TimerEvent: {}
[10.343434] (-) TimerEvent: {}
[10.444122] (-) TimerEvent: {}
[10.544800] (-) TimerEvent: {}
[10.645480] (-) TimerEvent: {}
[10.746148] (-) TimerEvent: {}
[10.846854] (-) TimerEvent: {}
[10.947757] (-) TimerEvent: {}
[11.048423] (-) TimerEvent: {}
[11.149078] (-) TimerEvent: {}
[11.249749] (-) TimerEvent: {}
[11.350424] (-) TimerEvent: {}
[11.451121] (-) TimerEvent: {}
[11.551770] (-) TimerEvent: {}
[11.652425] (-) TimerEvent: {}
[11.753085] (-) TimerEvent: {}
[11.853742] (-) TimerEvent: {}
[11.954402] (-) TimerEvent: {}
[12.055110] (-) TimerEvent: {}
[12.155814] (-) TimerEvent: {}
[12.256445] (-) TimerEvent: {}
[12.357156] (-) TimerEvent: {}
[12.457968] (-) TimerEvent: {}
[12.558727] (-) TimerEvent: {}
[12.659512] (-) TimerEvent: {}
[12.760259] (-) TimerEvent: {}
[12.861007] (-) TimerEvent: {}
[12.961738] (-) TimerEvent: {}
[13.062463] (-) TimerEvent: {}
[13.163246] (-) TimerEvent: {}
[13.264003] (-) TimerEvent: {}
[13.364735] (-) TimerEvent: {}
[13.465476] (-) TimerEvent: {}
[13.566249] (-) TimerEvent: {}
[13.666980] (-) TimerEvent: {}
[13.767710] (-) TimerEvent: {}
[13.868413] (-) TimerEvent: {}
[13.969130] (-) TimerEvent: {}
[14.069839] (-) TimerEvent: {}
[14.170557] (-) TimerEvent: {}
[14.271300] (-) TimerEvent: {}
[14.372004] (-) TimerEvent: {}
[14.472746] (-) TimerEvent: {}
[14.573522] (-) TimerEvent: {}
[14.674255] (-) TimerEvent: {}
[14.775024] (-) TimerEvent: {}
[14.875765] (-) TimerEvent: {}
[14.976509] (-) TimerEvent: {}
[15.077296] (-) TimerEvent: {}
[15.178111] (-) TimerEvent: {}
[15.278900] (-) TimerEvent: {}
[15.379640] (-) TimerEvent: {}
[15.480402] (-) TimerEvent: {}
[15.581205] (-) TimerEvent: {}
[15.681959] (-) TimerEvent: {}
[15.782729] (-) TimerEvent: {}
[15.883548] (-) TimerEvent: {}
[15.984338] (-) TimerEvent: {}
[16.085099] (-) TimerEvent: {}
[16.185823] (-) TimerEvent: {}
[16.286558] (-) TimerEvent: {}
[16.387341] (-) TimerEvent: {}
[16.488133] (-) TimerEvent: {}
[16.588928] (-) TimerEvent: {}
[16.689692] (-) TimerEvent: {}
[16.790419] (-) TimerEvent: {}
[16.891208] (-) TimerEvent: {}
[16.991982] (-) TimerEvent: {}
[17.092693] (-) TimerEvent: {}
[17.193395] (-) TimerEvent: {}
[17.294097] (-) TimerEvent: {}
[17.394843] (-) TimerEvent: {}
[17.495586] (-) TimerEvent: {}
[17.596353] (-) TimerEvent: {}
[17.697105] (-) TimerEvent: {}
[17.797839] (-) TimerEvent: {}
[17.898552] (-) TimerEvent: {}
[17.999291] (-) TimerEvent: {}
[18.099967] (-) TimerEvent: {}
[18.200631] (-) TimerEvent: {}
[18.301305] (-) TimerEvent: {}
[18.401996] (-) TimerEvent: {}
[18.502721] (-) TimerEvent: {}
[18.603518] (-) TimerEvent: {}
[18.704243] (-) TimerEvent: {}
[18.804957] (-) TimerEvent: {}
[18.905658] (-) TimerEvent: {}
[19.006337] (-) TimerEvent: {}
[19.107047] (-) TimerEvent: {}
[19.207748] (-) TimerEvent: {}
[19.308447] (-) TimerEvent: {}
[19.409168] (-) TimerEvent: {}
[19.509878] (-) TimerEvent: {}
[19.610630] (-) TimerEvent: {}
[19.711434] (-) TimerEvent: {}
[19.812152] (-) TimerEvent: {}
[19.912842] (-) TimerEvent: {}
[20.013580] (-) TimerEvent: {}
[20.114340] (-) TimerEvent: {}
[20.215125] (-) TimerEvent: {}
[20.315833] (-) TimerEvent: {}
[20.416517] (-) TimerEvent: {}
[20.517240] (-) TimerEvent: {}
[20.618021] (-) TimerEvent: {}
[20.718818] (-) TimerEvent: {}
[20.819535] (-) TimerEvent: {}
[20.920247] (-) TimerEvent: {}
[21.021016] (-) TimerEvent: {}
[21.121720] (-) TimerEvent: {}
[21.222422] (-) TimerEvent: {}
[21.323157] (-) TimerEvent: {}
[21.423851] (-) TimerEvent: {}
[21.524544] (-) TimerEvent: {}
[21.625280] (-) TimerEvent: {}
[21.725961] (-) TimerEvent: {}
[21.826624] (-) TimerEvent: {}
[21.927302] (-) TimerEvent: {}
[22.027965] (-) TimerEvent: {}
[22.128641] (-) TimerEvent: {}
[22.229304] (-) TimerEvent: {}
[22.329977] (-) TimerEvent: {}
[22.430658] (-) TimerEvent: {}
[22.531395] (-) TimerEvent: {}
[22.632062] (-) TimerEvent: {}
[22.732742] (-) TimerEvent: {}
[22.833426] (-) TimerEvent: {}
[22.844622] (vehicle_interface) StdoutLine: {'line': b'[100%] \x1b[32m\x1b[1mLinking CXX executable vehicle_interface_node\x1b[0m\n'}
[22.933618] (-) TimerEvent: {}
[23.034306] (-) TimerEvent: {}
[23.135161] (-) TimerEvent: {}
[23.235969] (-) TimerEvent: {}
[23.336715] (-) TimerEvent: {}
[23.437435] (-) TimerEvent: {}
[23.538163] (-) TimerEvent: {}
[23.561210] (vehicle_interface) StdoutLine: {'line': b'[100%] Built target vehicle_interface_node\n'}
[23.586982] (vehicle_interface) CommandEnded: {'returncode': 0}
[23.589267] (vehicle_interface) JobProgress: {'identifier': 'vehicle_interface', 'progress': 'install'}
[23.608763] (vehicle_interface) Command: {'cmd': ['/usr/bin/cmake', '--install', '/home/wowjw/Project/Automobile/Phase4/ros2_ws/build/vehicle_interface'], 'cwd': '/home/wowjw/Project/Automobile/Phase4/ros2_ws/build/vehicle_interface', 'env': OrderedDict([('LESSOPEN', '| /usr/bin/lesspipe %s'), ('USER', 'wowjw'), ('SSH_CLIENT', '192.168.0.161 59356 22'), ('XDG_SESSION_TYPE', 'tty'), ('GIT_ASKPASS', '/home/wowjw/.vscode-server/cli/servers/Stable-110a328ea54b42367b803ec53ee0bf52ef26b419/server/extensions/git/dist/askpass.sh'), ('SHLVL', '1'), ('LD_LIBRARY_PATH', '/home/wowjw/Project/Automobile/Phase4/ros2_ws/install/vehicle_interface/lib:/home/wowjw/Project/Automobile/Phase4/install/vehicle_controller/lib:/home/wowjw/Project/Automobile/Phase4/install/vehicle_interface/lib:/usr/local/cuda-12.6/lib64:/opt/ros/humble/opt/rviz_ogre_vendor/lib:/opt/ros/humble/lib/aarch64-linux-gnu:/opt/ros/humble/lib:/usr/local/cuda-12.6/lib64:'), ('BROWSER', '/home/wowjw/.vscode-server/cli/servers/Stable-110a328ea54b42367b803ec53ee0bf52ef26b419/server/bin/helpers/browser.sh'), ('MOTD_SHOWN', 'pam'), ('HOME', '/home/wowjw'), ('OLDPWD', '/home/wowjw/Project/Automobile/Phase4'), ('TERM_PROGRAM_VERSION', '1.134.0'), ('VSCODE_IPC_HOOK_CLI', '/run/user/1000/vscode-ipc-4255334a-044f-4380-98d5-9c857eb0149d.sock'), ('ROS_PYTHON_VERSION', '3'), ('VSCODE_GIT_ASKPASS_MAIN', '/home/wowjw/.vscode-server/cli/servers/Stable-110a328ea54b42367b803ec53ee0bf52ef26b419/server/extensions/git/dist/askpass-main.js'), ('PS1', '\\[\x1b]633;A\x07\\]\\[\\e[32m\\]\\u@\\h\\[\\e[m\\]:\\[\\e[34m\\]\\w\\[\\e[33m\\]$(parse_git_branch)\\[\\e[m\\]$ \\[\x1b]633;B\x07\\]'), ('VSCODE_GIT_ASKPASS_NODE', '/home/wowjw/.vscode-server/cli/servers/Stable-110a328ea54b42367b803ec53ee0bf52ef26b419/server/node'), ('VSCODE_PYTHON_AUTOACTIVATE_GUARD', '1'), ('DBUS_SESSION_BUS_ADDRESS', 'unix:path=/run/user/1000/bus'), ('COLORTERM', 'truecolor'), ('COLCON_PREFIX_PATH', '/home/wowjw/Project/Automobile/Phase4/ros2_ws/install:/home/wowjw/Project/Automobile/Phase4/install'), ('ROS_DISTRO', 'humble'), ('LOGNAME', 'wowjw'), ('_', '/usr/bin/colcon'), ('ROS_VERSION', '2'), ('XDG_SESSION_CLASS', 'user'), ('TERM', 'xterm-256color'), ('XDG_SESSION_ID', '2'), ('ROS_LOCALHOST_ONLY', '0'), ('PATH', '/usr/local/cuda-12.6/bin:/home/wowjw/.vscode-server/data/User/globalStorage/github.copilot-chat/debugCommand:/home/wowjw/.vscode-server/data/User/globalStorage/github.copilot-chat/copilotCli:/home/wowjw/.vscode-server/cli/servers/Stable-110a328ea54b42367b803ec53ee0bf52ef26b419/server/bin/remote-cli:/home/wowjw/.local/bin:/opt/ros/humble/bin:/usr/local/cuda-12.6/bin:/usr/local/sbin:/usr/local/bin:/usr/sbin:/usr/bin:/sbin:/bin:/usr/games:/usr/local/games:/snap/bin'), ('XDG_RUNTIME_DIR', '/run/user/1000'), ('LANG', 'en_US.UTF-8'), ('LS_COLORS', 'rs=0:di=01;34:ln=01;36:mh=00:pi=40;33:so=01;35:do=01;35:bd=40;33;01:cd=40;33;01:or=40;31;01:mi=00:su=37;41:sg=30;43:ca=30;41:tw=30;42:ow=34;42:st=37;44:ex=01;32:*.tar=01;31:*.tgz=01;31:*.arc=01;31:*.arj=01;31:*.taz=01;31:*.lha=01;31:*.lz4=01;31:*.lzh=01;31:*.lzma=01;31:*.tlz=01;31:*.txz=01;31:*.tzo=01;31:*.t7z=01;31:*.zip=01;31:*.z=01;31:*.dz=01;31:*.gz=01;31:*.lrz=01;31:*.lz=01;31:*.lzo=01;31:*.xz=01;31:*.zst=01;31:*.tzst=01;31:*.bz2=01;31:*.bz=01;31:*.tbz=01;31:*.tbz2=01;31:*.tz=01;31:*.deb=01;31:*.rpm=01;31:*.jar=01;31:*.war=01;31:*.ear=01;31:*.sar=01;31:*.rar=01;31:*.alz=01;31:*.ace=01;31:*.zoo=01;31:*.cpio=01;31:*.7z=01;31:*.rz=01;31:*.cab=01;31:*.wim=01;31:*.swm=01;31:*.dwm=01;31:*.esd=01;31:*.jpg=01;35:*.jpeg=01;35:*.mjpg=01;35:*.mjpeg=01;35:*.gif=01;35:*.bmp=01;35:*.pbm=01;35:*.pgm=01;35:*.ppm=01;35:*.tga=01;35:*.xbm=01;35:*.xpm=01;35:*.tif=01;35:*.tiff=01;35:*.png=01;35:*.svg=01;35:*.svgz=01;35:*.mng=01;35:*.pcx=01;35:*.mov=01;35:*.mpg=01;35:*.mpeg=01;35:*.m2v=01;35:*.mkv=01;35:*.webm=01;35:*.webp=01;35:*.ogm=01;35:*.mp4=01;35:*.m4v=01;35:*.mp4v=01;35:*.vob=01;35:*.qt=01;35:*.nuv=01;35:*.wmv=01;35:*.asf=01;35:*.rm=01;35:*.rmvb=01;35:*.flc=01;35:*.avi=01;35:*.fli=01;35:*.flv=01;35:*.gl=01;35:*.dl=01;35:*.xcf=01;35:*.xwd=01;35:*.yuv=01;35:*.cgm=01;35:*.emf=01;35:*.ogv=01;35:*.ogx=01;35:*.aac=00;36:*.au=00;36:*.flac=00;36:*.m4a=00;36:*.mid=00;36:*.midi=00;36:*.mka=00;36:*.mp3=00;36:*.mpc=00;36:*.ogg=00;36:*.ra=00;36:*.wav=00;36:*.oga=00;36:*.opus=00;36:*.spx=00;36:*.xspf=00;36:'), ('VSCODE_GIT_IPC_HANDLE', '/run/user/1000/vscode-git-c1ac1f4f39.sock'), ('TERM_PROGRAM', 'vscode'), ('AMENT_PREFIX_PATH', '/home/wowjw/Project/Automobile/Phase4/ros2_ws/install/vehicle_controller:/home/wowjw/Project/Automobile/Phase4/ros2_ws/install/vehicle_interface:/home/wowjw/Project/Automobile/Phase4/install/vehicle_controller:/home/wowjw/Project/Automobile/Phase4/install/vehicle_interface:/opt/ros/humble'), ('SHELL', '/bin/bash'), ('LESSCLOSE', '/usr/bin/lesspipe %s %s'), ('VSCODE_GIT_ASKPASS_EXTRA_ARGS', ''), ('PWD', '/home/wowjw/Project/Automobile/Phase4/ros2_ws/build/vehicle_interface'), ('LC_ALL', 'en_US.UTF-8'), ('COPILOT_DEBUG_NONCE', '9fb98c99a0663c7f3298287e6ff935d5'), ('SSH_CONNECTION', '192.168.0.161 59356 192.168.0.133 22'), ('XDG_DATA_DIRS', '/usr/share/gnome:/usr/local/share:/usr/share:/var/lib/snapd/desktop'), ('PYTHONPATH', '/home/wowjw/Project/Automobile/Phase4/ros2_ws/install/vehicle_interface/local/lib/python3.10/dist-packages:/home/wowjw/Project/Automobile/Phase4/install/vehicle_interface/local/lib/python3.10/dist-packages:/opt/ros/humble/lib/python3.10/site-packages:/opt/ros/humble/local/lib/python3.10/dist-packages'), ('COLCON', '1'), ('CMAKE_PREFIX_PATH', '/home/wowjw/Project/Automobile/Phase4/ros2_ws/install/vehicle_controller:/home/wowjw/Project/Automobile/Phase4/ros2_ws/install/vehicle_interface:/home/wowjw/Project/Automobile/Phase4/install/vehicle_controller:/home/wowjw/Project/Automobile/Phase4/install/vehicle_interface:/opt/ros/humble')]), 'shell': False}
[23.628284] (vehicle_interface) StdoutLine: {'line': b'-- Install configuration: ""\n'}
[23.628808] (vehicle_interface) StdoutLine: {'line': b'-- Installing: /home/wowjw/Project/Automobile/Phase4/ros2_ws/install/vehicle_interface/share/ament_index/resource_index/rosidl_interfaces/vehicle_interface\n'}
[23.629136] (vehicle_interface) StdoutLine: {'line': b'-- Installing: /home/wowjw/Project/Automobile/Phase4/ros2_ws/install/vehicle_interface/include/vehicle_interface/vehicle_interface\n'}
[23.629451] (vehicle_interface) StdoutLine: {'line': b'-- Installing: /home/wowjw/Project/Automobile/Phase4/ros2_ws/install/vehicle_interface/include/vehicle_interface/vehicle_interface/msg\n'}
[23.629649] (vehicle_interface) StdoutLine: {'line': b'-- Installing: /home/wowjw/Project/Automobile/Phase4/ros2_ws/install/vehicle_interface/include/vehicle_interface/vehicle_interface/msg/detail\n'}
[23.629837] (vehicle_interface) StdoutLine: {'line': b'-- Installing: /home/wowjw/Project/Automobile/Phase4/ros2_ws/install/vehicle_interface/include/vehicle_interface/vehicle_interface/msg/detail/vehicle_feedback__type_support.h\n'}
[23.630041] (vehicle_interface) StdoutLine: {'line': b'-- Installing: /home/wowjw/Project/Automobile/Phase4/ros2_ws/install/vehicle_interface/include/vehicle_interface/vehicle_interface/msg/detail/vehicle_feedback__functions.h\n'}
[23.630319] (vehicle_interface) StdoutLine: {'line': b'-- Installing: /home/wowjw/Project/Automobile/Phase4/ros2_ws/install/vehicle_interface/include/vehicle_interface/vehicle_interface/msg/detail/vehicle_command__type_support.h\n'}
[23.630559] (vehicle_interface) StdoutLine: {'line': b'-- Installing: /home/wowjw/Project/Automobile/Phase4/ros2_ws/install/vehicle_interface/include/vehicle_interface/vehicle_interface/msg/detail/vehicle_feedback__struct.h\n'}
[23.630837] (vehicle_interface) StdoutLine: {'line': b'-- Installing: /home/wowjw/Project/Automobile/Phase4/ros2_ws/install/vehicle_interface/include/vehicle_interface/vehicle_interface/msg/detail/vehicle_command__functions.c\n'}
[23.631120] (vehicle_interface) StdoutLine: {'line': b'-- Installing: /home/wowjw/Project/Automobile/Phase4/ros2_ws/install/vehicle_interface/include/vehicle_interface/vehicle_interface/msg/detail/vehicle_command__functions.h\n'}
[23.631331] (vehicle_interface) StdoutLine: {'line': b'-- Installing: /home/wowjw/Project/Automobile/Phase4/ros2_ws/install/vehicle_interface/include/vehicle_interface/vehicle_interface/msg/detail/vehicle_command__struct.h\n'}
[23.631559] (vehicle_interface) StdoutLine: {'line': b'-- Installing: /home/wowjw/Project/Automobile/Phase4/ros2_ws/install/vehicle_interface/include/vehicle_interface/vehicle_interface/msg/detail/vehicle_feedback__functions.c\n'}
[23.631796] (vehicle_interface) StdoutLine: {'line': b'-- Installing: /home/wowjw/Project/Automobile/Phase4/ros2_ws/install/vehicle_interface/include/vehicle_interface/vehicle_interface/msg/vehicle_feedback.h\n'}
[23.632011] (vehicle_interface) StdoutLine: {'line': b'-- Installing: /home/wowjw/Project/Automobile/Phase4/ros2_ws/install/vehicle_interface/include/vehicle_interface/vehicle_interface/msg/vehicle_command.h\n'}
[23.632238] (vehicle_interface) StdoutLine: {'line': b'-- Installing: /home/wowjw/Project/Automobile/Phase4/ros2_ws/install/vehicle_interface/include/vehicle_interface/vehicle_interface/msg/rosidl_generator_c__visibility_control.h\n'}
[23.632654] (vehicle_interface) StdoutLine: {'line': b'-- Installing: /home/wowjw/Project/Automobile/Phase4/ros2_ws/install/vehicle_interface/share/vehicle_interface/environment/library_path.sh\n'}
[23.632937] (vehicle_interface) StdoutLine: {'line': b'-- Installing: /home/wowjw/Project/Automobile/Phase4/ros2_ws/install/vehicle_interface/share/vehicle_interface/environment/library_path.dsv\n'}
[23.633348] (vehicle_interface) StdoutLine: {'line': b'-- Installing: /home/wowjw/Project/Automobile/Phase4/ros2_ws/install/vehicle_interface/lib/libvehicle_interface__rosidl_generator_c.so\n'}
[23.634061] (vehicle_interface) StdoutLine: {'line': b'-- Set runtime path of "/home/wowjw/Project/Automobile/Phase4/ros2_ws/install/vehicle_interface/lib/libvehicle_interface__rosidl_generator_c.so" to ""\n'}
[23.634317] (vehicle_interface) StdoutLine: {'line': b'-- Up-to-date: /home/wowjw/Project/Automobile/Phase4/ros2_ws/install/vehicle_interface/include/vehicle_interface/vehicle_interface\n'}
[23.634495] (vehicle_interface) StdoutLine: {'line': b'-- Up-to-date: /home/wowjw/Project/Automobile/Phase4/ros2_ws/install/vehicle_interface/include/vehicle_interface/vehicle_interface/msg\n'}
[23.634675] (vehicle_interface) StdoutLine: {'line': b'-- Installing: /home/wowjw/Project/Automobile/Phase4/ros2_ws/install/vehicle_interface/include/vehicle_interface/vehicle_interface/msg/rosidl_typesupport_fastrtps_c__visibility_control.h\n'}
[23.634839] (vehicle_interface) StdoutLine: {'line': b'-- Up-to-date: /home/wowjw/Project/Automobile/Phase4/ros2_ws/install/vehicle_interface/include/vehicle_interface/vehicle_interface/msg/detail\n'}
[23.635028] (vehicle_interface) StdoutLine: {'line': b'-- Installing: /home/wowjw/Project/Automobile/Phase4/ros2_ws/install/vehicle_interface/include/vehicle_interface/vehicle_interface/msg/detail/vehicle_command__rosidl_typesupport_fastrtps_c.h\n'}
[23.635162] (vehicle_interface) StdoutLine: {'line': b'-- Installing: /home/wowjw/Project/Automobile/Phase4/ros2_ws/install/vehicle_interface/include/vehicle_interface/vehicle_interface/msg/detail/vehicle_feedback__rosidl_typesupport_fastrtps_c.h\n'}
[23.635325] (vehicle_interface) StdoutLine: {'line': b'-- Installing: /home/wowjw/Project/Automobile/Phase4/ros2_ws/install/vehicle_interface/lib/libvehicle_interface__rosidl_typesupport_fastrtps_c.so\n'}
[23.636200] (vehicle_interface) StdoutLine: {'line': b'-- Set runtime path of "/home/wowjw/Project/Automobile/Phase4/ros2_ws/install/vehicle_interface/lib/libvehicle_interface__rosidl_typesupport_fastrtps_c.so" to ""\n'}
[23.636460] (vehicle_interface) StdoutLine: {'line': b'-- Up-to-date: /home/wowjw/Project/Automobile/Phase4/ros2_ws/install/vehicle_interface/include/vehicle_interface/vehicle_interface\n'}
[23.636648] (vehicle_interface) StdoutLine: {'line': b'-- Up-to-date: /home/wowjw/Project/Automobile/Phase4/ros2_ws/install/vehicle_interface/include/vehicle_interface/vehicle_interface/msg\n'}
[23.636819] (vehicle_interface) StdoutLine: {'line': b'-- Installing: /home/wowjw/Project/Automobile/Phase4/ros2_ws/install/vehicle_interface/include/vehicle_interface/vehicle_interface/msg/vehicle_feedback.hpp\n'}
[23.636986] (vehicle_interface) StdoutLine: {'line': b'-- Installing: /home/wowjw/Project/Automobile/Phase4/ros2_ws/install/vehicle_interface/include/vehicle_interface/vehicle_interface/msg/vehicle_command.hpp\n'}
[23.637147] (vehicle_interface) StdoutLine: {'line': b'-- Up-to-date: /home/wowjw/Project/Automobile/Phase4/ros2_ws/install/vehicle_interface/include/vehicle_interface/vehicle_interface/msg/detail\n'}
[23.637309] (vehicle_interface) StdoutLine: {'line': b'-- Installing: /home/wowjw/Project/Automobile/Phase4/ros2_ws/install/vehicle_interface/include/vehicle_interface/vehicle_interface/msg/detail/vehicle_command__struct.hpp\n'}
[23.637439] (vehicle_interface) StdoutLine: {'line': b'-- Installing: /home/wowjw/Project/Automobile/Phase4/ros2_ws/install/vehicle_interface/include/vehicle_interface/vehicle_interface/msg/detail/vehicle_feedback__builder.hpp\n'}
[23.637594] (vehicle_interface) StdoutLine: {'line': b'-- Installing: /home/wowjw/Project/Automobile/Phase4/ros2_ws/install/vehicle_interface/include/vehicle_interface/vehicle_interface/msg/detail/vehicle_command__type_support.hpp\n'}
[23.637745] (vehicle_interface) StdoutLine: {'line': b'-- Installing: /home/wowjw/Project/Automobile/Phase4/ros2_ws/install/vehicle_interface/include/vehicle_interface/vehicle_interface/msg/detail/vehicle_command__traits.hpp\n'}
[23.637928] (vehicle_interface) StdoutLine: {'line': b'-- Installing: /home/wowjw/Project/Automobile/Phase4/ros2_ws/install/vehicle_interface/include/vehicle_interface/vehicle_interface/msg/detail/vehicle_feedback__traits.hpp\n'}
[23.638162] (vehicle_interface) StdoutLine: {'line': b'-- Installing: /home/wowjw/Project/Automobile/Phase4/ros2_ws/install/vehicle_interface/include/vehicle_interface/vehicle_interface/msg/detail/vehicle_feedback__struct.hpp\n'}
[23.638296] (-) TimerEvent: {}
[23.638537] (vehicle_interface) StdoutLine: {'line': b'-- Installing: /home/wowjw/Project/Automobile/Phase4/ros2_ws/install/vehicle_interface/include/vehicle_interface/vehicle_interface/msg/detail/vehicle_command__builder.hpp\n'}
[23.638747] (vehicle_interface) StdoutLine: {'line': b'-- Installing: /home/wowjw/Project/Automobile/Phase4/ros2_ws/install/vehicle_interface/include/vehicle_interface/vehicle_interface/msg/detail/vehicle_feedback__type_support.hpp\n'}
[23.638990] (vehicle_interface) StdoutLine: {'line': b'-- Installing: /home/wowjw/Project/Automobile/Phase4/ros2_ws/install/vehicle_interface/include/vehicle_interface/vehicle_interface/msg/rosidl_generator_cpp__visibility_control.hpp\n'}
[23.639200] (vehicle_interface) StdoutLine: {'line': b'-- Up-to-date: /home/wowjw/Project/Automobile/Phase4/ros2_ws/install/vehicle_interface/include/vehicle_interface/vehicle_interface\n'}
[23.639401] (vehicle_interface) StdoutLine: {'line': b'-- Up-to-date: /home/wowjw/Project/Automobile/Phase4/ros2_ws/install/vehicle_interface/include/vehicle_interface/vehicle_interface/msg\n'}
[23.639527] (vehicle_interface) StdoutLine: {'line': b'-- Installing: /home/wowjw/Project/Automobile/Phase4/ros2_ws/install/vehicle_interface/include/vehicle_interface/vehicle_interface/msg/rosidl_typesupport_fastrtps_cpp__visibility_control.h\n'}
[23.639704] (vehicle_interface) StdoutLine: {'line': b'-- Up-to-date: /home/wowjw/Project/Automobile/Phase4/ros2_ws/install/vehicle_interface/include/vehicle_interface/vehicle_interface/msg/detail\n'}
[23.639847] (vehicle_interface) StdoutLine: {'line': b'-- Installing: /home/wowjw/Project/Automobile/Phase4/ros2_ws/install/vehicle_interface/include/vehicle_interface/vehicle_interface/msg/detail/dds_fastrtps\n'}
[23.639971] (vehicle_interface) StdoutLine: {'line': b'-- Installing: /home/wowjw/Project/Automobile/Phase4/ros2_ws/install/vehicle_interface/include/vehicle_interface/vehicle_interface/msg/detail/vehicle_command__rosidl_typesupport_fastrtps_cpp.hpp\n'}
[23.640132] (vehicle_interface) StdoutLine: {'line': b'-- Installing: /home/wowjw/Project/Automobile/Phase4/ros2_ws/install/vehicle_interface/include/vehicle_interface/vehicle_interface/msg/detail/vehicle_feedback__rosidl_typesupport_fastrtps_cpp.hpp\n'}
[23.640348] (vehicle_interface) StdoutLine: {'line': b'-- Installing: /home/wowjw/Project/Automobile/Phase4/ros2_ws/install/vehicle_interface/lib/libvehicle_interface__rosidl_typesupport_fastrtps_cpp.so\n'}
[23.641062] (vehicle_interface) StdoutLine: {'line': b'-- Set runtime path of "/home/wowjw/Project/Automobile/Phase4/ros2_ws/install/vehicle_interface/lib/libvehicle_interface__rosidl_typesupport_fastrtps_cpp.so" to ""\n'}
[23.641293] (vehicle_interface) StdoutLine: {'line': b'-- Up-to-date: /home/wowjw/Project/Automobile/Phase4/ros2_ws/install/vehicle_interface/include/vehicle_interface/vehicle_interface\n'}
[23.641460] (vehicle_interface) StdoutLine: {'line': b'-- Up-to-date: /home/wowjw/Project/Automobile/Phase4/ros2_ws/install/vehicle_interface/include/vehicle_interface/vehicle_interface/msg\n'}
[23.641644] (vehicle_interface) StdoutLine: {'line': b'-- Installing: /home/wowjw/Project/Automobile/Phase4/ros2_ws/install/vehicle_interface/include/vehicle_interface/vehicle_interface/msg/rosidl_typesupport_introspection_c__visibility_control.h\n'}
[23.641771] (vehicle_interface) StdoutLine: {'line': b'-- Up-to-date: /home/wowjw/Project/Automobile/Phase4/ros2_ws/install/vehicle_interface/include/vehicle_interface/vehicle_interface/msg/detail\n'}
[23.641924] (vehicle_interface) StdoutLine: {'line': b'-- Installing: /home/wowjw/Project/Automobile/Phase4/ros2_ws/install/vehicle_interface/include/vehicle_interface/vehicle_interface/msg/detail/vehicle_feedback__rosidl_typesupport_introspection_c.h\n'}
[23.642044] (vehicle_interface) StdoutLine: {'line': b'-- Installing: /home/wowjw/Project/Automobile/Phase4/ros2_ws/install/vehicle_interface/include/vehicle_interface/vehicle_interface/msg/detail/vehicle_feedback__type_support.c\n'}
[23.642196] (vehicle_interface) StdoutLine: {'line': b'-- Installing: /home/wowjw/Project/Automobile/Phase4/ros2_ws/install/vehicle_interface/include/vehicle_interface/vehicle_interface/msg/detail/vehicle_command__rosidl_typesupport_introspection_c.h\n'}
[23.642348] (vehicle_interface) StdoutLine: {'line': b'-- Installing: /home/wowjw/Project/Automobile/Phase4/ros2_ws/install/vehicle_interface/include/vehicle_interface/vehicle_interface/msg/detail/vehicle_command__type_support.c\n'}
[23.642588] (vehicle_interface) StdoutLine: {'line': b'-- Installing: /home/wowjw/Project/Automobile/Phase4/ros2_ws/install/vehicle_interface/lib/libvehicle_interface__rosidl_typesupport_introspection_c.so\n'}
[23.643219] (vehicle_interface) StdoutLine: {'line': b'-- Set runtime path of "/home/wowjw/Project/Automobile/Phase4/ros2_ws/install/vehicle_interface/lib/libvehicle_interface__rosidl_typesupport_introspection_c.so" to ""\n'}
[23.643418] (vehicle_interface) StdoutLine: {'line': b'-- Installing: /home/wowjw/Project/Automobile/Phase4/ros2_ws/install/vehicle_interface/lib/libvehicle_interface__rosidl_typesupport_c.so\n'}
[23.643904] (vehicle_interface) StdoutLine: {'line': b'-- Set runtime path of "/home/wowjw/Project/Automobile/Phase4/ros2_ws/install/vehicle_interface/lib/libvehicle_interface__rosidl_typesupport_c.so" to ""\n'}
[23.644158] (vehicle_interface) StdoutLine: {'line': b'-- Up-to-date: /home/wowjw/Project/Automobile/Phase4/ros2_ws/install/vehicle_interface/include/vehicle_interface/vehicle_interface\n'}
[23.644305] (vehicle_interface) StdoutLine: {'line': b'-- Up-to-date: /home/wowjw/Project/Automobile/Phase4/ros2_ws/install/vehicle_interface/include/vehicle_interface/vehicle_interface/msg\n'}
[23.644427] (vehicle_interface) StdoutLine: {'line': b'-- Up-to-date: /home/wowjw/Project/Automobile/Phase4/ros2_ws/install/vehicle_interface/include/vehicle_interface/vehicle_interface/msg/detail\n'}
[23.644615] (vehicle_interface) StdoutLine: {'line': b'-- Installing: /home/wowjw/Project/Automobile/Phase4/ros2_ws/install/vehicle_interface/include/vehicle_interface/vehicle_interface/msg/detail/vehicle_feedback__rosidl_typesupport_introspection_cpp.hpp\n'}
[23.644772] (vehicle_interface) StdoutLine: {'line': b'-- Installing: /home/wowjw/Project/Automobile/Phase4/ros2_ws/install/vehicle_interface/include/vehicle_interface/vehicle_interface/msg/detail/vehicle_command__type_support.cpp\n'}
[23.644903] (vehicle_interface) StdoutLine: {'line': b'-- Installing: /home/wowjw/Project/Automobile/Phase4/ros2_ws/install/vehicle_interface/include/vehicle_interface/vehicle_interface/msg/detail/vehicle_feedback__type_support.cpp\n'}
[23.645049] (vehicle_interface) StdoutLine: {'line': b'-- Installing: /home/wowjw/Project/Automobile/Phase4/ros2_ws/install/vehicle_interface/include/vehicle_interface/vehicle_interface/msg/detail/vehicle_command__rosidl_typesupport_introspection_cpp.hpp\n'}
[23.645207] (vehicle_interface) StdoutLine: {'line': b'-- Installing: /home/wowjw/Project/Automobile/Phase4/ros2_ws/install/vehicle_interface/lib/libvehicle_interface__rosidl_typesupport_introspection_cpp.so\n'}
[23.645833] (vehicle_interface) StdoutLine: {'line': b'-- Set runtime path of "/home/wowjw/Project/Automobile/Phase4/ros2_ws/install/vehicle_interface/lib/libvehicle_interface__rosidl_typesupport_introspection_cpp.so" to ""\n'}
[23.646109] (vehicle_interface) StdoutLine: {'line': b'-- Installing: /home/wowjw/Project/Automobile/Phase4/ros2_ws/install/vehicle_interface/lib/libvehicle_interface__rosidl_typesupport_cpp.so\n'}
[23.646509] (vehicle_interface) StdoutLine: {'line': b'-- Set runtime path of "/home/wowjw/Project/Automobile/Phase4/ros2_ws/install/vehicle_interface/lib/libvehicle_interface__rosidl_typesupport_cpp.so" to ""\n'}
[23.646722] (vehicle_interface) StdoutLine: {'line': b'-- Installing: /home/wowjw/Project/Automobile/Phase4/ros2_ws/install/vehicle_interface/share/vehicle_interface/environment/pythonpath.sh\n'}
[23.646912] (vehicle_interface) StdoutLine: {'line': b'-- Installing: /home/wowjw/Project/Automobile/Phase4/ros2_ws/install/vehicle_interface/share/vehicle_interface/environment/pythonpath.dsv\n'}
[23.647107] (vehicle_interface) StdoutLine: {'line': b'-- Installing: /home/wowjw/Project/Automobile/Phase4/ros2_ws/install/vehicle_interface/local/lib/python3.10/dist-packages/vehicle_interface-0.0.0-py3.10.egg-info\n'}
[23.647433] (vehicle_interface) StdoutLine: {'line': b'-- Installing: /home/wowjw/Project/Automobile/Phase4/ros2_ws/install/vehicle_interface/local/lib/python3.10/dist-packages/vehicle_interface-0.0.0-py3.10.egg-info/SOURCES.txt\n'}
[23.647636] (vehicle_interface) StdoutLine: {'line': b'-- Installing: /home/wowjw/Project/Automobile/Phase4/ros2_ws/install/vehicle_interface/local/lib/python3.10/dist-packages/vehicle_interface-0.0.0-py3.10.egg-info/dependency_links.txt\n'}
[23.647831] (vehicle_interface) StdoutLine: {'line': b'-- Installing: /home/wowjw/Project/Automobile/Phase4/ros2_ws/install/vehicle_interface/local/lib/python3.10/dist-packages/vehicle_interface-0.0.0-py3.10.egg-info/top_level.txt\n'}
[23.648024] (vehicle_interface) StdoutLine: {'line': b'-- Installing: /home/wowjw/Project/Automobile/Phase4/ros2_ws/install/vehicle_interface/local/lib/python3.10/dist-packages/vehicle_interface-0.0.0-py3.10.egg-info/PKG-INFO\n'}
[23.648303] (vehicle_interface) StdoutLine: {'line': b'-- Installing: /home/wowjw/Project/Automobile/Phase4/ros2_ws/install/vehicle_interface/local/lib/python3.10/dist-packages/vehicle_interface\n'}
[23.648516] (vehicle_interface) StdoutLine: {'line': b'-- Installing: /home/wowjw/Project/Automobile/Phase4/ros2_ws/install/vehicle_interface/local/lib/python3.10/dist-packages/vehicle_interface/_vehicle_interface_s.ep.rosidl_typesupport_introspection_c.c\n'}
[23.648715] (vehicle_interface) StdoutLine: {'line': b'-- Installing: /home/wowjw/Project/Automobile/Phase4/ros2_ws/install/vehicle_interface/local/lib/python3.10/dist-packages/vehicle_interface/vehicle_interface_s__rosidl_typesupport_introspection_c.cpython-310-aarch64-linux-gnu.so\n'}
[23.648958] (vehicle_interface) StdoutLine: {'line': b'-- Installing: /home/wowjw/Project/Automobile/Phase4/ros2_ws/install/vehicle_interface/local/lib/python3.10/dist-packages/vehicle_interface/vehicle_interface_s__rosidl_typesupport_fastrtps_c.cpython-310-aarch64-linux-gnu.so\n'}
[23.649196] (vehicle_interface) StdoutLine: {'line': b'-- Installing: /home/wowjw/Project/Automobile/Phase4/ros2_ws/install/vehicle_interface/local/lib/python3.10/dist-packages/vehicle_interface/_vehicle_interface_s.ep.rosidl_typesupport_c.c\n'}
[23.649428] (vehicle_interface) StdoutLine: {'line': b'-- Installing: /home/wowjw/Project/Automobile/Phase4/ros2_ws/install/vehicle_interface/local/lib/python3.10/dist-packages/vehicle_interface/libvehicle_interface__rosidl_generator_py.so\n'}
[23.649682] (vehicle_interface) StdoutLine: {'line': b'-- Installing: /home/wowjw/Project/Automobile/Phase4/ros2_ws/install/vehicle_interface/local/lib/python3.10/dist-packages/vehicle_interface/__init__.py\n'}
[23.649867] (vehicle_interface) StdoutLine: {'line': b'-- Installing: /home/wowjw/Project/Automobile/Phase4/ros2_ws/install/vehicle_interface/local/lib/python3.10/dist-packages/vehicle_interface/vehicle_interface_s__rosidl_typesupport_c.cpython-310-aarch64-linux-gnu.so\n'}
[23.650100] (vehicle_interface) StdoutLine: {'line': b'-- Installing: /home/wowjw/Project/Automobile/Phase4/ros2_ws/install/vehicle_interface/local/lib/python3.10/dist-packages/vehicle_interface/msg\n'}
[23.650278] (vehicle_interface) StdoutLine: {'line': b'-- Installing: /home/wowjw/Project/Automobile/Phase4/ros2_ws/install/vehicle_interface/local/lib/python3.10/dist-packages/vehicle_interface/msg/_vehicle_command_s.c\n'}
[23.650495] (vehicle_interface) StdoutLine: {'line': b'-- Installing: /home/wowjw/Project/Automobile/Phase4/ros2_ws/install/vehicle_interface/local/lib/python3.10/dist-packages/vehicle_interface/msg/_vehicle_command.py\n'}
[23.650711] (vehicle_interface) StdoutLine: {'line': b'-- Installing: /home/wowjw/Project/Automobile/Phase4/ros2_ws/install/vehicle_interface/local/lib/python3.10/dist-packages/vehicle_interface/msg/_vehicle_feedback.py\n'}
[23.650975] (vehicle_interface) StdoutLine: {'line': b'-- Installing: /home/wowjw/Project/Automobile/Phase4/ros2_ws/install/vehicle_interface/local/lib/python3.10/dist-packages/vehicle_interface/msg/__init__.py\n'}
[23.651164] (vehicle_interface) StdoutLine: {'line': b'-- Installing: /home/wowjw/Project/Automobile/Phase4/ros2_ws/install/vehicle_interface/local/lib/python3.10/dist-packages/vehicle_interface/msg/_vehicle_feedback_s.c\n'}
[23.651440] (vehicle_interface) StdoutLine: {'line': b'-- Installing: /home/wowjw/Project/Automobile/Phase4/ros2_ws/install/vehicle_interface/local/lib/python3.10/dist-packages/vehicle_interface/_vehicle_interface_s.ep.rosidl_typesupport_fastrtps_c.c\n'}
[23.715774] (vehicle_interface) StdoutLine: {'line': b"Listing '/home/wowjw/Project/Automobile/Phase4/ros2_ws/install/vehicle_interface/local/lib/python3.10/dist-packages/vehicle_interface'...\n"}
[23.716174] (vehicle_interface) StdoutLine: {'line': b"Compiling '/home/wowjw/Project/Automobile/Phase4/ros2_ws/install/vehicle_interface/local/lib/python3.10/dist-packages/vehicle_interface/__init__.py'...\n"}
[23.716343] (vehicle_interface) StdoutLine: {'line': b"Listing '/home/wowjw/Project/Automobile/Phase4/ros2_ws/install/vehicle_interface/local/lib/python3.10/dist-packages/vehicle_interface/msg'...\n"}
[23.716467] (vehicle_interface) StdoutLine: {'line': b"Compiling '/home/wowjw/Project/Automobile/Phase4/ros2_ws/install/vehicle_interface/local/lib/python3.10/dist-packages/vehicle_interface/msg/__init__.py'...\n"}
[23.716579] (vehicle_interface) StdoutLine: {'line': b"Compiling '/home/wowjw/Project/Automobile/Phase4/ros2_ws/install/vehicle_interface/local/lib/python3.10/dist-packages/vehicle_interface/msg/_vehicle_command.py'...\n"}
[23.716684] (vehicle_interface) StdoutLine: {'line': b"Compiling '/home/wowjw/Project/Automobile/Phase4/ros2_ws/install/vehicle_interface/local/lib/python3.10/dist-packages/vehicle_interface/msg/_vehicle_feedback.py'...\n"}
[23.727035] (vehicle_interface) StdoutLine: {'line': b'-- Installing: /home/wowjw/Project/Automobile/Phase4/ros2_ws/install/vehicle_interface/local/lib/python3.10/dist-packages/vehicle_interface/vehicle_interface_s__rosidl_typesupport_fastrtps_c.cpython-310-aarch64-linux-gnu.so\n'}
[23.727566] (vehicle_interface) StdoutLine: {'line': b'-- Set runtime path of "/home/wowjw/Project/Automobile/Phase4/ros2_ws/install/vehicle_interface/local/lib/python3.10/dist-packages/vehicle_interface/vehicle_interface_s__rosidl_typesupport_fastrtps_c.cpython-310-aarch64-linux-gnu.so" to ""\n'}
[23.727972] (vehicle_interface) StdoutLine: {'line': b'-- Installing: /home/wowjw/Project/Automobile/Phase4/ros2_ws/install/vehicle_interface/local/lib/python3.10/dist-packages/vehicle_interface/vehicle_interface_s__rosidl_typesupport_introspection_c.cpython-310-aarch64-linux-gnu.so\n'}
[23.728619] (vehicle_interface) StdoutLine: {'line': b'-- Set runtime path of "/home/wowjw/Project/Automobile/Phase4/ros2_ws/install/vehicle_interface/local/lib/python3.10/dist-packages/vehicle_interface/vehicle_interface_s__rosidl_typesupport_introspection_c.cpython-310-aarch64-linux-gnu.so" to ""\n'}
[23.729024] (vehicle_interface) StdoutLine: {'line': b'-- Installing: /home/wowjw/Project/Automobile/Phase4/ros2_ws/install/vehicle_interface/local/lib/python3.10/dist-packages/vehicle_interface/vehicle_interface_s__rosidl_typesupport_c.cpython-310-aarch64-linux-gnu.so\n'}
[23.729686] (vehicle_interface) StdoutLine: {'line': b'-- Set runtime path of "/home/wowjw/Project/Automobile/Phase4/ros2_ws/install/vehicle_interface/local/lib/python3.10/dist-packages/vehicle_interface/vehicle_interface_s__rosidl_typesupport_c.cpython-310-aarch64-linux-gnu.so" to ""\n'}
[23.729927] (vehicle_interface) StdoutLine: {'line': b'-- Installing: /home/wowjw/Project/Automobile/Phase4/ros2_ws/install/vehicle_interface/lib/libvehicle_interface__rosidl_generator_py.so\n'}
[23.730655] (vehicle_interface) StdoutLine: {'line': b'-- Set runtime path of "/home/wowjw/Project/Automobile/Phase4/ros2_ws/install/vehicle_interface/lib/libvehicle_interface__rosidl_generator_py.so" to ""\n'}
[23.730946] (vehicle_interface) StdoutLine: {'line': b'-- Installing: /home/wowjw/Project/Automobile/Phase4/ros2_ws/install/vehicle_interface/share/vehicle_interface/msg/VehicleCommand.idl\n'}
[23.731253] (vehicle_interface) StdoutLine: {'line': b'-- Installing: /home/wowjw/Project/Automobile/Phase4/ros2_ws/install/vehicle_interface/share/vehicle_interface/msg/VehicleFeedback.idl\n'}
[23.731556] (vehicle_interface) StdoutLine: {'line': b'-- Installing: /home/wowjw/Project/Automobile/Phase4/ros2_ws/install/vehicle_interface/share/vehicle_interface/msg/VehicleCommand.msg\n'}
[23.731852] (vehicle_interface) StdoutLine: {'line': b'-- Installing: /home/wowjw/Project/Automobile/Phase4/ros2_ws/install/vehicle_interface/share/vehicle_interface/msg/VehicleFeedback.msg\n'}
[23.732336] (vehicle_interface) StdoutLine: {'line': b'-- Installing: /home/wowjw/Project/Automobile/Phase4/ros2_ws/install/vehicle_interface/lib/vehicle_interface/vehicle_interface_node\n'}
[23.738409] (-) TimerEvent: {}
[23.742568] (vehicle_interface) StdoutLine: {'line': b'-- Set runtime path of "/home/wowjw/Project/Automobile/Phase4/ros2_ws/install/vehicle_interface/lib/vehicle_interface/vehicle_interface_node" to ""\n'}
[23.742924] (vehicle_interface) StdoutLine: {'line': b'-- Installing: /home/wowjw/Project/Automobile/Phase4/ros2_ws/install/vehicle_interface/share/ament_index/resource_index/package_run_dependencies/vehicle_interface\n'}
[23.743380] (vehicle_interface) StdoutLine: {'line': b'-- Installing: /home/wowjw/Project/Automobile/Phase4/ros2_ws/install/vehicle_interface/share/ament_index/resource_index/parent_prefix_path/vehicle_interface\n'}
[23.743709] (vehicle_interface) StdoutLine: {'line': b'-- Installing: /home/wowjw/Project/Automobile/Phase4/ros2_ws/install/vehicle_interface/share/vehicle_interface/environment/ament_prefix_path.sh\n'}
[23.744017] (vehicle_interface) StdoutLine: {'line': b'-- Installing: /home/wowjw/Project/Automobile/Phase4/ros2_ws/install/vehicle_interface/share/vehicle_interface/environment/ament_prefix_path.dsv\n'}
[23.744718] (vehicle_interface) StdoutLine: {'line': b'-- Installing: /home/wowjw/Project/Automobile/Phase4/ros2_ws/install/vehicle_interface/share/vehicle_interface/environment/path.sh\n'}
[23.744943] (vehicle_interface) StdoutLine: {'line': b'-- Installing: /home/wowjw/Project/Automobile/Phase4/ros2_ws/install/vehicle_interface/share/vehicle_interface/environment/path.dsv\n'}
[23.745137] (vehicle_interface) StdoutLine: {'line': b'-- Installing: /home/wowjw/Project/Automobile/Phase4/ros2_ws/install/vehicle_interface/share/vehicle_interface/local_setup.bash\n'}
[23.745334] (vehicle_interface) StdoutLine: {'line': b'-- Installing: /home/wowjw/Project/Automobile/Phase4/ros2_ws/install/vehicle_interface/share/vehicle_interface/local_setup.sh\n'}
[23.745587] (vehicle_interface) StdoutLine: {'line': b'-- Installing: /home/wowjw/Project/Automobile/Phase4/ros2_ws/install/vehicle_interface/share/vehicle_interface/local_setup.zsh\n'}
[23.745955] (vehicle_interface) StdoutLine: {'line': b'-- Installing: /home/wowjw/Project/Automobile/Phase4/ros2_ws/install/vehicle_interface/share/vehicle_interface/local_setup.dsv\n'}
[23.746287] (vehicle_interface) StdoutLine: {'line': b'-- Installing: /home/wowjw/Project/Automobile/Phase4/ros2_ws/install/vehicle_interface/share/vehicle_interface/package.dsv\n'}
[23.746681] (vehicle_interface) StdoutLine: {'line': b'-- Installing: /home/wowjw/Project/Automobile/Phase4/ros2_ws/install/vehicle_interface/share/ament_index/resource_index/packages/vehicle_interface\n'}
[23.747109] (vehicle_interface) StdoutLine: {'line': b'-- Installing: /home/wowjw/Project/Automobile/Phase4/ros2_ws/install/vehicle_interface/share/vehicle_interface/cmake/export_vehicle_interface__rosidl_generator_cExport.cmake\n'}
[23.747445] (vehicle_interface) StdoutLine: {'line': b'-- Installing: /home/wowjw/Project/Automobile/Phase4/ros2_ws/install/vehicle_interface/share/vehicle_interface/cmake/export_vehicle_interface__rosidl_generator_cExport-noconfig.cmake\n'}
[23.747811] (vehicle_interface) StdoutLine: {'line': b'-- Installing: /home/wowjw/Project/Automobile/Phase4/ros2_ws/install/vehicle_interface/share/vehicle_interface/cmake/export_vehicle_interface__rosidl_typesupport_fastrtps_cExport.cmake\n'}
[23.748154] (vehicle_interface) StdoutLine: {'line': b'-- Installing: /home/wowjw/Project/Automobile/Phase4/ros2_ws/install/vehicle_interface/share/vehicle_interface/cmake/export_vehicle_interface__rosidl_typesupport_fastrtps_cExport-noconfig.cmake\n'}
[23.748513] (vehicle_interface) StdoutLine: {'line': b'-- Installing: /home/wowjw/Project/Automobile/Phase4/ros2_ws/install/vehicle_interface/share/vehicle_interface/cmake/export_vehicle_interface__rosidl_generator_cppExport.cmake\n'}
[23.748859] (vehicle_interface) StdoutLine: {'line': b'-- Installing: /home/wowjw/Project/Automobile/Phase4/ros2_ws/install/vehicle_interface/share/vehicle_interface/cmake/export_vehicle_interface__rosidl_typesupport_fastrtps_cppExport.cmake\n'}
[23.749208] (vehicle_interface) StdoutLine: {'line': b'-- Installing: /home/wowjw/Project/Automobile/Phase4/ros2_ws/install/vehicle_interface/share/vehicle_interface/cmake/export_vehicle_interface__rosidl_typesupport_fastrtps_cppExport-noconfig.cmake\n'}
[23.749556] (vehicle_interface) StdoutLine: {'line': b'-- Installing: /home/wowjw/Project/Automobile/Phase4/ros2_ws/install/vehicle_interface/share/vehicle_interface/cmake/vehicle_interface__rosidl_typesupport_introspection_cExport.cmake\n'}
[23.749901] (vehicle_interface) StdoutLine: {'line': b'-- Installing: /home/wowjw/Project/Automobile/Phase4/ros2_ws/install/vehicle_interface/share/vehicle_interface/cmake/vehicle_interface__rosidl_typesupport_introspection_cExport-noconfig.cmake\n'}
[23.750255] (vehicle_interface) StdoutLine: {'line': b'-- Installing: /home/wowjw/Project/Automobile/Phase4/ros2_ws/install/vehicle_interface/share/vehicle_interface/cmake/vehicle_interface__rosidl_typesupport_cExport.cmake\n'}
[23.750588] (vehicle_interface) StdoutLine: {'line': b'-- Installing: /home/wowjw/Project/Automobile/Phase4/ros2_ws/install/vehicle_interface/share/vehicle_interface/cmake/vehicle_interface__rosidl_typesupport_cExport-noconfig.cmake\n'}
[23.751436] (vehicle_interface) StdoutLine: {'line': b'-- Installing: /home/wowjw/Project/Automobile/Phase4/ros2_ws/install/vehicle_interface/share/vehicle_interface/cmake/vehicle_interface__rosidl_typesupport_introspection_cppExport.cmake\n'}
[23.752216] (vehicle_interface) StdoutLine: {'line': b'-- Installing: /home/wowjw/Project/Automobile/Phase4/ros2_ws/install/vehicle_interface/share/vehicle_interface/cmake/vehicle_interface__rosidl_typesupport_introspection_cppExport-noconfig.cmake\n'}
[23.752814] (vehicle_interface) StdoutLine: {'line': b'-- Installing: /home/wowjw/Project/Automobile/Phase4/ros2_ws/install/vehicle_interface/share/vehicle_interface/cmake/vehicle_interface__rosidl_typesupport_cppExport.cmake\n'}
[23.753361] (vehicle_interface) StdoutLine: {'line': b'-- Installing: /home/wowjw/Project/Automobile/Phase4/ros2_ws/install/vehicle_interface/share/vehicle_interface/cmake/vehicle_interface__rosidl_typesupport_cppExport-noconfig.cmake\n'}
[23.753939] (vehicle_interface) StdoutLine: {'line': b'-- Installing: /home/wowjw/Project/Automobile/Phase4/ros2_ws/install/vehicle_interface/share/vehicle_interface/cmake/export_vehicle_interface__rosidl_generator_pyExport.cmake\n'}
[23.754495] (vehicle_interface) StdoutLine: {'line': b'-- Installing: /home/wowjw/Project/Automobile/Phase4/ros2_ws/install/vehicle_interface/share/vehicle_interface/cmake/export_vehicle_interface__rosidl_generator_pyExport-noconfig.cmake\n'}
[23.755050] (vehicle_interface) StdoutLine: {'line': b'-- Installing: /home/wowjw/Project/Automobile/Phase4/ros2_ws/install/vehicle_interface/share/vehicle_interface/cmake/rosidl_cmake-extras.cmake\n'}
[23.755381] (vehicle_interface) StdoutLine: {'line': b'-- Installing: /home/wowjw/Project/Automobile/Phase4/ros2_ws/install/vehicle_interface/share/vehicle_interface/cmake/ament_cmake_export_include_directories-extras.cmake\n'}
[23.755694] (vehicle_interface) StdoutLine: {'line': b'-- Installing: /home/wowjw/Project/Automobile/Phase4/ros2_ws/install/vehicle_interface/share/vehicle_interface/cmake/ament_cmake_export_libraries-extras.cmake\n'}
[23.756044] (vehicle_interface) StdoutLine: {'line': b'-- Installing: /home/wowjw/Project/Automobile/Phase4/ros2_ws/install/vehicle_interface/share/vehicle_interface/cmake/ament_cmake_export_targets-extras.cmake\n'}
[23.756376] (vehicle_interface) StdoutLine: {'line': b'-- Installing: /home/wowjw/Project/Automobile/Phase4/ros2_ws/install/vehicle_interface/share/vehicle_interface/cmake/rosidl_cmake_export_typesupport_targets-extras.cmake\n'}
[23.756696] (vehicle_interface) StdoutLine: {'line': b'-- Installing: /home/wowjw/Project/Automobile/Phase4/ros2_ws/install/vehicle_interface/share/vehicle_interface/cmake/ament_cmake_export_dependencies-extras.cmake\n'}
[23.757025] (vehicle_interface) StdoutLine: {'line': b'-- Installing: /home/wowjw/Project/Automobile/Phase4/ros2_ws/install/vehicle_interface/share/vehicle_interface/cmake/rosidl_cmake_export_typesupport_libraries-extras.cmake\n'}
[23.757337] (vehicle_interface) StdoutLine: {'line': b'-- Installing: /home/wowjw/Project/Automobile/Phase4/ros2_ws/install/vehicle_interface/share/vehicle_interface/cmake/vehicle_interfaceConfig.cmake\n'}
[23.757638] (vehicle_interface) StdoutLine: {'line': b'-- Installing: /home/wowjw/Project/Automobile/Phase4/ros2_ws/install/vehicle_interface/share/vehicle_interface/cmake/vehicle_interfaceConfig-version.cmake\n'}
[23.757941] (vehicle_interface) StdoutLine: {'line': b'-- Installing: /home/wowjw/Project/Automobile/Phase4/ros2_ws/install/vehicle_interface/share/vehicle_interface/package.xml\n'}
[23.763504] (vehicle_interface) CommandEnded: {'returncode': 0}
[23.825637] (vehicle_interface) JobEnded: {'identifier': 'vehicle_interface', 'rc': 0}
[23.828106] (vehicle_controller) JobStarted: {'identifier': 'vehicle_controller'}
[23.838517] (-) TimerEvent: {}
[23.844451] (vehicle_controller) JobProgress: {'identifier': 'vehicle_controller', 'progress': 'cmake'}
[23.845662] (vehicle_controller) Command: {'cmd': ['/usr/bin/cmake', '/home/wowjw/Project/Automobile/Phase4/ros2_ws/src/vehicle_controller', '-DCMAKE_INSTALL_PREFIX=/home/wowjw/Project/Automobile/Phase4/ros2_ws/install/vehicle_controller'], 'cwd': '/home/wowjw/Project/Automobile/Phase4/ros2_ws/build/vehicle_controller', 'env': OrderedDict([('LESSOPEN', '| /usr/bin/lesspipe %s'), ('USER', 'wowjw'), ('SSH_CLIENT', '192.168.0.161 59356 22'), ('XDG_SESSION_TYPE', 'tty'), ('GIT_ASKPASS', '/home/wowjw/.vscode-server/cli/servers/Stable-110a328ea54b42367b803ec53ee0bf52ef26b419/server/extensions/git/dist/askpass.sh'), ('SHLVL', '1'), ('LD_LIBRARY_PATH', '/home/wowjw/Project/Automobile/Phase4/ros2_ws/install/vehicle_interface/lib:/home/wowjw/Project/Automobile/Phase4/install/vehicle_controller/lib:/home/wowjw/Project/Automobile/Phase4/install/vehicle_interface/lib:/usr/local/cuda-12.6/lib64:/opt/ros/humble/opt/rviz_ogre_vendor/lib:/opt/ros/humble/lib/aarch64-linux-gnu:/opt/ros/humble/lib:/usr/local/cuda-12.6/lib64'), ('BROWSER', '/home/wowjw/.vscode-server/cli/servers/Stable-110a328ea54b42367b803ec53ee0bf52ef26b419/server/bin/helpers/browser.sh'), ('MOTD_SHOWN', 'pam'), ('HOME', '/home/wowjw'), ('OLDPWD', '/home/wowjw/Project/Automobile/Phase4'), ('TERM_PROGRAM_VERSION', '1.134.0'), ('VSCODE_IPC_HOOK_CLI', '/run/user/1000/vscode-ipc-4255334a-044f-4380-98d5-9c857eb0149d.sock'), ('ROS_PYTHON_VERSION', '3'), ('VSCODE_GIT_ASKPASS_MAIN', '/home/wowjw/.vscode-server/cli/servers/Stable-110a328ea54b42367b803ec53ee0bf52ef26b419/server/extensions/git/dist/askpass-main.js'), ('PS1', '\\[\x1b]633;A\x07\\]\\[\\e[32m\\]\\u@\\h\\[\\e[m\\]:\\[\\e[34m\\]\\w\\[\\e[33m\\]$(parse_git_branch)\\[\\e[m\\]$ \\[\x1b]633;B\x07\\]'), ('VSCODE_GIT_ASKPASS_NODE', '/home/wowjw/.vscode-server/cli/servers/Stable-110a328ea54b42367b803ec53ee0bf52ef26b419/server/node'), ('VSCODE_PYTHON_AUTOACTIVATE_GUARD', '1'), ('DBUS_SESSION_BUS_ADDRESS', 'unix:path=/run/user/1000/bus'), ('COLORTERM', 'truecolor'), ('COLCON_PREFIX_PATH', '/home/wowjw/Project/Automobile/Phase4/ros2_ws/install:/home/wowjw/Project/Automobile/Phase4/install'), ('ROS_DISTRO', 'humble'), ('LOGNAME', 'wowjw'), ('_', '/usr/bin/colcon'), ('ROS_VERSION', '2'), ('XDG_SESSION_CLASS', 'user'), ('TERM', 'xterm-256color'), ('XDG_SESSION_ID', '2'), ('ROS_LOCALHOST_ONLY', '0'), ('PATH', '/usr/local/cuda-12.6/bin:/home/wowjw/.vscode-server/data/User/globalStorage/github.copilot-chat/debugCommand:/home/wowjw/.vscode-server/data/User/globalStorage/github.copilot-chat/copilotCli:/home/wowjw/.vscode-server/cli/servers/Stable-110a328ea54b42367b803ec53ee0bf52ef26b419/server/bin/remote-cli:/home/wowjw/.local/bin:/opt/ros/humble/bin:/usr/local/cuda-12.6/bin:/usr/local/sbin:/usr/local/bin:/usr/sbin:/usr/bin:/sbin:/bin:/usr/games:/usr/local/games:/snap/bin'), ('XDG_RUNTIME_DIR', '/run/user/1000'), ('LANG', 'en_US.UTF-8'), ('LS_COLORS', 'rs=0:di=01;34:ln=01;36:mh=00:pi=40;33:so=01;35:do=01;35:bd=40;33;01:cd=40;33;01:or=40;31;01:mi=00:su=37;41:sg=30;43:ca=30;41:tw=30;42:ow=34;42:st=37;44:ex=01;32:*.tar=01;31:*.tgz=01;31:*.arc=01;31:*.arj=01;31:*.taz=01;31:*.lha=01;31:*.lz4=01;31:*.lzh=01;31:*.lzma=01;31:*.tlz=01;31:*.txz=01;31:*.tzo=01;31:*.t7z=01;31:*.zip=01;31:*.z=01;31:*.dz=01;31:*.gz=01;31:*.lrz=01;31:*.lz=01;31:*.lzo=01;31:*.xz=01;31:*.zst=01;31:*.tzst=01;31:*.bz2=01;31:*.bz=01;31:*.tbz=01;31:*.tbz2=01;31:*.tz=01;31:*.deb=01;31:*.rpm=01;31:*.jar=01;31:*.war=01;31:*.ear=01;31:*.sar=01;31:*.rar=01;31:*.alz=01;31:*.ace=01;31:*.zoo=01;31:*.cpio=01;31:*.7z=01;31:*.rz=01;31:*.cab=01;31:*.wim=01;31:*.swm=01;31:*.dwm=01;31:*.esd=01;31:*.jpg=01;35:*.jpeg=01;35:*.mjpg=01;35:*.mjpeg=01;35:*.gif=01;35:*.bmp=01;35:*.pbm=01;35:*.pgm=01;35:*.ppm=01;35:*.tga=01;35:*.xbm=01;35:*.xpm=01;35:*.tif=01;35:*.tiff=01;35:*.png=01;35:*.svg=01;35:*.svgz=01;35:*.mng=01;35:*.pcx=01;35:*.mov=01;35:*.mpg=01;35:*.mpeg=01;35:*.m2v=01;35:*.mkv=01;35:*.webm=01;35:*.webp=01;35:*.ogm=01;35:*.mp4=01;35:*.m4v=01;35:*.mp4v=01;35:*.vob=01;35:*.qt=01;35:*.nuv=01;35:*.wmv=01;35:*.asf=01;35:*.rm=01;35:*.rmvb=01;35:*.flc=01;35:*.avi=01;35:*.fli=01;35:*.flv=01;35:*.gl=01;35:*.dl=01;35:*.xcf=01;35:*.xwd=01;35:*.yuv=01;35:*.cgm=01;35:*.emf=01;35:*.ogv=01;35:*.ogx=01;35:*.aac=00;36:*.au=00;36:*.flac=00;36:*.m4a=00;36:*.mid=00;36:*.midi=00;36:*.mka=00;36:*.mp3=00;36:*.mpc=00;36:*.ogg=00;36:*.ra=00;36:*.wav=00;36:*.oga=00;36:*.opus=00;36:*.spx=00;36:*.xspf=00;36:'), ('VSCODE_GIT_IPC_HANDLE', '/run/user/1000/vscode-git-c1ac1f4f39.sock'), ('TERM_PROGRAM', 'vscode'), ('AMENT_PREFIX_PATH', '/home/wowjw/Project/Automobile/Phase4/ros2_ws/install/vehicle_controller:/home/wowjw/Project/Automobile/Phase4/ros2_ws/install/vehicle_interface:/home/wowjw/Project/Automobile/Phase4/install/vehicle_controller:/home/wowjw/Project/Automobile/Phase4/install/vehicle_interface:/opt/ros/humble'), ('SHELL', '/bin/bash'), ('LESSCLOSE', '/usr/bin/lesspipe %s %s'), ('VSCODE_GIT_ASKPASS_EXTRA_ARGS', ''), ('PWD', '/home/wowjw/Project/Automobile/Phase4/ros2_ws/build/vehicle_controller'), ('LC_ALL', 'en_US.UTF-8'), ('COPILOT_DEBUG_NONCE', '9fb98c99a0663c7f3298287e6ff935d5'), ('SSH_CONNECTION', '192.168.0.161 59356 192.168.0.133 22'), ('XDG_DATA_DIRS', '/usr/share/gnome:/usr/local/share:/usr/share:/var/lib/snapd/desktop'), ('PYTHONPATH', '/home/wowjw/Project/Automobile/Phase4/ros2_ws/install/vehicle_interface/local/lib/python3.10/dist-packages:/home/wowjw/Project/Automobile/Phase4/install/vehicle_interface/local/lib/python3.10/dist-packages:/opt/ros/humble/lib/python3.10/site-packages:/opt/ros/humble/local/lib/python3.10/dist-packages'), ('COLCON', '1'), ('CMAKE_PREFIX_PATH', '/home/wowjw/Project/Automobile/Phase4/ros2_ws/install/vehicle_interface:/home/wowjw/Project/Automobile/Phase4/ros2_ws/install/vehicle_controller:/home/wowjw/Project/Automobile/Phase4/install/vehicle_controller:/home/wowjw/Project/Automobile/Phase4/install/vehicle_interface:/opt/ros/humble')]), 'shell': False}
[23.938726] (-) TimerEvent: {}
[23.957564] (vehicle_controller) StdoutLine: {'line': b'-- The C compiler identification is GNU 11.4.0\n'}
[24.038911] (-) TimerEvent: {}
[24.068465] (vehicle_controller) StdoutLine: {'line': b'-- The CXX compiler identification is GNU 11.4.0\n'}
[24.088496] (vehicle_controller) StdoutLine: {'line': b'-- Detecting C compiler ABI info\n'}
[24.139086] (-) TimerEvent: {}
[24.231461] (vehicle_controller) StdoutLine: {'line': b'-- Detecting C compiler ABI info - done\n'}
[24.239182] (-) TimerEvent: {}
[24.256305] (vehicle_controller) StdoutLine: {'line': b'-- Check for working C compiler: /usr/bin/cc - skipped\n'}
[24.257109] (vehicle_controller) StdoutLine: {'line': b'-- Detecting C compile features\n'}
[24.258438] (vehicle_controller) StdoutLine: {'line': b'-- Detecting C compile features - done\n'}
[24.269786] (vehicle_controller) StdoutLine: {'line': b'-- Detecting CXX compiler ABI info\n'}
[24.339381] (-) TimerEvent: {}
[24.425700] (vehicle_controller) StdoutLine: {'line': b'-- Detecting CXX compiler ABI info - done\n'}
[24.439550] (-) TimerEvent: {}
[24.451463] (vehicle_controller) StdoutLine: {'line': b'-- Check for working CXX compiler: /usr/bin/c++ - skipped\n'}
[24.452381] (vehicle_controller) StdoutLine: {'line': b'-- Detecting CXX compile features\n'}
[24.454025] (vehicle_controller) StdoutLine: {'line': b'-- Detecting CXX compile features - done\n'}
[24.463002] (vehicle_controller) StdoutLine: {'line': b'-- Found ament_cmake: 1.3.12 (/opt/ros/humble/share/ament_cmake/cmake)\n'}
[24.539684] (-) TimerEvent: {}
[24.640271] (-) TimerEvent: {}
[24.740926] (-) TimerEvent: {}
[24.778324] (vehicle_controller) StdoutLine: {'line': b'-- Found Python3: /usr/bin/python3 (found version "3.10.12") found components: Interpreter \n'}
[24.841069] (-) TimerEvent: {}
[24.941715] (-) TimerEvent: {}
[24.985791] (vehicle_controller) StdoutLine: {'line': b'-- Found rclcpp: 16.0.17 (/opt/ros/humble/share/rclcpp/cmake)\n'}
[25.041839] (-) TimerEvent: {}
[25.076016] (vehicle_controller) StdoutLine: {'line': b'-- Found rosidl_generator_c: 3.1.8 (/opt/ros/humble/share/rosidl_generator_c/cmake)\n'}
[25.083592] (vehicle_controller) StdoutLine: {'line': b'-- Found rosidl_adapter: 3.1.8 (/opt/ros/humble/share/rosidl_adapter/cmake)\n'}
[25.097093] (vehicle_controller) StdoutLine: {'line': b'-- Found rosidl_generator_cpp: 3.1.8 (/opt/ros/humble/share/rosidl_generator_cpp/cmake)\n'}
[25.116800] (vehicle_controller) StdoutLine: {'line': b'-- Using all available rosidl_typesupport_c: rosidl_typesupport_fastrtps_c;rosidl_typesupport_introspection_c\n'}
[25.141946] (-) TimerEvent: {}
[25.143134] (vehicle_controller) StdoutLine: {'line': b'-- Using all available rosidl_typesupport_cpp: rosidl_typesupport_fastrtps_cpp;rosidl_typesupport_introspection_cpp\n'}
[25.213423] (vehicle_controller) StdoutLine: {'line': b'-- Found rmw_implementation_cmake: 6.1.2 (/opt/ros/humble/share/rmw_implementation_cmake/cmake)\n'}
[25.217708] (vehicle_controller) StdoutLine: {'line': b'-- Found rmw_fastrtps_cpp: 6.2.9 (/opt/ros/humble/share/rmw_fastrtps_cpp/cmake)\n'}
[25.242065] (-) TimerEvent: {}
[25.342564] (-) TimerEvent: {}
[25.352605] (vehicle_controller) StdoutLine: {'line': b'-- Found OpenSSL: /usr/lib/aarch64-linux-gnu/libcrypto.so (found version "3.0.2")  \n'}
[25.407868] (vehicle_controller) StdoutLine: {'line': b'-- Found FastRTPS: /opt/ros/humble/include  \n'}
[25.442686] (-) TimerEvent: {}
[25.477375] (vehicle_controller) StdoutLine: {'line': b"-- Using RMW implementation 'rmw_fastrtps_cpp' as default\n"}
[25.491508] (vehicle_controller) StdoutLine: {'line': b'-- Looking for pthread.h\n'}
[25.542874] (-) TimerEvent: {}
[25.619290] (vehicle_controller) StdoutLine: {'line': b'-- Looking for pthread.h - found\n'}
[25.620401] (vehicle_controller) StdoutLine: {'line': b'-- Performing Test CMAKE_HAVE_LIBC_PTHREAD\n'}
[25.643039] (-) TimerEvent: {}
[25.743690] (-) TimerEvent: {}
[25.765919] (vehicle_controller) StdoutLine: {'line': b'-- Performing Test CMAKE_HAVE_LIBC_PTHREAD - Success\n'}
[25.769631] (vehicle_controller) StdoutLine: {'line': b'-- Found Threads: TRUE  \n'}
[25.843872] (-) TimerEvent: {}
[25.886456] (vehicle_controller) StdoutLine: {'line': b'-- Found vehicle_interface: 0.0.0 (/home/wowjw/Project/Automobile/Phase4/ros2_ws/install/vehicle_interface/share/vehicle_interface/cmake)\n'}
[25.943978] (-) TimerEvent: {}
[26.044477] (-) TimerEvent: {}
[26.144968] (-) TimerEvent: {}
[26.245607] (-) TimerEvent: {}
[26.346227] (-) TimerEvent: {}
[26.395315] (vehicle_controller) StdoutLine: {'line': b'-- Found ament_cmake_ros: 0.10.0 (/opt/ros/humble/share/ament_cmake_ros/cmake)\n'}
[26.446387] (-) TimerEvent: {}
[26.547114] (-) TimerEvent: {}
[26.647833] (-) TimerEvent: {}
[26.748586] (-) TimerEvent: {}
[26.849167] (-) TimerEvent: {}
[26.949835] (-) TimerEvent: {}
[27.050568] (-) TimerEvent: {}
[27.069243] (vehicle_controller) StdoutLine: {'line': b'-- Using all available rosidl_typesupport_c: rosidl_typesupport_fastrtps_c;rosidl_typesupport_introspection_c\n'}
[27.150733] (-) TimerEvent: {}
[27.251326] (-) TimerEvent: {}
[27.326375] (vehicle_controller) StdoutLine: {'line': b'-- Using all available rosidl_typesupport_cpp: rosidl_typesupport_fastrtps_cpp;rosidl_typesupport_introspection_cpp\n'}
[27.329240] (vehicle_controller) StderrLine: {'line': b'\x1b[0mCMake Deprecation Warning at /opt/ros/humble/share/rosidl_cmake/cmake/rosidl_target_interfaces.cmake:32 (message):\n'}
[27.329673] (vehicle_controller) StderrLine: {'line': b'  Use rosidl_get_typesupport_target() and target_link_libraries() instead of\n'}
[27.329947] (vehicle_controller) StderrLine: {'line': b'  rosidl_target_interfaces()\n'}
[27.330194] (vehicle_controller) StderrLine: {'line': b'Call Stack (most recent call first):\n'}
[27.330425] (vehicle_controller) StderrLine: {'line': b'  CMakeLists.txt:22 (rosidl_target_interfaces)\n'}
[27.330649] (vehicle_controller) StderrLine: {'line': b'\n'}
[27.330953] (vehicle_controller) StderrLine: {'line': b'\x1b[0m\n'}
[27.337727] (vehicle_controller) StdoutLine: {'line': b'-- Found ament_lint_auto: 0.12.14 (/opt/ros/humble/share/ament_lint_auto/cmake)\n'}
[27.351432] (-) TimerEvent: {}
[27.396381] (vehicle_controller) StdoutLine: {'line': b"-- Added test 'cppcheck' to perform static code analysis on C / C++ code\n"}
[27.397046] (vehicle_controller) StdoutLine: {'line': b'-- Configured cppcheck include dirs: /home/wowjw/Project/Automobile/Phase4/ros2_ws/src/vehicle_controller/include\n'}
[27.397279] (vehicle_controller) StdoutLine: {'line': b'-- Configured cppcheck exclude dirs and/or files: \n'}
[27.399069] (vehicle_controller) StdoutLine: {'line': b"-- Added test 'lint_cmake' to check CMake code style\n"}
[27.401631] (vehicle_controller) StdoutLine: {'line': b"-- Added test 'uncrustify' to check C / C++ code style\n"}
[27.401868] (vehicle_controller) StdoutLine: {'line': b'-- Configured uncrustify additional arguments: \n'}
[27.402864] (vehicle_controller) StdoutLine: {'line': b"-- Added test 'xmllint' to check XML markup files\n"}
[27.409041] (vehicle_controller) StdoutLine: {'line': b'-- Configuring done\n'}
[27.451568] (-) TimerEvent: {}
[27.454624] (vehicle_controller) StdoutLine: {'line': b'-- Generating done\n'}
[27.469583] (vehicle_controller) StdoutLine: {'line': b'-- Build files have been written to: /home/wowjw/Project/Automobile/Phase4/ros2_ws/build/vehicle_controller\n'}
[27.493870] (vehicle_controller) CommandEnded: {'returncode': 0}
[27.495312] (vehicle_controller) JobProgress: {'identifier': 'vehicle_controller', 'progress': 'build'}
[27.496261] (vehicle_controller) Command: {'cmd': ['/usr/bin/cmake', '--build', '/home/wowjw/Project/Automobile/Phase4/ros2_ws/build/vehicle_controller', '--', '-j6', '-l6'], 'cwd': '/home/wowjw/Project/Automobile/Phase4/ros2_ws/build/vehicle_controller', 'env': OrderedDict([('LESSOPEN', '| /usr/bin/lesspipe %s'), ('USER', 'wowjw'), ('SSH_CLIENT', '192.168.0.161 59356 22'), ('XDG_SESSION_TYPE', 'tty'), ('GIT_ASKPASS', '/home/wowjw/.vscode-server/cli/servers/Stable-110a328ea54b42367b803ec53ee0bf52ef26b419/server/extensions/git/dist/askpass.sh'), ('SHLVL', '1'), ('LD_LIBRARY_PATH', '/home/wowjw/Project/Automobile/Phase4/ros2_ws/install/vehicle_interface/lib:/home/wowjw/Project/Automobile/Phase4/install/vehicle_controller/lib:/home/wowjw/Project/Automobile/Phase4/install/vehicle_interface/lib:/usr/local/cuda-12.6/lib64:/opt/ros/humble/opt/rviz_ogre_vendor/lib:/opt/ros/humble/lib/aarch64-linux-gnu:/opt/ros/humble/lib:/usr/local/cuda-12.6/lib64'), ('BROWSER', '/home/wowjw/.vscode-server/cli/servers/Stable-110a328ea54b42367b803ec53ee0bf52ef26b419/server/bin/helpers/browser.sh'), ('MOTD_SHOWN', 'pam'), ('HOME', '/home/wowjw'), ('OLDPWD', '/home/wowjw/Project/Automobile/Phase4'), ('TERM_PROGRAM_VERSION', '1.134.0'), ('VSCODE_IPC_HOOK_CLI', '/run/user/1000/vscode-ipc-4255334a-044f-4380-98d5-9c857eb0149d.sock'), ('ROS_PYTHON_VERSION', '3'), ('VSCODE_GIT_ASKPASS_MAIN', '/home/wowjw/.vscode-server/cli/servers/Stable-110a328ea54b42367b803ec53ee0bf52ef26b419/server/extensions/git/dist/askpass-main.js'), ('PS1', '\\[\x1b]633;A\x07\\]\\[\\e[32m\\]\\u@\\h\\[\\e[m\\]:\\[\\e[34m\\]\\w\\[\\e[33m\\]$(parse_git_branch)\\[\\e[m\\]$ \\[\x1b]633;B\x07\\]'), ('VSCODE_GIT_ASKPASS_NODE', '/home/wowjw/.vscode-server/cli/servers/Stable-110a328ea54b42367b803ec53ee0bf52ef26b419/server/node'), ('VSCODE_PYTHON_AUTOACTIVATE_GUARD', '1'), ('DBUS_SESSION_BUS_ADDRESS', 'unix:path=/run/user/1000/bus'), ('COLORTERM', 'truecolor'), ('COLCON_PREFIX_PATH', '/home/wowjw/Project/Automobile/Phase4/ros2_ws/install:/home/wowjw/Project/Automobile/Phase4/install'), ('ROS_DISTRO', 'humble'), ('LOGNAME', 'wowjw'), ('_', '/usr/bin/colcon'), ('ROS_VERSION', '2'), ('XDG_SESSION_CLASS', 'user'), ('TERM', 'xterm-256color'), ('XDG_SESSION_ID', '2'), ('ROS_LOCALHOST_ONLY', '0'), ('PATH', '/usr/local/cuda-12.6/bin:/home/wowjw/.vscode-server/data/User/globalStorage/github.copilot-chat/debugCommand:/home/wowjw/.vscode-server/data/User/globalStorage/github.copilot-chat/copilotCli:/home/wowjw/.vscode-server/cli/servers/Stable-110a328ea54b42367b803ec53ee0bf52ef26b419/server/bin/remote-cli:/home/wowjw/.local/bin:/opt/ros/humble/bin:/usr/local/cuda-12.6/bin:/usr/local/sbin:/usr/local/bin:/usr/sbin:/usr/bin:/sbin:/bin:/usr/games:/usr/local/games:/snap/bin'), ('XDG_RUNTIME_DIR', '/run/user/1000'), ('LANG', 'en_US.UTF-8'), ('LS_COLORS', 'rs=0:di=01;34:ln=01;36:mh=00:pi=40;33:so=01;35:do=01;35:bd=40;33;01:cd=40;33;01:or=40;31;01:mi=00:su=37;41:sg=30;43:ca=30;41:tw=30;42:ow=34;42:st=37;44:ex=01;32:*.tar=01;31:*.tgz=01;31:*.arc=01;31:*.arj=01;31:*.taz=01;31:*.lha=01;31:*.lz4=01;31:*.lzh=01;31:*.lzma=01;31:*.tlz=01;31:*.txz=01;31:*.tzo=01;31:*.t7z=01;31:*.zip=01;31:*.z=01;31:*.dz=01;31:*.gz=01;31:*.lrz=01;31:*.lz=01;31:*.lzo=01;31:*.xz=01;31:*.zst=01;31:*.tzst=01;31:*.bz2=01;31:*.bz=01;31:*.tbz=01;31:*.tbz2=01;31:*.tz=01;31:*.deb=01;31:*.rpm=01;31:*.jar=01;31:*.war=01;31:*.ear=01;31:*.sar=01;31:*.rar=01;31:*.alz=01;31:*.ace=01;31:*.zoo=01;31:*.cpio=01;31:*.7z=01;31:*.rz=01;31:*.cab=01;31:*.wim=01;31:*.swm=01;31:*.dwm=01;31:*.esd=01;31:*.jpg=01;35:*.jpeg=01;35:*.mjpg=01;35:*.mjpeg=01;35:*.gif=01;35:*.bmp=01;35:*.pbm=01;35:*.pgm=01;35:*.ppm=01;35:*.tga=01;35:*.xbm=01;35:*.xpm=01;35:*.tif=01;35:*.tiff=01;35:*.png=01;35:*.svg=01;35:*.svgz=01;35:*.mng=01;35:*.pcx=01;35:*.mov=01;35:*.mpg=01;35:*.mpeg=01;35:*.m2v=01;35:*.mkv=01;35:*.webm=01;35:*.webp=01;35:*.ogm=01;35:*.mp4=01;35:*.m4v=01;35:*.mp4v=01;35:*.vob=01;35:*.qt=01;35:*.nuv=01;35:*.wmv=01;35:*.asf=01;35:*.rm=01;35:*.rmvb=01;35:*.flc=01;35:*.avi=01;35:*.fli=01;35:*.flv=01;35:*.gl=01;35:*.dl=01;35:*.xcf=01;35:*.xwd=01;35:*.yuv=01;35:*.cgm=01;35:*.emf=01;35:*.ogv=01;35:*.ogx=01;35:*.aac=00;36:*.au=00;36:*.flac=00;36:*.m4a=00;36:*.mid=00;36:*.midi=00;36:*.mka=00;36:*.mp3=00;36:*.mpc=00;36:*.ogg=00;36:*.ra=00;36:*.wav=00;36:*.oga=00;36:*.opus=00;36:*.spx=00;36:*.xspf=00;36:'), ('VSCODE_GIT_IPC_HANDLE', '/run/user/1000/vscode-git-c1ac1f4f39.sock'), ('TERM_PROGRAM', 'vscode'), ('AMENT_PREFIX_PATH', '/home/wowjw/Project/Automobile/Phase4/ros2_ws/install/vehicle_controller:/home/wowjw/Project/Automobile/Phase4/ros2_ws/install/vehicle_interface:/home/wowjw/Project/Automobile/Phase4/install/vehicle_controller:/home/wowjw/Project/Automobile/Phase4/install/vehicle_interface:/opt/ros/humble'), ('SHELL', '/bin/bash'), ('LESSCLOSE', '/usr/bin/lesspipe %s %s'), ('VSCODE_GIT_ASKPASS_EXTRA_ARGS', ''), ('PWD', '/home/wowjw/Project/Automobile/Phase4/ros2_ws/build/vehicle_controller'), ('LC_ALL', 'en_US.UTF-8'), ('COPILOT_DEBUG_NONCE', '9fb98c99a0663c7f3298287e6ff935d5'), ('SSH_CONNECTION', '192.168.0.161 59356 192.168.0.133 22'), ('XDG_DATA_DIRS', '/usr/share/gnome:/usr/local/share:/usr/share:/var/lib/snapd/desktop'), ('PYTHONPATH', '/home/wowjw/Project/Automobile/Phase4/ros2_ws/install/vehicle_interface/local/lib/python3.10/dist-packages:/home/wowjw/Project/Automobile/Phase4/install/vehicle_interface/local/lib/python3.10/dist-packages:/opt/ros/humble/lib/python3.10/site-packages:/opt/ros/humble/local/lib/python3.10/dist-packages'), ('COLCON', '1'), ('CMAKE_PREFIX_PATH', '/home/wowjw/Project/Automobile/Phase4/ros2_ws/install/vehicle_interface:/home/wowjw/Project/Automobile/Phase4/ros2_ws/install/vehicle_controller:/home/wowjw/Project/Automobile/Phase4/install/vehicle_controller:/home/wowjw/Project/Automobile/Phase4/install/vehicle_interface:/opt/ros/humble')]), 'shell': False}
[27.551753] (-) TimerEvent: {}
[27.573428] (vehicle_controller) StdoutLine: {'line': b'[  4%] \x1b[34m\x1b[1mGenerating C code for ROS interfaces\x1b[0m\n'}
[27.591298] (vehicle_controller) StdoutLine: {'line': b'[  8%] \x1b[34m\x1b[1mGenerating C++ code for ROS interfaces\x1b[0m\n'}
[27.651895] (-) TimerEvent: {}
[27.752515] (-) TimerEvent: {}
[27.853105] (-) TimerEvent: {}
[27.953700] (-) TimerEvent: {}
[28.050469] (vehicle_controller) StdoutLine: {'line': b'[  8%] Built target vehicle_controller__cpp\n'}
[28.053828] (-) TimerEvent: {}
[28.054754] (vehicle_controller) StdoutLine: {'line': b'[ 12%] \x1b[32mBuilding C object CMakeFiles/vehicle_controller__rosidl_generator_c.dir/rosidl_generator_c/vehicle_controller/msg/detail/vehicle_pose__functions.c.o\x1b[0m\n'}
[28.068132] (vehicle_controller) StdoutLine: {'line': b'[ 24%] \x1b[34m\x1b[1mGenerating C++ introspection for ROS interfaces\x1b[0m\n'}
[28.068582] (vehicle_controller) StdoutLine: {'line': b'[ 24%] \x1b[34m\x1b[1mGenerating C++ type support for eProsima Fast-RTPS\x1b[0m\n'}
[28.068735] (vehicle_controller) StdoutLine: {'line': b'[ 24%] \x1b[34m\x1b[1mGenerating C++ type support dispatch for ROS interfaces\x1b[0m\n'}
[28.154080] (vehicle_controller) StdoutLine: {'line': b'[ 28%] \x1b[32m\x1b[1mLinking C shared library libvehicle_controller__rosidl_generator_c.so\x1b[0m\n'}
[28.154519] (-) TimerEvent: {}
[28.215550] (vehicle_controller) StdoutLine: {'line': b'[ 28%] Built target vehicle_controller__rosidl_generator_c\n'}
[28.232909] (vehicle_controller) StdoutLine: {'line': b'[ 32%] \x1b[34m\x1b[1mGenerating C type support dispatch for ROS interfaces\x1b[0m\n'}
[28.233549] (vehicle_controller) StdoutLine: {'line': b'[ 36%] \x1b[34m\x1b[1mGenerating C introspection for ROS interfaces\x1b[0m\n'}
[28.233910] (vehicle_controller) StdoutLine: {'line': b'[ 40%] \x1b[34m\x1b[1mGenerating C type support for eProsima Fast-RTPS\x1b[0m\n'}
[28.254711] (-) TimerEvent: {}
[28.355369] (-) TimerEvent: {}
[28.456012] (-) TimerEvent: {}
[28.481675] (vehicle_controller) StdoutLine: {'line': b'[ 44%] \x1b[32mBuilding CXX object CMakeFiles/vehicle_controller__rosidl_typesupport_cpp.dir/rosidl_typesupport_cpp/vehicle_controller/msg/vehicle_pose__type_support.cpp.o\x1b[0m\n'}
[28.532927] (vehicle_controller) StdoutLine: {'line': b'[ 48%] \x1b[32mBuilding CXX object CMakeFiles/vehicle_controller__rosidl_typesupport_fastrtps_cpp.dir/rosidl_typesupport_fastrtps_cpp/vehicle_controller/msg/detail/dds_fastrtps/vehicle_pose__type_support.cpp.o\x1b[0m\n'}
[28.551235] (vehicle_controller) StdoutLine: {'line': b'[ 52%] \x1b[32mBuilding CXX object CMakeFiles/vehicle_controller__rosidl_typesupport_introspection_cpp.dir/rosidl_typesupport_introspection_cpp/vehicle_controller/msg/detail/vehicle_pose__type_support.cpp.o\x1b[0m\n'}
[28.556132] (-) TimerEvent: {}
[28.656748] (-) TimerEvent: {}
[28.680396] (vehicle_controller) StdoutLine: {'line': b'[ 56%] \x1b[32mBuilding CXX object CMakeFiles/vehicle_controller__rosidl_typesupport_c.dir/rosidl_typesupport_c/vehicle_controller/msg/vehicle_pose__type_support.cpp.o\x1b[0m\n'}
[28.719524] (vehicle_controller) StdoutLine: {'line': b'[ 60%] \x1b[32mBuilding CXX object CMakeFiles/vehicle_controller__rosidl_typesupport_fastrtps_c.dir/rosidl_typesupport_fastrtps_c/vehicle_controller/msg/detail/vehicle_pose__type_support_c.cpp.o\x1b[0m\n'}
[28.752036] (vehicle_controller) StdoutLine: {'line': b'[ 64%] \x1b[32m\x1b[1mLinking CXX shared library libvehicle_controller__rosidl_typesupport_c.so\x1b[0m\n'}
[28.756970] (-) TimerEvent: {}
[28.757947] (vehicle_controller) StdoutLine: {'line': b'[ 68%] \x1b[32mBuilding C object CMakeFiles/vehicle_controller__rosidl_typesupport_introspection_c.dir/rosidl_typesupport_introspection_c/vehicle_controller/msg/detail/vehicle_pose__type_support.c.o\x1b[0m\n'}
[28.826154] (vehicle_controller) StdoutLine: {'line': b'[ 68%] Built target vehicle_controller__rosidl_typesupport_c\n'}
[28.829494] (vehicle_controller) StdoutLine: {'line': b'[ 72%] \x1b[32m\x1b[1mLinking C shared library libvehicle_controller__rosidl_typesupport_introspection_c.so\x1b[0m\n'}
[28.857177] (-) TimerEvent: {}
[28.887523] (vehicle_controller) StdoutLine: {'line': b'[ 72%] Built target vehicle_controller__rosidl_typesupport_introspection_c\n'}
[28.957371] (-) TimerEvent: {}
[29.007994] (vehicle_controller) StdoutLine: {'line': b'[ 76%] \x1b[32m\x1b[1mLinking CXX shared library libvehicle_controller__rosidl_typesupport_cpp.so\x1b[0m\n'}
[29.057564] (-) TimerEvent: {}
[29.077264] (vehicle_controller) StdoutLine: {'line': b'[ 76%] Built target vehicle_controller__rosidl_typesupport_cpp\n'}
[29.157740] (-) TimerEvent: {}
[29.258402] (-) TimerEvent: {}
[29.294111] (vehicle_controller) StdoutLine: {'line': b'[ 84%] \x1b[32m\x1b[1mLinking CXX shared library libvehicle_controller__rosidl_typesupport_introspection_cpp.so\x1b[0m\n'}
[29.294585] (vehicle_controller) StdoutLine: {'line': b'[ 84%] \x1b[32m\x1b[1mLinking CXX shared library libvehicle_controller__rosidl_typesupport_fastrtps_cpp.so\x1b[0m\n'}
[29.358598] (-) TimerEvent: {}
[29.365054] (vehicle_controller) StdoutLine: {'line': b'[ 84%] Built target vehicle_controller__rosidl_typesupport_introspection_cpp\n'}
[29.385793] (vehicle_controller) StdoutLine: {'line': b'[ 88%] \x1b[32m\x1b[1mLinking CXX shared library libvehicle_controller__rosidl_typesupport_fastrtps_c.so\x1b[0m\n'}
[29.439653] (vehicle_controller) StdoutLine: {'line': b'[ 88%] Built target vehicle_controller__rosidl_typesupport_fastrtps_cpp\n'}
[29.458708] (-) TimerEvent: {}
[29.527508] (vehicle_controller) StdoutLine: {'line': b'[ 88%] Built target vehicle_controller__rosidl_typesupport_fastrtps_c\n'}
[29.558953] (-) TimerEvent: {}
[29.568022] (vehicle_controller) StdoutLine: {'line': b'[ 88%] Built target vehicle_controller\n'}
[29.609839] (vehicle_controller) StdoutLine: {'line': b'[ 96%] \x1b[32mBuilding CXX object CMakeFiles/vehicle_controller_node.dir/src/main.cpp.o\x1b[0m\n'}
[29.610282] (vehicle_controller) StdoutLine: {'line': b'[ 96%] \x1b[32mBuilding CXX object CMakeFiles/vehicle_controller_node.dir/src/Vehicle_Ctrl_Node.cpp.o\x1b[0m\n'}
[29.659121] (-) TimerEvent: {}
[29.759765] (-) TimerEvent: {}
[29.860417] (-) TimerEvent: {}
[29.961063] (-) TimerEvent: {}
[30.061715] (-) TimerEvent: {}
[30.162380] (-) TimerEvent: {}
[30.263107] (-) TimerEvent: {}
[30.363775] (-) TimerEvent: {}
[30.464465] (-) TimerEvent: {}
[30.565125] (-) TimerEvent: {}
[30.665802] (-) TimerEvent: {}
[30.766474] (-) TimerEvent: {}
[30.867178] (-) TimerEvent: {}
[30.967840] (-) TimerEvent: {}
[31.068505] (-) TimerEvent: {}
[31.169174] (-) TimerEvent: {}
[31.269845] (-) TimerEvent: {}
[31.370515] (-) TimerEvent: {}
[31.471202] (-) TimerEvent: {}
[31.571860] (-) TimerEvent: {}
[31.672546] (-) TimerEvent: {}
[31.773227] (-) TimerEvent: {}
[31.873923] (-) TimerEvent: {}
[31.974606] (-) TimerEvent: {}
[32.075339] (-) TimerEvent: {}
[32.176158] (-) TimerEvent: {}
[32.276842] (-) TimerEvent: {}
[32.377549] (-) TimerEvent: {}
[32.478265] (-) TimerEvent: {}
[32.578967] (-) TimerEvent: {}
[32.679637] (-) TimerEvent: {}
[32.780299] (-) TimerEvent: {}
[32.880993] (-) TimerEvent: {}
[32.981700] (-) TimerEvent: {}
[33.082434] (-) TimerEvent: {}
[33.183137] (-) TimerEvent: {}
[33.283835] (-) TimerEvent: {}
[33.384520] (-) TimerEvent: {}
[33.485213] (-) TimerEvent: {}
[33.585922] (-) TimerEvent: {}
[33.686634] (-) TimerEvent: {}
[33.787377] (-) TimerEvent: {}
[33.888090] (-) TimerEvent: {}
[33.988807] (-) TimerEvent: {}
[34.089510] (-) TimerEvent: {}
[34.190209] (-) TimerEvent: {}
[34.290918] (-) TimerEvent: {}
[34.391617] (-) TimerEvent: {}
[34.492328] (-) TimerEvent: {}
[34.593021] (-) TimerEvent: {}
[34.693701] (-) TimerEvent: {}
[34.794398] (-) TimerEvent: {}
[34.895097] (-) TimerEvent: {}
[34.995792] (-) TimerEvent: {}
[35.096480] (-) TimerEvent: {}
[35.197155] (-) TimerEvent: {}
[35.297842] (-) TimerEvent: {}
[35.398524] (-) TimerEvent: {}
[35.499245] (-) TimerEvent: {}
[35.599980] (-) TimerEvent: {}
[35.700807] (-) TimerEvent: {}
[35.801616] (-) TimerEvent: {}
[35.902453] (-) TimerEvent: {}
[36.003348] (-) TimerEvent: {}
[36.104173] (-) TimerEvent: {}
[36.204984] (-) TimerEvent: {}
[36.305781] (-) TimerEvent: {}
[36.406551] (-) TimerEvent: {}
[36.507367] (-) TimerEvent: {}
[36.608165] (-) TimerEvent: {}
[36.708956] (-) TimerEvent: {}
[36.809726] (-) TimerEvent: {}
[36.910546] (-) TimerEvent: {}
[37.011394] (-) TimerEvent: {}
[37.112191] (-) TimerEvent: {}
[37.212936] (-) TimerEvent: {}
[37.313724] (-) TimerEvent: {}
[37.414527] (-) TimerEvent: {}
[37.515350] (-) TimerEvent: {}
[37.616134] (-) TimerEvent: {}
[37.716911] (-) TimerEvent: {}
[37.817648] (-) TimerEvent: {}
[37.918356] (-) TimerEvent: {}
[38.019144] (-) TimerEvent: {}
[38.119964] (-) TimerEvent: {}
[38.220731] (-) TimerEvent: {}
[38.321483] (-) TimerEvent: {}
[38.422220] (-) TimerEvent: {}
[38.522971] (-) TimerEvent: {}
[38.623697] (-) TimerEvent: {}
[38.724429] (-) TimerEvent: {}
[38.825173] (-) TimerEvent: {}
[38.925916] (-) TimerEvent: {}
[39.026688] (-) TimerEvent: {}
[39.127531] (-) TimerEvent: {}
[39.228282] (-) TimerEvent: {}
[39.329032] (-) TimerEvent: {}
[39.429806] (-) TimerEvent: {}
[39.530558] (-) TimerEvent: {}
[39.631331] (-) TimerEvent: {}
[39.732087] (-) TimerEvent: {}
[39.832844] (-) TimerEvent: {}
[39.933597] (-) TimerEvent: {}
[40.034369] (-) TimerEvent: {}
[40.135209] (-) TimerEvent: {}
[40.236002] (-) TimerEvent: {}
[40.336756] (-) TimerEvent: {}
[40.437545] (-) TimerEvent: {}
[40.538294] (-) TimerEvent: {}
[40.639068] (-) TimerEvent: {}
[40.739821] (-) TimerEvent: {}
[40.840571] (-) TimerEvent: {}
[40.941323] (-) TimerEvent: {}
[41.042133] (-) TimerEvent: {}
[41.142945] (-) TimerEvent: {}
[41.243695] (-) TimerEvent: {}
[41.344492] (-) TimerEvent: {}
[41.445245] (-) TimerEvent: {}
[41.546018] (-) TimerEvent: {}
[41.646818] (-) TimerEvent: {}
[41.747583] (-) TimerEvent: {}
[41.848341] (-) TimerEvent: {}
[41.949133] (-) TimerEvent: {}
[42.049946] (-) TimerEvent: {}
[42.150760] (-) TimerEvent: {}
[42.251579] (-) TimerEvent: {}
[42.352310] (-) TimerEvent: {}
[42.453011] (-) TimerEvent: {}
[42.553712] (-) TimerEvent: {}
[42.654412] (-) TimerEvent: {}
[42.755117] (-) TimerEvent: {}
[42.855802] (-) TimerEvent: {}
[42.956484] (-) TimerEvent: {}
[43.057157] (-) TimerEvent: {}
[43.157882] (-) TimerEvent: {}
[43.258629] (-) TimerEvent: {}
[43.359357] (-) TimerEvent: {}
[43.460005] (-) TimerEvent: {}
[43.560651] (-) TimerEvent: {}
[43.661306] (-) TimerEvent: {}
[43.761960] (-) TimerEvent: {}
[43.862595] (-) TimerEvent: {}
[43.963247] (-) TimerEvent: {}
[44.063870] (-) TimerEvent: {}
[44.164547] (-) TimerEvent: {}
[44.265259] (-) TimerEvent: {}
[44.365933] (-) TimerEvent: {}
[44.466578] (-) TimerEvent: {}
[44.567266] (-) TimerEvent: {}
[44.667920] (-) TimerEvent: {}
[44.768569] (-) TimerEvent: {}
[44.869234] (-) TimerEvent: {}
[44.969888] (-) TimerEvent: {}
[45.070544] (-) TimerEvent: {}
[45.171276] (-) TimerEvent: {}
[45.272014] (-) TimerEvent: {}
[45.372687] (-) TimerEvent: {}
[45.473361] (-) TimerEvent: {}
[45.574019] (-) TimerEvent: {}
[45.674734] (-) TimerEvent: {}
[45.775479] (-) TimerEvent: {}
[45.876214] (-) TimerEvent: {}
[45.976955] (-) TimerEvent: {}
[46.077696] (-) TimerEvent: {}
[46.178440] (-) TimerEvent: {}
[46.279244] (-) TimerEvent: {}
[46.379933] (-) TimerEvent: {}
[46.480579] (-) TimerEvent: {}
[46.581243] (-) TimerEvent: {}
[46.681894] (-) TimerEvent: {}
[46.782529] (-) TimerEvent: {}
[46.883257] (-) TimerEvent: {}
[46.983999] (-) TimerEvent: {}
[47.084668] (-) TimerEvent: {}
[47.185351] (-) TimerEvent: {}
[47.286054] (-) TimerEvent: {}
[47.386719] (-) TimerEvent: {}
[47.487377] (-) TimerEvent: {}
[47.587992] (-) TimerEvent: {}
[47.688631] (-) TimerEvent: {}
[47.789278] (-) TimerEvent: {}
[47.889922] (-) TimerEvent: {}
[47.990549] (-) TimerEvent: {}
[48.091206] (-) TimerEvent: {}
[48.191805] (-) TimerEvent: {}
[48.292475] (-) TimerEvent: {}
[48.393240] (-) TimerEvent: {}
[48.493976] (-) TimerEvent: {}
[48.594725] (-) TimerEvent: {}
[48.695479] (-) TimerEvent: {}
[48.796223] (-) TimerEvent: {}
[48.896952] (-) TimerEvent: {}
[48.997650] (-) TimerEvent: {}
[49.098365] (-) TimerEvent: {}
[49.199135] (-) TimerEvent: {}
[49.299931] (-) TimerEvent: {}
[49.400719] (-) TimerEvent: {}
[49.501455] (-) TimerEvent: {}
[49.602158] (-) TimerEvent: {}
[49.702876] (-) TimerEvent: {}
[49.803550] (-) TimerEvent: {}
[49.904221] (-) TimerEvent: {}
[50.004862] (-) TimerEvent: {}
[50.105543] (-) TimerEvent: {}
[50.206187] (-) TimerEvent: {}
[50.306861] (-) TimerEvent: {}
[50.407500] (-) TimerEvent: {}
[50.508143] (-) TimerEvent: {}
[50.608780] (-) TimerEvent: {}
[50.709425] (-) TimerEvent: {}
[50.810063] (-) TimerEvent: {}
[50.910759] (-) TimerEvent: {}
[51.011550] (-) TimerEvent: {}
[51.112274] (-) TimerEvent: {}
[51.213029] (-) TimerEvent: {}
[51.313815] (-) TimerEvent: {}
[51.414614] (-) TimerEvent: {}
[51.515443] (-) TimerEvent: {}
[51.616221] (-) TimerEvent: {}
[51.717011] (-) TimerEvent: {}
[51.800897] (vehicle_controller) StdoutLine: {'line': b'[100%] \x1b[32m\x1b[1mLinking CXX executable vehicle_controller_node\x1b[0m\n'}
[51.817158] (-) TimerEvent: {}
[51.917837] (-) TimerEvent: {}
[52.018556] (-) TimerEvent: {}
[52.119355] (-) TimerEvent: {}
[52.220097] (-) TimerEvent: {}
[52.320839] (-) TimerEvent: {}
[52.421553] (-) TimerEvent: {}
[52.522295] (-) TimerEvent: {}
[52.623088] (-) TimerEvent: {}
[52.723839] (-) TimerEvent: {}
[52.824596] (-) TimerEvent: {}
[52.825139] (vehicle_controller) StdoutLine: {'line': b'[100%] Built target vehicle_controller_node\n'}
[52.849122] (vehicle_controller) CommandEnded: {'returncode': 0}
[52.851738] (vehicle_controller) JobProgress: {'identifier': 'vehicle_controller', 'progress': 'install'}
[52.852591] (vehicle_controller) Command: {'cmd': ['/usr/bin/cmake', '--install', '/home/wowjw/Project/Automobile/Phase4/ros2_ws/build/vehicle_controller'], 'cwd': '/home/wowjw/Project/Automobile/Phase4/ros2_ws/build/vehicle_controller', 'env': OrderedDict([('LESSOPEN', '| /usr/bin/lesspipe %s'), ('USER', 'wowjw'), ('SSH_CLIENT', '192.168.0.161 59356 22'), ('XDG_SESSION_TYPE', 'tty'), ('GIT_ASKPASS', '/home/wowjw/.vscode-server/cli/servers/Stable-110a328ea54b42367b803ec53ee0bf52ef26b419/server/extensions/git/dist/askpass.sh'), ('SHLVL', '1'), ('LD_LIBRARY_PATH', '/home/wowjw/Project/Automobile/Phase4/ros2_ws/install/vehicle_interface/lib:/home/wowjw/Project/Automobile/Phase4/install/vehicle_controller/lib:/home/wowjw/Project/Automobile/Phase4/install/vehicle_interface/lib:/usr/local/cuda-12.6/lib64:/opt/ros/humble/opt/rviz_ogre_vendor/lib:/opt/ros/humble/lib/aarch64-linux-gnu:/opt/ros/humble/lib:/usr/local/cuda-12.6/lib64'), ('BROWSER', '/home/wowjw/.vscode-server/cli/servers/Stable-110a328ea54b42367b803ec53ee0bf52ef26b419/server/bin/helpers/browser.sh'), ('MOTD_SHOWN', 'pam'), ('HOME', '/home/wowjw'), ('OLDPWD', '/home/wowjw/Project/Automobile/Phase4'), ('TERM_PROGRAM_VERSION', '1.134.0'), ('VSCODE_IPC_HOOK_CLI', '/run/user/1000/vscode-ipc-4255334a-044f-4380-98d5-9c857eb0149d.sock'), ('ROS_PYTHON_VERSION', '3'), ('VSCODE_GIT_ASKPASS_MAIN', '/home/wowjw/.vscode-server/cli/servers/Stable-110a328ea54b42367b803ec53ee0bf52ef26b419/server/extensions/git/dist/askpass-main.js'), ('PS1', '\\[\x1b]633;A\x07\\]\\[\\e[32m\\]\\u@\\h\\[\\e[m\\]:\\[\\e[34m\\]\\w\\[\\e[33m\\]$(parse_git_branch)\\[\\e[m\\]$ \\[\x1b]633;B\x07\\]'), ('VSCODE_GIT_ASKPASS_NODE', '/home/wowjw/.vscode-server/cli/servers/Stable-110a328ea54b42367b803ec53ee0bf52ef26b419/server/node'), ('VSCODE_PYTHON_AUTOACTIVATE_GUARD', '1'), ('DBUS_SESSION_BUS_ADDRESS', 'unix:path=/run/user/1000/bus'), ('COLORTERM', 'truecolor'), ('COLCON_PREFIX_PATH', '/home/wowjw/Project/Automobile/Phase4/ros2_ws/install:/home/wowjw/Project/Automobile/Phase4/install'), ('ROS_DISTRO', 'humble'), ('LOGNAME', 'wowjw'), ('_', '/usr/bin/colcon'), ('ROS_VERSION', '2'), ('XDG_SESSION_CLASS', 'user'), ('TERM', 'xterm-256color'), ('XDG_SESSION_ID', '2'), ('ROS_LOCALHOST_ONLY', '0'), ('PATH', '/usr/local/cuda-12.6/bin:/home/wowjw/.vscode-server/data/User/globalStorage/github.copilot-chat/debugCommand:/home/wowjw/.vscode-server/data/User/globalStorage/github.copilot-chat/copilotCli:/home/wowjw/.vscode-server/cli/servers/Stable-110a328ea54b42367b803ec53ee0bf52ef26b419/server/bin/remote-cli:/home/wowjw/.local/bin:/opt/ros/humble/bin:/usr/local/cuda-12.6/bin:/usr/local/sbin:/usr/local/bin:/usr/sbin:/usr/bin:/sbin:/bin:/usr/games:/usr/local/games:/snap/bin'), ('XDG_RUNTIME_DIR', '/run/user/1000'), ('LANG', 'en_US.UTF-8'), ('LS_COLORS', 'rs=0:di=01;34:ln=01;36:mh=00:pi=40;33:so=01;35:do=01;35:bd=40;33;01:cd=40;33;01:or=40;31;01:mi=00:su=37;41:sg=30;43:ca=30;41:tw=30;42:ow=34;42:st=37;44:ex=01;32:*.tar=01;31:*.tgz=01;31:*.arc=01;31:*.arj=01;31:*.taz=01;31:*.lha=01;31:*.lz4=01;31:*.lzh=01;31:*.lzma=01;31:*.tlz=01;31:*.txz=01;31:*.tzo=01;31:*.t7z=01;31:*.zip=01;31:*.z=01;31:*.dz=01;31:*.gz=01;31:*.lrz=01;31:*.lz=01;31:*.lzo=01;31:*.xz=01;31:*.zst=01;31:*.tzst=01;31:*.bz2=01;31:*.bz=01;31:*.tbz=01;31:*.tbz2=01;31:*.tz=01;31:*.deb=01;31:*.rpm=01;31:*.jar=01;31:*.war=01;31:*.ear=01;31:*.sar=01;31:*.rar=01;31:*.alz=01;31:*.ace=01;31:*.zoo=01;31:*.cpio=01;31:*.7z=01;31:*.rz=01;31:*.cab=01;31:*.wim=01;31:*.swm=01;31:*.dwm=01;31:*.esd=01;31:*.jpg=01;35:*.jpeg=01;35:*.mjpg=01;35:*.mjpeg=01;35:*.gif=01;35:*.bmp=01;35:*.pbm=01;35:*.pgm=01;35:*.ppm=01;35:*.tga=01;35:*.xbm=01;35:*.xpm=01;35:*.tif=01;35:*.tiff=01;35:*.png=01;35:*.svg=01;35:*.svgz=01;35:*.mng=01;35:*.pcx=01;35:*.mov=01;35:*.mpg=01;35:*.mpeg=01;35:*.m2v=01;35:*.mkv=01;35:*.webm=01;35:*.webp=01;35:*.ogm=01;35:*.mp4=01;35:*.m4v=01;35:*.mp4v=01;35:*.vob=01;35:*.qt=01;35:*.nuv=01;35:*.wmv=01;35:*.asf=01;35:*.rm=01;35:*.rmvb=01;35:*.flc=01;35:*.avi=01;35:*.fli=01;35:*.flv=01;35:*.gl=01;35:*.dl=01;35:*.xcf=01;35:*.xwd=01;35:*.yuv=01;35:*.cgm=01;35:*.emf=01;35:*.ogv=01;35:*.ogx=01;35:*.aac=00;36:*.au=00;36:*.flac=00;36:*.m4a=00;36:*.mid=00;36:*.midi=00;36:*.mka=00;36:*.mp3=00;36:*.mpc=00;36:*.ogg=00;36:*.ra=00;36:*.wav=00;36:*.oga=00;36:*.opus=00;36:*.spx=00;36:*.xspf=00;36:'), ('VSCODE_GIT_IPC_HANDLE', '/run/user/1000/vscode-git-c1ac1f4f39.sock'), ('TERM_PROGRAM', 'vscode'), ('AMENT_PREFIX_PATH', '/home/wowjw/Project/Automobile/Phase4/ros2_ws/install/vehicle_controller:/home/wowjw/Project/Automobile/Phase4/ros2_ws/install/vehicle_interface:/home/wowjw/Project/Automobile/Phase4/install/vehicle_controller:/home/wowjw/Project/Automobile/Phase4/install/vehicle_interface:/opt/ros/humble'), ('SHELL', '/bin/bash'), ('LESSCLOSE', '/usr/bin/lesspipe %s %s'), ('VSCODE_GIT_ASKPASS_EXTRA_ARGS', ''), ('PWD', '/home/wowjw/Project/Automobile/Phase4/ros2_ws/build/vehicle_controller'), ('LC_ALL', 'en_US.UTF-8'), ('COPILOT_DEBUG_NONCE', '9fb98c99a0663c7f3298287e6ff935d5'), ('SSH_CONNECTION', '192.168.0.161 59356 192.168.0.133 22'), ('XDG_DATA_DIRS', '/usr/share/gnome:/usr/local/share:/usr/share:/var/lib/snapd/desktop'), ('PYTHONPATH', '/home/wowjw/Project/Automobile/Phase4/ros2_ws/install/vehicle_interface/local/lib/python3.10/dist-packages:/home/wowjw/Project/Automobile/Phase4/install/vehicle_interface/local/lib/python3.10/dist-packages:/opt/ros/humble/lib/python3.10/site-packages:/opt/ros/humble/local/lib/python3.10/dist-packages'), ('COLCON', '1'), ('CMAKE_PREFIX_PATH', '/home/wowjw/Project/Automobile/Phase4/ros2_ws/install/vehicle_interface:/home/wowjw/Project/Automobile/Phase4/ros2_ws/install/vehicle_controller:/home/wowjw/Project/Automobile/Phase4/install/vehicle_controller:/home/wowjw/Project/Automobile/Phase4/install/vehicle_interface:/opt/ros/humble')]), 'shell': False}
[52.871261] (vehicle_controller) StdoutLine: {'line': b'-- Install configuration: ""\n'}
[52.871722] (vehicle_controller) StdoutLine: {'line': b'-- Installing: /home/wowjw/Project/Automobile/Phase4/ros2_ws/install/vehicle_controller/share/ament_index/resource_index/rosidl_interfaces/vehicle_controller\n'}
[52.872115] (vehicle_controller) StdoutLine: {'line': b'-- Installing: /home/wowjw/Project/Automobile/Phase4/ros2_ws/install/vehicle_controller/include/vehicle_controller/vehicle_controller\n'}
[52.872402] (vehicle_controller) StdoutLine: {'line': b'-- Installing: /home/wowjw/Project/Automobile/Phase4/ros2_ws/install/vehicle_controller/include/vehicle_controller/vehicle_controller/msg\n'}
[52.872602] (vehicle_controller) StdoutLine: {'line': b'-- Installing: /home/wowjw/Project/Automobile/Phase4/ros2_ws/install/vehicle_controller/include/vehicle_controller/vehicle_controller/msg/vehicle_pose.h\n'}
[52.872796] (vehicle_controller) StdoutLine: {'line': b'-- Installing: /home/wowjw/Project/Automobile/Phase4/ros2_ws/install/vehicle_controller/include/vehicle_controller/vehicle_controller/msg/detail\n'}
[52.872978] (vehicle_controller) StdoutLine: {'line': b'-- Installing: /home/wowjw/Project/Automobile/Phase4/ros2_ws/install/vehicle_controller/include/vehicle_controller/vehicle_controller/msg/detail/vehicle_pose__functions.c\n'}
[52.873257] (vehicle_controller) StdoutLine: {'line': b'-- Installing: /home/wowjw/Project/Automobile/Phase4/ros2_ws/install/vehicle_controller/include/vehicle_controller/vehicle_controller/msg/detail/vehicle_pose__struct.h\n'}
[52.873493] (vehicle_controller) StdoutLine: {'line': b'-- Installing: /home/wowjw/Project/Automobile/Phase4/ros2_ws/install/vehicle_controller/include/vehicle_controller/vehicle_controller/msg/detail/vehicle_pose__functions.h\n'}
[52.873741] (vehicle_controller) StdoutLine: {'line': b'-- Installing: /home/wowjw/Project/Automobile/Phase4/ros2_ws/install/vehicle_controller/include/vehicle_controller/vehicle_controller/msg/detail/vehicle_pose__type_support.h\n'}
[52.873985] (vehicle_controller) StdoutLine: {'line': b'-- Installing: /home/wowjw/Project/Automobile/Phase4/ros2_ws/install/vehicle_controller/include/vehicle_controller/vehicle_controller/msg/rosidl_generator_c__visibility_control.h\n'}
[52.874413] (vehicle_controller) StdoutLine: {'line': b'-- Installing: /home/wowjw/Project/Automobile/Phase4/ros2_ws/install/vehicle_controller/share/vehicle_controller/environment/library_path.sh\n'}
[52.874708] (vehicle_controller) StdoutLine: {'line': b'-- Installing: /home/wowjw/Project/Automobile/Phase4/ros2_ws/install/vehicle_controller/share/vehicle_controller/environment/library_path.dsv\n'}
[52.875247] (vehicle_controller) StdoutLine: {'line': b'-- Installing: /home/wowjw/Project/Automobile/Phase4/ros2_ws/install/vehicle_controller/lib/libvehicle_controller__rosidl_generator_c.so\n'}
[52.875869] (vehicle_controller) StdoutLine: {'line': b'-- Set runtime path of "/home/wowjw/Project/Automobile/Phase4/ros2_ws/install/vehicle_controller/lib/libvehicle_controller__rosidl_generator_c.so" to ""\n'}
[52.876170] (vehicle_controller) StdoutLine: {'line': b'-- Up-to-date: /home/wowjw/Project/Automobile/Phase4/ros2_ws/install/vehicle_controller/include/vehicle_controller/vehicle_controller\n'}
[52.876332] (vehicle_controller) StdoutLine: {'line': b'-- Up-to-date: /home/wowjw/Project/Automobile/Phase4/ros2_ws/install/vehicle_controller/include/vehicle_controller/vehicle_controller/msg\n'}
[52.876536] (vehicle_controller) StdoutLine: {'line': b'-- Installing: /home/wowjw/Project/Automobile/Phase4/ros2_ws/install/vehicle_controller/include/vehicle_controller/vehicle_controller/msg/rosidl_typesupport_fastrtps_c__visibility_control.h\n'}
[52.876679] (vehicle_controller) StdoutLine: {'line': b'-- Up-to-date: /home/wowjw/Project/Automobile/Phase4/ros2_ws/install/vehicle_controller/include/vehicle_controller/vehicle_controller/msg/detail\n'}
[52.876846] (vehicle_controller) StdoutLine: {'line': b'-- Installing: /home/wowjw/Project/Automobile/Phase4/ros2_ws/install/vehicle_controller/include/vehicle_controller/vehicle_controller/msg/detail/vehicle_pose__rosidl_typesupport_fastrtps_c.h\n'}
[52.876982] (vehicle_controller) StdoutLine: {'line': b'-- Installing: /home/wowjw/Project/Automobile/Phase4/ros2_ws/install/vehicle_controller/lib/libvehicle_controller__rosidl_typesupport_fastrtps_c.so\n'}
[52.877471] (vehicle_controller) StdoutLine: {'line': b'-- Set runtime path of "/home/wowjw/Project/Automobile/Phase4/ros2_ws/install/vehicle_controller/lib/libvehicle_controller__rosidl_typesupport_fastrtps_c.so" to ""\n'}
[52.877747] (vehicle_controller) StdoutLine: {'line': b'-- Up-to-date: /home/wowjw/Project/Automobile/Phase4/ros2_ws/install/vehicle_controller/include/vehicle_controller/vehicle_controller\n'}
[52.877931] (vehicle_controller) StdoutLine: {'line': b'-- Up-to-date: /home/wowjw/Project/Automobile/Phase4/ros2_ws/install/vehicle_controller/include/vehicle_controller/vehicle_controller/msg\n'}
[52.878108] (vehicle_controller) StdoutLine: {'line': b'-- Up-to-date: /home/wowjw/Project/Automobile/Phase4/ros2_ws/install/vehicle_controller/include/vehicle_controller/vehicle_controller/msg/detail\n'}
[52.878247] (vehicle_controller) StdoutLine: {'line': b'-- Installing: /home/wowjw/Project/Automobile/Phase4/ros2_ws/install/vehicle_controller/include/vehicle_controller/vehicle_controller/msg/detail/vehicle_pose__type_support.hpp\n'}
[52.878413] (vehicle_controller) StdoutLine: {'line': b'-- Installing: /home/wowjw/Project/Automobile/Phase4/ros2_ws/install/vehicle_controller/include/vehicle_controller/vehicle_controller/msg/detail/vehicle_pose__struct.hpp\n'}
[52.878577] (vehicle_controller) StdoutLine: {'line': b'-- Installing: /home/wowjw/Project/Automobile/Phase4/ros2_ws/install/vehicle_controller/include/vehicle_controller/vehicle_controller/msg/detail/vehicle_pose__traits.hpp\n'}
[52.878729] (vehicle_controller) StdoutLine: {'line': b'-- Installing: /home/wowjw/Project/Automobile/Phase4/ros2_ws/install/vehicle_controller/include/vehicle_controller/vehicle_controller/msg/detail/vehicle_pose__builder.hpp\n'}
[52.878911] (vehicle_controller) StdoutLine: {'line': b'-- Installing: /home/wowjw/Project/Automobile/Phase4/ros2_ws/install/vehicle_controller/include/vehicle_controller/vehicle_controller/msg/vehicle_pose.hpp\n'}
[52.879079] (vehicle_controller) StdoutLine: {'line': b'-- Installing: /home/wowjw/Project/Automobile/Phase4/ros2_ws/install/vehicle_controller/include/vehicle_controller/vehicle_controller/msg/rosidl_generator_cpp__visibility_control.hpp\n'}
[52.879244] (vehicle_controller) StdoutLine: {'line': b'-- Up-to-date: /home/wowjw/Project/Automobile/Phase4/ros2_ws/install/vehicle_controller/include/vehicle_controller/vehicle_controller\n'}
[52.879431] (vehicle_controller) StdoutLine: {'line': b'-- Up-to-date: /home/wowjw/Project/Automobile/Phase4/ros2_ws/install/vehicle_controller/include/vehicle_controller/vehicle_controller/msg\n'}
[52.879562] (vehicle_controller) StdoutLine: {'line': b'-- Installing: /home/wowjw/Project/Automobile/Phase4/ros2_ws/install/vehicle_controller/include/vehicle_controller/vehicle_controller/msg/rosidl_typesupport_fastrtps_cpp__visibility_control.h\n'}
[52.879808] (vehicle_controller) StdoutLine: {'line': b'-- Up-to-date: /home/wowjw/Project/Automobile/Phase4/ros2_ws/install/vehicle_controller/include/vehicle_controller/vehicle_controller/msg/detail\n'}
[52.879976] (vehicle_controller) StdoutLine: {'line': b'-- Installing: /home/wowjw/Project/Automobile/Phase4/ros2_ws/install/vehicle_controller/include/vehicle_controller/vehicle_controller/msg/detail/dds_fastrtps\n'}
[52.880128] (vehicle_controller) StdoutLine: {'line': b'-- Installing: /home/wowjw/Project/Automobile/Phase4/ros2_ws/install/vehicle_controller/include/vehicle_controller/vehicle_controller/msg/detail/vehicle_pose__rosidl_typesupport_fastrtps_cpp.hpp\n'}
[52.880415] (vehicle_controller) StdoutLine: {'line': b'-- Installing: /home/wowjw/Project/Automobile/Phase4/ros2_ws/install/vehicle_controller/lib/libvehicle_controller__rosidl_typesupport_fastrtps_cpp.so\n'}
[52.881119] (vehicle_controller) StdoutLine: {'line': b'-- Set runtime path of "/home/wowjw/Project/Automobile/Phase4/ros2_ws/install/vehicle_controller/lib/libvehicle_controller__rosidl_typesupport_fastrtps_cpp.so" to ""\n'}
[52.881353] (vehicle_controller) StdoutLine: {'line': b'-- Up-to-date: /home/wowjw/Project/Automobile/Phase4/ros2_ws/install/vehicle_controller/include/vehicle_controller/vehicle_controller\n'}
[52.881520] (vehicle_controller) StdoutLine: {'line': b'-- Up-to-date: /home/wowjw/Project/Automobile/Phase4/ros2_ws/install/vehicle_controller/include/vehicle_controller/vehicle_controller/msg\n'}
[52.881706] (vehicle_controller) StdoutLine: {'line': b'-- Installing: /home/wowjw/Project/Automobile/Phase4/ros2_ws/install/vehicle_controller/include/vehicle_controller/vehicle_controller/msg/rosidl_typesupport_introspection_c__visibility_control.h\n'}
[52.881838] (vehicle_controller) StdoutLine: {'line': b'-- Up-to-date: /home/wowjw/Project/Automobile/Phase4/ros2_ws/install/vehicle_controller/include/vehicle_controller/vehicle_controller/msg/detail\n'}
[52.881998] (vehicle_controller) StdoutLine: {'line': b'-- Installing: /home/wowjw/Project/Automobile/Phase4/ros2_ws/install/vehicle_controller/include/vehicle_controller/vehicle_controller/msg/detail/vehicle_pose__rosidl_typesupport_introspection_c.h\n'}
[52.882128] (vehicle_controller) StdoutLine: {'line': b'-- Installing: /home/wowjw/Project/Automobile/Phase4/ros2_ws/install/vehicle_controller/include/vehicle_controller/vehicle_controller/msg/detail/vehicle_pose__type_support.c\n'}
[52.882279] (vehicle_controller) StdoutLine: {'line': b'-- Installing: /home/wowjw/Project/Automobile/Phase4/ros2_ws/install/vehicle_controller/lib/libvehicle_controller__rosidl_typesupport_introspection_c.so\n'}
[52.883118] (vehicle_controller) StdoutLine: {'line': b'-- Set runtime path of "/home/wowjw/Project/Automobile/Phase4/ros2_ws/install/vehicle_controller/lib/libvehicle_controller__rosidl_typesupport_introspection_c.so" to ""\n'}
[52.883348] (vehicle_controller) StdoutLine: {'line': b'-- Installing: /home/wowjw/Project/Automobile/Phase4/ros2_ws/install/vehicle_controller/lib/libvehicle_controller__rosidl_typesupport_c.so\n'}
[52.883862] (vehicle_controller) StdoutLine: {'line': b'-- Set runtime path of "/home/wowjw/Project/Automobile/Phase4/ros2_ws/install/vehicle_controller/lib/libvehicle_controller__rosidl_typesupport_c.so" to ""\n'}
[52.884117] (vehicle_controller) StdoutLine: {'line': b'-- Up-to-date: /home/wowjw/Project/Automobile/Phase4/ros2_ws/install/vehicle_controller/include/vehicle_controller/vehicle_controller\n'}
[52.884282] (vehicle_controller) StdoutLine: {'line': b'-- Up-to-date: /home/wowjw/Project/Automobile/Phase4/ros2_ws/install/vehicle_controller/include/vehicle_controller/vehicle_controller/msg\n'}
[52.884435] (vehicle_controller) StdoutLine: {'line': b'-- Up-to-date: /home/wowjw/Project/Automobile/Phase4/ros2_ws/install/vehicle_controller/include/vehicle_controller/vehicle_controller/msg/detail\n'}
[52.884581] (vehicle_controller) StdoutLine: {'line': b'-- Installing: /home/wowjw/Project/Automobile/Phase4/ros2_ws/install/vehicle_controller/include/vehicle_controller/vehicle_controller/msg/detail/vehicle_pose__rosidl_typesupport_introspection_cpp.hpp\n'}
[52.884725] (vehicle_controller) StdoutLine: {'line': b'-- Installing: /home/wowjw/Project/Automobile/Phase4/ros2_ws/install/vehicle_controller/include/vehicle_controller/vehicle_controller/msg/detail/vehicle_pose__type_support.cpp\n'}
[52.884852] (vehicle_controller) StdoutLine: {'line': b'-- Installing: /home/wowjw/Project/Automobile/Phase4/ros2_ws/install/vehicle_controller/lib/libvehicle_controller__rosidl_typesupport_introspection_cpp.so\n'}
[52.885307] (vehicle_controller) StdoutLine: {'line': b'-- Set runtime path of "/home/wowjw/Project/Automobile/Phase4/ros2_ws/install/vehicle_controller/lib/libvehicle_controller__rosidl_typesupport_introspection_cpp.so" to ""\n'}
[52.885512] (vehicle_controller) StdoutLine: {'line': b'-- Installing: /home/wowjw/Project/Automobile/Phase4/ros2_ws/install/vehicle_controller/lib/libvehicle_controller__rosidl_typesupport_cpp.so\n'}
[52.885985] (vehicle_controller) StdoutLine: {'line': b'-- Set runtime path of "/home/wowjw/Project/Automobile/Phase4/ros2_ws/install/vehicle_controller/lib/libvehicle_controller__rosidl_typesupport_cpp.so" to ""\n'}
[52.886206] (vehicle_controller) StdoutLine: {'line': b'-- Installing: /home/wowjw/Project/Automobile/Phase4/ros2_ws/install/vehicle_controller/share/vehicle_controller/msg/VehiclePose.idl\n'}
[52.886434] (vehicle_controller) StdoutLine: {'line': b'-- Installing: /home/wowjw/Project/Automobile/Phase4/ros2_ws/install/vehicle_controller/share/vehicle_controller/msg/VehiclePose.msg\n'}
[52.886850] (vehicle_controller) StdoutLine: {'line': b'-- Installing: /home/wowjw/Project/Automobile/Phase4/ros2_ws/install/vehicle_controller/lib/vehicle_controller/vehicle_controller_node\n'}
[52.899623] (vehicle_controller) StdoutLine: {'line': b'-- Set runtime path of "/home/wowjw/Project/Automobile/Phase4/ros2_ws/install/vehicle_controller/lib/vehicle_controller/vehicle_controller_node" to ""\n'}
[52.899958] (vehicle_controller) StdoutLine: {'line': b'-- Installing: /home/wowjw/Project/Automobile/Phase4/ros2_ws/install/vehicle_controller/share/ament_index/resource_index/package_run_dependencies/vehicle_controller\n'}
[52.900190] (vehicle_controller) StdoutLine: {'line': b'-- Installing: /home/wowjw/Project/Automobile/Phase4/ros2_ws/install/vehicle_controller/share/ament_index/resource_index/parent_prefix_path/vehicle_controller\n'}
[52.900464] (vehicle_controller) StdoutLine: {'line': b'-- Installing: /home/wowjw/Project/Automobile/Phase4/ros2_ws/install/vehicle_controller/share/vehicle_controller/environment/ament_prefix_path.sh\n'}
[52.900708] (vehicle_controller) StdoutLine: {'line': b'-- Installing: /home/wowjw/Project/Automobile/Phase4/ros2_ws/install/vehicle_controller/share/vehicle_controller/environment/ament_prefix_path.dsv\n'}
[52.900949] (vehicle_controller) StdoutLine: {'line': b'-- Installing: /home/wowjw/Project/Automobile/Phase4/ros2_ws/install/vehicle_controller/share/vehicle_controller/environment/path.sh\n'}
[52.901182] (vehicle_controller) StdoutLine: {'line': b'-- Installing: /home/wowjw/Project/Automobile/Phase4/ros2_ws/install/vehicle_controller/share/vehicle_controller/environment/path.dsv\n'}
[52.901482] (vehicle_controller) StdoutLine: {'line': b'-- Installing: /home/wowjw/Project/Automobile/Phase4/ros2_ws/install/vehicle_controller/share/vehicle_controller/local_setup.bash\n'}
[52.901794] (vehicle_controller) StdoutLine: {'line': b'-- Installing: /home/wowjw/Project/Automobile/Phase4/ros2_ws/install/vehicle_controller/share/vehicle_controller/local_setup.sh\n'}
[52.901997] (vehicle_controller) StdoutLine: {'line': b'-- Installing: /home/wowjw/Project/Automobile/Phase4/ros2_ws/install/vehicle_controller/share/vehicle_controller/local_setup.zsh\n'}
[52.902157] (vehicle_controller) StdoutLine: {'line': b'-- Installing: /home/wowjw/Project/Automobile/Phase4/ros2_ws/install/vehicle_controller/share/vehicle_controller/local_setup.dsv\n'}
[52.902418] (vehicle_controller) StdoutLine: {'line': b'-- Installing: /home/wowjw/Project/Automobile/Phase4/ros2_ws/install/vehicle_controller/share/vehicle_controller/package.dsv\n'}
[52.902715] (vehicle_controller) StdoutLine: {'line': b'-- Installing: /home/wowjw/Project/Automobile/Phase4/ros2_ws/install/vehicle_controller/share/ament_index/resource_index/packages/vehicle_controller\n'}
[52.903252] (vehicle_controller) StdoutLine: {'line': b'-- Installing: /home/wowjw/Project/Automobile/Phase4/ros2_ws/install/vehicle_controller/share/vehicle_controller/cmake/export_vehicle_controller__rosidl_generator_cExport.cmake\n'}
[52.903733] (vehicle_controller) StdoutLine: {'line': b'-- Installing: /home/wowjw/Project/Automobile/Phase4/ros2_ws/install/vehicle_controller/share/vehicle_controller/cmake/export_vehicle_controller__rosidl_generator_cExport-noconfig.cmake\n'}
[52.904066] (vehicle_controller) StdoutLine: {'line': b'-- Installing: /home/wowjw/Project/Automobile/Phase4/ros2_ws/install/vehicle_controller/share/vehicle_controller/cmake/export_vehicle_controller__rosidl_typesupport_fastrtps_cExport.cmake\n'}
[52.904408] (vehicle_controller) StdoutLine: {'line': b'-- Installing: /home/wowjw/Project/Automobile/Phase4/ros2_ws/install/vehicle_controller/share/vehicle_controller/cmake/export_vehicle_controller__rosidl_typesupport_fastrtps_cExport-noconfig.cmake\n'}
[52.904740] (vehicle_controller) StdoutLine: {'line': b'-- Installing: /home/wowjw/Project/Automobile/Phase4/ros2_ws/install/vehicle_controller/share/vehicle_controller/cmake/export_vehicle_controller__rosidl_generator_cppExport.cmake\n'}
[52.905036] (vehicle_controller) StdoutLine: {'line': b'-- Installing: /home/wowjw/Project/Automobile/Phase4/ros2_ws/install/vehicle_controller/share/vehicle_controller/cmake/export_vehicle_controller__rosidl_typesupport_fastrtps_cppExport.cmake\n'}
[52.905336] (vehicle_controller) StdoutLine: {'line': b'-- Installing: /home/wowjw/Project/Automobile/Phase4/ros2_ws/install/vehicle_controller/share/vehicle_controller/cmake/export_vehicle_controller__rosidl_typesupport_fastrtps_cppExport-noconfig.cmake\n'}
[52.905624] (vehicle_controller) StdoutLine: {'line': b'-- Installing: /home/wowjw/Project/Automobile/Phase4/ros2_ws/install/vehicle_controller/share/vehicle_controller/cmake/vehicle_controller__rosidl_typesupport_introspection_cExport.cmake\n'}
[52.905904] (vehicle_controller) StdoutLine: {'line': b'-- Installing: /home/wowjw/Project/Automobile/Phase4/ros2_ws/install/vehicle_controller/share/vehicle_controller/cmake/vehicle_controller__rosidl_typesupport_introspection_cExport-noconfig.cmake\n'}
[52.906177] (vehicle_controller) StdoutLine: {'line': b'-- Installing: /home/wowjw/Project/Automobile/Phase4/ros2_ws/install/vehicle_controller/share/vehicle_controller/cmake/vehicle_controller__rosidl_typesupport_cExport.cmake\n'}
[52.906464] (vehicle_controller) StdoutLine: {'line': b'-- Installing: /home/wowjw/Project/Automobile/Phase4/ros2_ws/install/vehicle_controller/share/vehicle_controller/cmake/vehicle_controller__rosidl_typesupport_cExport-noconfig.cmake\n'}
[52.906731] (vehicle_controller) StdoutLine: {'line': b'-- Installing: /home/wowjw/Project/Automobile/Phase4/ros2_ws/install/vehicle_controller/share/vehicle_controller/cmake/vehicle_controller__rosidl_typesupport_introspection_cppExport.cmake\n'}
[52.907046] (vehicle_controller) StdoutLine: {'line': b'-- Installing: /home/wowjw/Project/Automobile/Phase4/ros2_ws/install/vehicle_controller/share/vehicle_controller/cmake/vehicle_controller__rosidl_typesupport_introspection_cppExport-noconfig.cmake\n'}
[52.907351] (vehicle_controller) StdoutLine: {'line': b'-- Installing: /home/wowjw/Project/Automobile/Phase4/ros2_ws/install/vehicle_controller/share/vehicle_controller/cmake/vehicle_controller__rosidl_typesupport_cppExport.cmake\n'}
[52.907623] (vehicle_controller) StdoutLine: {'line': b'-- Installing: /home/wowjw/Project/Automobile/Phase4/ros2_ws/install/vehicle_controller/share/vehicle_controller/cmake/vehicle_controller__rosidl_typesupport_cppExport-noconfig.cmake\n'}
[52.907924] (vehicle_controller) StdoutLine: {'line': b'-- Installing: /home/wowjw/Project/Automobile/Phase4/ros2_ws/install/vehicle_controller/share/vehicle_controller/cmake/rosidl_cmake-extras.cmake\n'}
[52.908251] (vehicle_controller) StdoutLine: {'line': b'-- Installing: /home/wowjw/Project/Automobile/Phase4/ros2_ws/install/vehicle_controller/share/vehicle_controller/cmake/ament_cmake_export_include_directories-extras.cmake\n'}
[52.908519] (vehicle_controller) StdoutLine: {'line': b'-- Installing: /home/wowjw/Project/Automobile/Phase4/ros2_ws/install/vehicle_controller/share/vehicle_controller/cmake/ament_cmake_export_libraries-extras.cmake\n'}
[52.908823] (vehicle_controller) StdoutLine: {'line': b'-- Installing: /home/wowjw/Project/Automobile/Phase4/ros2_ws/install/vehicle_controller/share/vehicle_controller/cmake/ament_cmake_export_targets-extras.cmake\n'}
[52.909126] (vehicle_controller) StdoutLine: {'line': b'-- Installing: /home/wowjw/Project/Automobile/Phase4/ros2_ws/install/vehicle_controller/share/vehicle_controller/cmake/rosidl_cmake_export_typesupport_targets-extras.cmake\n'}
[52.909409] (vehicle_controller) StdoutLine: {'line': b'-- Installing: /home/wowjw/Project/Automobile/Phase4/ros2_ws/install/vehicle_controller/share/vehicle_controller/cmake/ament_cmake_export_dependencies-extras.cmake\n'}
[52.909636] (vehicle_controller) StdoutLine: {'line': b'-- Installing: /home/wowjw/Project/Automobile/Phase4/ros2_ws/install/vehicle_controller/share/vehicle_controller/cmake/rosidl_cmake_export_typesupport_libraries-extras.cmake\n'}
[52.909855] (vehicle_controller) StdoutLine: {'line': b'-- Installing: /home/wowjw/Project/Automobile/Phase4/ros2_ws/install/vehicle_controller/share/vehicle_controller/cmake/vehicle_controllerConfig.cmake\n'}
[52.910072] (vehicle_controller) StdoutLine: {'line': b'-- Installing: /home/wowjw/Project/Automobile/Phase4/ros2_ws/install/vehicle_controller/share/vehicle_controller/cmake/vehicle_controllerConfig-version.cmake\n'}
[52.910289] (vehicle_controller) StdoutLine: {'line': b'-- Installing: /home/wowjw/Project/Automobile/Phase4/ros2_ws/install/vehicle_controller/share/vehicle_controller/package.xml\n'}
[52.913471] (vehicle_controller) CommandEnded: {'returncode': 0}
[52.925230] (-) TimerEvent: {}
[52.961350] (vehicle_controller) JobEnded: {'identifier': 'vehicle_controller', 'rc': 0}
[52.963481] (-) EventReactorShutdown: {}
