[0.000000] (-) TimerEvent: {}
[0.000696] (vehicle_interface) JobQueued: {'identifier': 'vehicle_interface', 'dependencies': OrderedDict()}
[0.001174] (vehicle_controller) JobQueued: {'identifier': 'vehicle_controller', 'dependencies': OrderedDict([('vehicle_interface', '/home/wowjw/Project/Automobile/Phase4/ros2_ws/install/vehicle_interface')])}
[0.001441] (vehicle_interface) JobStarted: {'identifier': 'vehicle_interface'}
[0.014605] (vehicle_interface) JobProgress: {'identifier': 'vehicle_interface', 'progress': 'cmake'}
[0.015762] (vehicle_interface) JobProgress: {'identifier': 'vehicle_interface', 'progress': 'build'}
[0.016894] (vehicle_interface) Command: {'cmd': ['/usr/bin/cmake', '--build', '/home/wowjw/Project/Automobile/Phase4/ros2_ws/build/vehicle_interface', '--', '-j6', '-l6'], 'cwd': '/home/wowjw/Project/Automobile/Phase4/ros2_ws/build/vehicle_interface', 'env': OrderedDict([('LESSOPEN', '| /usr/bin/lesspipe %s'), ('USER', 'wowjw'), ('SSH_CLIENT', '192.168.0.161 59356 22'), ('XDG_SESSION_TYPE', 'tty'), ('GIT_ASKPASS', '/home/wowjw/.vscode-server/cli/servers/Stable-110a328ea54b42367b803ec53ee0bf52ef26b419/server/extensions/git/dist/askpass.sh'), ('SHLVL', '1'), ('LD_LIBRARY_PATH', '/home/wowjw/Project/Automobile/Phase4/ros2_ws/install/vehicle_controller/lib:/home/wowjw/Project/Automobile/Phase4/ros2_ws/install/vehicle_interface/lib:/home/wowjw/Project/Automobile/Phase4/install/vehicle_controller/lib:/home/wowjw/Project/Automobile/Phase4/install/vehicle_interface/lib:/usr/local/cuda-12.6/lib64:/opt/ros/humble/opt/rviz_ogre_vendor/lib:/opt/ros/humble/lib/aarch64-linux-gnu:/opt/ros/humble/lib:/usr/local/cuda-12.6/lib64:'), ('BROWSER', '/home/wowjw/.vscode-server/cli/servers/Stable-110a328ea54b42367b803ec53ee0bf52ef26b419/server/bin/helpers/browser.sh'), ('MOTD_SHOWN', 'pam'), ('HOME', '/home/wowjw'), ('OLDPWD', '/home/wowjw/Project/Automobile/Phase4'), ('TERM_PROGRAM_VERSION', '1.134.0'), ('VSCODE_IPC_HOOK_CLI', '/run/user/1000/vscode-ipc-4255334a-044f-4380-98d5-9c857eb0149d.sock'), ('ROS_PYTHON_VERSION', '3'), ('VSCODE_GIT_ASKPASS_MAIN', '/home/wowjw/.vscode-server/cli/servers/Stable-110a328ea54b42367b803ec53ee0bf52ef26b419/server/extensions/git/dist/askpass-main.js'), ('PS1', '\\[\x1b]633;A\x07\\]\\[\\e[32m\\]\\u@\\h\\[\\e[m\\]:\\[\\e[34m\\]\\w\\[\\e[33m\\]$(parse_git_branch)\\[\\e[m\\]$ \\[\x1b]633;B\x07\\]'), ('VSCODE_GIT_ASKPASS_NODE', '/home/wowjw/.vscode-server/cli/servers/Stable-110a328ea54b42367b803ec53ee0bf52ef26b419/server/node'), ('VSCODE_PYTHON_AUTOACTIVATE_GUARD', '1'), ('DBUS_SESSION_BUS_ADDRESS', 'unix:path=/run/user/1000/bus'), ('COLORTERM', 'truecolor'), ('COLCON_PREFIX_PATH', '/home/wowjw/Project/Automobile/Phase4/ros2_ws/install:/home/wowjw/Project/Automobile/Phase4/install'), ('ROS_DISTRO', 'humble'), ('LOGNAME', 'wowjw'), ('_', '/usr/bin/colcon'), ('ROS_VERSION', '2'), ('XDG_SESSION_CLASS', 'user'), ('TERM', 'xterm-256color'), ('XDG_SESSION_ID', '2'), ('ROS_LOCALHOST_ONLY', '0'), ('PATH', '/usr/local/cuda-12.6/bin:/home/wowjw/.vscode-server/data/User/globalStorage/github.copilot-chat/debugCommand:/home/wowjw/.vscode-server/data/User/globalStorage/github.copilot-chat/copilotCli:/home/wowjw/.vscode-server/cli/servers/Stable-110a328ea54b42367b803ec53ee0bf52ef26b419/server/bin/remote-cli:/home/wowjw/.local/bin:/opt/ros/humble/bin:/usr/local/cuda-12.6/bin:/usr/local/sbin:/usr/local/bin:/usr/sbin:/usr/bin:/sbin:/bin:/usr/games:/usr/local/games:/snap/bin'), ('XDG_RUNTIME_DIR', '/run/user/1000'), ('LANG', 'en_US.UTF-8'), ('LS_COLORS', 'rs=0:di=01;34:ln=01;36:mh=00:pi=40;33:so=01;35:do=01;35:bd=40;33;01:cd=40;33;01:or=40;31;01:mi=00:su=37;41:sg=30;43:ca=30;41:tw=30;42:ow=34;42:st=37;44:ex=01;32:*.tar=01;31:*.tgz=01;31:*.arc=01;31:*.arj=01;31:*.taz=01;31:*.lha=01;31:*.lz4=01;31:*.lzh=01;31:*.lzma=01;31:*.tlz=01;31:*.txz=01;31:*.tzo=01;31:*.t7z=01;31:*.zip=01;31:*.z=01;31:*.dz=01;31:*.gz=01;31:*.lrz=01;31:*.lz=01;31:*.lzo=01;31:*.xz=01;31:*.zst=01;31:*.tzst=01;31:*.bz2=01;31:*.bz=01;31:*.tbz=01;31:*.tbz2=01;31:*.tz=01;31:*.deb=01;31:*.rpm=01;31:*.jar=01;31:*.war=01;31:*.ear=01;31:*.sar=01;31:*.rar=01;31:*.alz=01;31:*.ace=01;31:*.zoo=01;31:*.cpio=01;31:*.7z=01;31:*.rz=01;31:*.cab=01;31:*.wim=01;31:*.swm=01;31:*.dwm=01;31:*.esd=01;31:*.jpg=01;35:*.jpeg=01;35:*.mjpg=01;35:*.mjpeg=01;35:*.gif=01;35:*.bmp=01;35:*.pbm=01;35:*.pgm=01;35:*.ppm=01;35:*.tga=01;35:*.xbm=01;35:*.xpm=01;35:*.tif=01;35:*.tiff=01;35:*.png=01;35:*.svg=01;35:*.svgz=01;35:*.mng=01;35:*.pcx=01;35:*.mov=01;35:*.mpg=01;35:*.mpeg=01;35:*.m2v=01;35:*.mkv=01;35:*.webm=01;35:*.webp=01;35:*.ogm=01;35:*.mp4=01;35:*.m4v=01;35:*.mp4v=01;35:*.vob=01;35:*.qt=01;35:*.nuv=01;35:*.wmv=01;35:*.asf=01;35:*.rm=01;35:*.rmvb=01;35:*.flc=01;35:*.avi=01;35:*.fli=01;35:*.flv=01;35:*.gl=01;35:*.dl=01;35:*.xcf=01;35:*.xwd=01;35:*.yuv=01;35:*.cgm=01;35:*.emf=01;35:*.ogv=01;35:*.ogx=01;35:*.aac=00;36:*.au=00;36:*.flac=00;36:*.m4a=00;36:*.mid=00;36:*.midi=00;36:*.mka=00;36:*.mp3=00;36:*.mpc=00;36:*.ogg=00;36:*.ra=00;36:*.wav=00;36:*.oga=00;36:*.opus=00;36:*.spx=00;36:*.xspf=00;36:'), ('VSCODE_GIT_IPC_HANDLE', '/run/user/1000/vscode-git-c1ac1f4f39.sock'), ('TERM_PROGRAM', 'vscode'), ('AMENT_PREFIX_PATH', '/home/wowjw/Project/Automobile/Phase4/ros2_ws/install/vehicle_controller:/home/wowjw/Project/Automobile/Phase4/ros2_ws/install/vehicle_interface:/home/wowjw/Project/Automobile/Phase4/install/vehicle_controller:/home/wowjw/Project/Automobile/Phase4/install/vehicle_interface:/opt/ros/humble'), ('SHELL', '/bin/bash'), ('LESSCLOSE', '/usr/bin/lesspipe %s %s'), ('VSCODE_GIT_ASKPASS_EXTRA_ARGS', ''), ('PWD', '/home/wowjw/Project/Automobile/Phase4/ros2_ws/build/vehicle_interface'), ('LC_ALL', 'en_US.UTF-8'), ('COPILOT_DEBUG_NONCE', '9fb98c99a0663c7f3298287e6ff935d5'), ('SSH_CONNECTION', '192.168.0.161 59356 192.168.0.133 22'), ('XDG_DATA_DIRS', '/usr/share/gnome:/usr/local/share:/usr/share:/var/lib/snapd/desktop'), ('PYTHONPATH', '/home/wowjw/Project/Automobile/Phase4/ros2_ws/install/vehicle_interface/local/lib/python3.10/dist-packages:/home/wowjw/Project/Automobile/Phase4/install/vehicle_interface/local/lib/python3.10/dist-packages:/opt/ros/humble/lib/python3.10/site-packages:/opt/ros/humble/local/lib/python3.10/dist-packages'), ('COLCON', '1'), ('CMAKE_PREFIX_PATH', '/home/wowjw/Project/Automobile/Phase4/ros2_ws/install/vehicle_controller:/home/wowjw/Project/Automobile/Phase4/ros2_ws/install/vehicle_interface:/home/wowjw/Project/Automobile/Phase4/install/vehicle_controller:/home/wowjw/Project/Automobile/Phase4/install/vehicle_interface:/opt/ros/humble')]), 'shell': False}
[0.099460] (-) TimerEvent: {}
[0.113278] (vehicle_interface) StdoutLine: {'line': b'[  4%] Built target vehicle_interface__cpp\n'}
[0.113788] (vehicle_interface) StdoutLine: {'line': b'[ 11%] Built target vehicle_interface__rosidl_generator_c\n'}
[0.131545] (vehicle_interface) StdoutLine: {'line': b'[ 11%] Built target ament_cmake_python_copy_vehicle_interface\n'}
[0.152203] (vehicle_interface) StdoutLine: {'line': b'[ 20%] Built target vehicle_interface__rosidl_typesupport_c\n'}
[0.153970] (vehicle_interface) StdoutLine: {'line': b'[ 30%] Built target vehicle_interface__rosidl_typesupport_fastrtps_cpp\n'}
[0.154789] (vehicle_interface) StdoutLine: {'line': b'[ 39%] Built target vehicle_interface__rosidl_typesupport_cpp\n'}
[0.155659] (vehicle_interface) StdoutLine: {'line': b'[ 48%] Built target vehicle_interface__rosidl_typesupport_introspection_c\n'}
[0.155866] (vehicle_interface) StdoutLine: {'line': b'[ 58%] Built target vehicle_interface__rosidl_typesupport_introspection_cpp\n'}
[0.173878] (vehicle_interface) StdoutLine: {'line': b'[ 67%] Built target vehicle_interface__rosidl_typesupport_fastrtps_c\n'}
[0.199619] (-) TimerEvent: {}
[0.206016] (vehicle_interface) StdoutLine: {'line': b'[ 76%] Built target vehicle_interface_node\n'}
[0.211868] (vehicle_interface) StdoutLine: {'line': b'[ 76%] Built target vehicle_interface\n'}
[0.253962] (vehicle_interface) StdoutLine: {'line': b'[ 79%] Built target vehicle_interface__py\n'}
[0.299783] (-) TimerEvent: {}
[0.302582] (vehicle_interface) StdoutLine: {'line': b'[ 86%] Built target vehicle_interface__rosidl_generator_py\n'}
[0.344866] (vehicle_interface) StdoutLine: {'line': b'[ 97%] Built target vehicle_interface__rosidl_typesupport_introspection_c__pyext\n'}
[0.345363] (vehicle_interface) StdoutLine: {'line': b'[ 97%] Built target vehicle_interface__rosidl_typesupport_fastrtps_c__pyext\n'}
[0.345847] (vehicle_interface) StdoutLine: {'line': b'[100%] Built target vehicle_interface__rosidl_typesupport_c__pyext\n'}
[0.399923] (-) TimerEvent: {}
[0.500615] (-) TimerEvent: {}
[0.601365] (-) TimerEvent: {}
[0.625870] (vehicle_interface) StdoutLine: {'line': b'running egg_info\n'}
[0.627196] (vehicle_interface) StdoutLine: {'line': b'writing vehicle_interface.egg-info/PKG-INFO\n'}
[0.627701] (vehicle_interface) StdoutLine: {'line': b'writing dependency_links to vehicle_interface.egg-info/dependency_links.txt\n'}
[0.628128] (vehicle_interface) StdoutLine: {'line': b'writing top-level names to vehicle_interface.egg-info/top_level.txt\n'}
[0.632182] (vehicle_interface) StdoutLine: {'line': b"reading manifest file 'vehicle_interface.egg-info/SOURCES.txt'\n"}
[0.633159] (vehicle_interface) StdoutLine: {'line': b"writing manifest file 'vehicle_interface.egg-info/SOURCES.txt'\n"}
[0.701416] (vehicle_interface) StdoutLine: {'line': b'[100%] Built target ament_cmake_python_build_vehicle_interface_egg\n'}
[0.701916] (-) TimerEvent: {}
[0.727666] (vehicle_interface) CommandEnded: {'returncode': 0}
[0.729336] (vehicle_interface) JobProgress: {'identifier': 'vehicle_interface', 'progress': 'install'}
[0.748997] (vehicle_interface) Command: {'cmd': ['/usr/bin/cmake', '--install', '/home/wowjw/Project/Automobile/Phase4/ros2_ws/build/vehicle_interface'], 'cwd': '/home/wowjw/Project/Automobile/Phase4/ros2_ws/build/vehicle_interface', 'env': OrderedDict([('LESSOPEN', '| /usr/bin/lesspipe %s'), ('USER', 'wowjw'), ('SSH_CLIENT', '192.168.0.161 59356 22'), ('XDG_SESSION_TYPE', 'tty'), ('GIT_ASKPASS', '/home/wowjw/.vscode-server/cli/servers/Stable-110a328ea54b42367b803ec53ee0bf52ef26b419/server/extensions/git/dist/askpass.sh'), ('SHLVL', '1'), ('LD_LIBRARY_PATH', '/home/wowjw/Project/Automobile/Phase4/ros2_ws/install/vehicle_controller/lib:/home/wowjw/Project/Automobile/Phase4/ros2_ws/install/vehicle_interface/lib:/home/wowjw/Project/Automobile/Phase4/install/vehicle_controller/lib:/home/wowjw/Project/Automobile/Phase4/install/vehicle_interface/lib:/usr/local/cuda-12.6/lib64:/opt/ros/humble/opt/rviz_ogre_vendor/lib:/opt/ros/humble/lib/aarch64-linux-gnu:/opt/ros/humble/lib:/usr/local/cuda-12.6/lib64:'), ('BROWSER', '/home/wowjw/.vscode-server/cli/servers/Stable-110a328ea54b42367b803ec53ee0bf52ef26b419/server/bin/helpers/browser.sh'), ('MOTD_SHOWN', 'pam'), ('HOME', '/home/wowjw'), ('OLDPWD', '/home/wowjw/Project/Automobile/Phase4'), ('TERM_PROGRAM_VERSION', '1.134.0'), ('VSCODE_IPC_HOOK_CLI', '/run/user/1000/vscode-ipc-4255334a-044f-4380-98d5-9c857eb0149d.sock'), ('ROS_PYTHON_VERSION', '3'), ('VSCODE_GIT_ASKPASS_MAIN', '/home/wowjw/.vscode-server/cli/servers/Stable-110a328ea54b42367b803ec53ee0bf52ef26b419/server/extensions/git/dist/askpass-main.js'), ('PS1', '\\[\x1b]633;A\x07\\]\\[\\e[32m\\]\\u@\\h\\[\\e[m\\]:\\[\\e[34m\\]\\w\\[\\e[33m\\]$(parse_git_branch)\\[\\e[m\\]$ \\[\x1b]633;B\x07\\]'), ('VSCODE_GIT_ASKPASS_NODE', '/home/wowjw/.vscode-server/cli/servers/Stable-110a328ea54b42367b803ec53ee0bf52ef26b419/server/node'), ('VSCODE_PYTHON_AUTOACTIVATE_GUARD', '1'), ('DBUS_SESSION_BUS_ADDRESS', 'unix:path=/run/user/1000/bus'), ('COLORTERM', 'truecolor'), ('COLCON_PREFIX_PATH', '/home/wowjw/Project/Automobile/Phase4/ros2_ws/install:/home/wowjw/Project/Automobile/Phase4/install'), ('ROS_DISTRO', 'humble'), ('LOGNAME', 'wowjw'), ('_', '/usr/bin/colcon'), ('ROS_VERSION', '2'), ('XDG_SESSION_CLASS', 'user'), ('TERM', 'xterm-256color'), ('XDG_SESSION_ID', '2'), ('ROS_LOCALHOST_ONLY', '0'), ('PATH', '/usr/local/cuda-12.6/bin:/home/wowjw/.vscode-server/data/User/globalStorage/github.copilot-chat/debugCommand:/home/wowjw/.vscode-server/data/User/globalStorage/github.copilot-chat/copilotCli:/home/wowjw/.vscode-server/cli/servers/Stable-110a328ea54b42367b803ec53ee0bf52ef26b419/server/bin/remote-cli:/home/wowjw/.local/bin:/opt/ros/humble/bin:/usr/local/cuda-12.6/bin:/usr/local/sbin:/usr/local/bin:/usr/sbin:/usr/bin:/sbin:/bin:/usr/games:/usr/local/games:/snap/bin'), ('XDG_RUNTIME_DIR', '/run/user/1000'), ('LANG', 'en_US.UTF-8'), ('LS_COLORS', 'rs=0:di=01;34:ln=01;36:mh=00:pi=40;33:so=01;35:do=01;35:bd=40;33;01:cd=40;33;01:or=40;31;01:mi=00:su=37;41:sg=30;43:ca=30;41:tw=30;42:ow=34;42:st=37;44:ex=01;32:*.tar=01;31:*.tgz=01;31:*.arc=01;31:*.arj=01;31:*.taz=01;31:*.lha=01;31:*.lz4=01;31:*.lzh=01;31:*.lzma=01;31:*.tlz=01;31:*.txz=01;31:*.tzo=01;31:*.t7z=01;31:*.zip=01;31:*.z=01;31:*.dz=01;31:*.gz=01;31:*.lrz=01;31:*.lz=01;31:*.lzo=01;31:*.xz=01;31:*.zst=01;31:*.tzst=01;31:*.bz2=01;31:*.bz=01;31:*.tbz=01;31:*.tbz2=01;31:*.tz=01;31:*.deb=01;31:*.rpm=01;31:*.jar=01;31:*.war=01;31:*.ear=01;31:*.sar=01;31:*.rar=01;31:*.alz=01;31:*.ace=01;31:*.zoo=01;31:*.cpio=01;31:*.7z=01;31:*.rz=01;31:*.cab=01;31:*.wim=01;31:*.swm=01;31:*.dwm=01;31:*.esd=01;31:*.jpg=01;35:*.jpeg=01;35:*.mjpg=01;35:*.mjpeg=01;35:*.gif=01;35:*.bmp=01;35:*.pbm=01;35:*.pgm=01;35:*.ppm=01;35:*.tga=01;35:*.xbm=01;35:*.xpm=01;35:*.tif=01;35:*.tiff=01;35:*.png=01;35:*.svg=01;35:*.svgz=01;35:*.mng=01;35:*.pcx=01;35:*.mov=01;35:*.mpg=01;35:*.mpeg=01;35:*.m2v=01;35:*.mkv=01;35:*.webm=01;35:*.webp=01;35:*.ogm=01;35:*.mp4=01;35:*.m4v=01;35:*.mp4v=01;35:*.vob=01;35:*.qt=01;35:*.nuv=01;35:*.wmv=01;35:*.asf=01;35:*.rm=01;35:*.rmvb=01;35:*.flc=01;35:*.avi=01;35:*.fli=01;35:*.flv=01;35:*.gl=01;35:*.dl=01;35:*.xcf=01;35:*.xwd=01;35:*.yuv=01;35:*.cgm=01;35:*.emf=01;35:*.ogv=01;35:*.ogx=01;35:*.aac=00;36:*.au=00;36:*.flac=00;36:*.m4a=00;36:*.mid=00;36:*.midi=00;36:*.mka=00;36:*.mp3=00;36:*.mpc=00;36:*.ogg=00;36:*.ra=00;36:*.wav=00;36:*.oga=00;36:*.opus=00;36:*.spx=00;36:*.xspf=00;36:'), ('VSCODE_GIT_IPC_HANDLE', '/run/user/1000/vscode-git-c1ac1f4f39.sock'), ('TERM_PROGRAM', 'vscode'), ('AMENT_PREFIX_PATH', '/home/wowjw/Project/Automobile/Phase4/ros2_ws/install/vehicle_controller:/home/wowjw/Project/Automobile/Phase4/ros2_ws/install/vehicle_interface:/home/wowjw/Project/Automobile/Phase4/install/vehicle_controller:/home/wowjw/Project/Automobile/Phase4/install/vehicle_interface:/opt/ros/humble'), ('SHELL', '/bin/bash'), ('LESSCLOSE', '/usr/bin/lesspipe %s %s'), ('VSCODE_GIT_ASKPASS_EXTRA_ARGS', ''), ('PWD', '/home/wowjw/Project/Automobile/Phase4/ros2_ws/build/vehicle_interface'), ('LC_ALL', 'en_US.UTF-8'), ('COPILOT_DEBUG_NONCE', '9fb98c99a0663c7f3298287e6ff935d5'), ('SSH_CONNECTION', '192.168.0.161 59356 192.168.0.133 22'), ('XDG_DATA_DIRS', '/usr/share/gnome:/usr/local/share:/usr/share:/var/lib/snapd/desktop'), ('PYTHONPATH', '/home/wowjw/Project/Automobile/Phase4/ros2_ws/install/vehicle_interface/local/lib/python3.10/dist-packages:/home/wowjw/Project/Automobile/Phase4/install/vehicle_interface/local/lib/python3.10/dist-packages:/opt/ros/humble/lib/python3.10/site-packages:/opt/ros/humble/local/lib/python3.10/dist-packages'), ('COLCON', '1'), ('CMAKE_PREFIX_PATH', '/home/wowjw/Project/Automobile/Phase4/ros2_ws/install/vehicle_controller:/home/wowjw/Project/Automobile/Phase4/ros2_ws/install/vehicle_interface:/home/wowjw/Project/Automobile/Phase4/install/vehicle_controller:/home/wowjw/Project/Automobile/Phase4/install/vehicle_interface:/opt/ros/humble')]), 'shell': False}
[0.768756] (vehicle_interface) StdoutLine: {'line': b'-- Install configuration: ""\n'}
[0.769370] (vehicle_interface) StdoutLine: {'line': b'-- Up-to-date: /home/wowjw/Project/Automobile/Phase4/ros2_ws/install/vehicle_interface/share/ament_index/resource_index/rosidl_interfaces/vehicle_interface\n'}
[0.769782] (vehicle_interface) StdoutLine: {'line': b'-- Up-to-date: /home/wowjw/Project/Automobile/Phase4/ros2_ws/install/vehicle_interface/include/vehicle_interface/vehicle_interface\n'}
[0.770138] (vehicle_interface) StdoutLine: {'line': b'-- Up-to-date: /home/wowjw/Project/Automobile/Phase4/ros2_ws/install/vehicle_interface/include/vehicle_interface/vehicle_interface/msg\n'}
[0.770331] (vehicle_interface) StdoutLine: {'line': b'-- Up-to-date: /home/wowjw/Project/Automobile/Phase4/ros2_ws/install/vehicle_interface/include/vehicle_interface/vehicle_interface/msg/detail\n'}
[0.770565] (vehicle_interface) StdoutLine: {'line': b'-- Up-to-date: /home/wowjw/Project/Automobile/Phase4/ros2_ws/install/vehicle_interface/include/vehicle_interface/vehicle_interface/msg/detail/vehicle_feedback__type_support.h\n'}
[0.770740] (vehicle_interface) StdoutLine: {'line': b'-- Up-to-date: /home/wowjw/Project/Automobile/Phase4/ros2_ws/install/vehicle_interface/include/vehicle_interface/vehicle_interface/msg/detail/vehicle_feedback__functions.h\n'}
[0.771033] (vehicle_interface) StdoutLine: {'line': b'-- Up-to-date: /home/wowjw/Project/Automobile/Phase4/ros2_ws/install/vehicle_interface/include/vehicle_interface/vehicle_interface/msg/detail/vehicle_command__type_support.h\n'}
[0.771208] (vehicle_interface) StdoutLine: {'line': b'-- Up-to-date: /home/wowjw/Project/Automobile/Phase4/ros2_ws/install/vehicle_interface/include/vehicle_interface/vehicle_interface/msg/detail/vehicle_feedback__struct.h\n'}
[0.771532] (vehicle_interface) StdoutLine: {'line': b'-- Up-to-date: /home/wowjw/Project/Automobile/Phase4/ros2_ws/install/vehicle_interface/include/vehicle_interface/vehicle_interface/msg/detail/vehicle_command__functions.c\n'}
[0.771749] (vehicle_interface) StdoutLine: {'line': b'-- Up-to-date: /home/wowjw/Project/Automobile/Phase4/ros2_ws/install/vehicle_interface/include/vehicle_interface/vehicle_interface/msg/detail/vehicle_command__functions.h\n'}
[0.771954] (vehicle_interface) StdoutLine: {'line': b'-- Up-to-date: /home/wowjw/Project/Automobile/Phase4/ros2_ws/install/vehicle_interface/include/vehicle_interface/vehicle_interface/msg/detail/vehicle_command__struct.h\n'}
[0.772352] (vehicle_interface) StdoutLine: {'line': b'-- Up-to-date: /home/wowjw/Project/Automobile/Phase4/ros2_ws/install/vehicle_interface/include/vehicle_interface/vehicle_interface/msg/detail/vehicle_feedback__functions.c\n'}
[0.772709] (vehicle_interface) StdoutLine: {'line': b'-- Up-to-date: /home/wowjw/Project/Automobile/Phase4/ros2_ws/install/vehicle_interface/include/vehicle_interface/vehicle_interface/msg/vehicle_feedback.h\n'}
[0.773025] (vehicle_interface) StdoutLine: {'line': b'-- Up-to-date: /home/wowjw/Project/Automobile/Phase4/ros2_ws/install/vehicle_interface/include/vehicle_interface/vehicle_interface/msg/vehicle_command.h\n'}
[0.773301] (vehicle_interface) StdoutLine: {'line': b'-- Up-to-date: /home/wowjw/Project/Automobile/Phase4/ros2_ws/install/vehicle_interface/include/vehicle_interface/vehicle_interface/msg/rosidl_generator_c__visibility_control.h\n'}
[0.773493] (vehicle_interface) StdoutLine: {'line': b'-- Up-to-date: /home/wowjw/Project/Automobile/Phase4/ros2_ws/install/vehicle_interface/share/vehicle_interface/environment/library_path.sh\n'}
[0.773653] (vehicle_interface) StdoutLine: {'line': b'-- Up-to-date: /home/wowjw/Project/Automobile/Phase4/ros2_ws/install/vehicle_interface/share/vehicle_interface/environment/library_path.dsv\n'}
[0.773947] (vehicle_interface) StdoutLine: {'line': b'-- Up-to-date: /home/wowjw/Project/Automobile/Phase4/ros2_ws/install/vehicle_interface/lib/libvehicle_interface__rosidl_generator_c.so\n'}
[0.774300] (vehicle_interface) StdoutLine: {'line': b'-- Up-to-date: /home/wowjw/Project/Automobile/Phase4/ros2_ws/install/vehicle_interface/include/vehicle_interface/vehicle_interface\n'}
[0.774465] (vehicle_interface) StdoutLine: {'line': b'-- Up-to-date: /home/wowjw/Project/Automobile/Phase4/ros2_ws/install/vehicle_interface/include/vehicle_interface/vehicle_interface/msg\n'}
[0.774677] (vehicle_interface) StdoutLine: {'line': b'-- Up-to-date: /home/wowjw/Project/Automobile/Phase4/ros2_ws/install/vehicle_interface/include/vehicle_interface/vehicle_interface/msg/rosidl_typesupport_fastrtps_c__visibility_control.h\n'}
[0.774831] (vehicle_interface) StdoutLine: {'line': b'-- Up-to-date: /home/wowjw/Project/Automobile/Phase4/ros2_ws/install/vehicle_interface/include/vehicle_interface/vehicle_interface/msg/detail\n'}
[0.775073] (vehicle_interface) StdoutLine: {'line': b'-- Up-to-date: /home/wowjw/Project/Automobile/Phase4/ros2_ws/install/vehicle_interface/include/vehicle_interface/vehicle_interface/msg/detail/vehicle_command__rosidl_typesupport_fastrtps_c.h\n'}
[0.775237] (vehicle_interface) StdoutLine: {'line': b'-- Up-to-date: /home/wowjw/Project/Automobile/Phase4/ros2_ws/install/vehicle_interface/include/vehicle_interface/vehicle_interface/msg/detail/vehicle_feedback__rosidl_typesupport_fastrtps_c.h\n'}
[0.775380] (vehicle_interface) StdoutLine: {'line': b'-- Up-to-date: /home/wowjw/Project/Automobile/Phase4/ros2_ws/install/vehicle_interface/lib/libvehicle_interface__rosidl_typesupport_fastrtps_c.so\n'}
[0.775522] (vehicle_interface) StdoutLine: {'line': b'-- Up-to-date: /home/wowjw/Project/Automobile/Phase4/ros2_ws/install/vehicle_interface/include/vehicle_interface/vehicle_interface\n'}
[0.775781] (vehicle_interface) StdoutLine: {'line': b'-- Up-to-date: /home/wowjw/Project/Automobile/Phase4/ros2_ws/install/vehicle_interface/include/vehicle_interface/vehicle_interface/msg\n'}
[0.776014] (vehicle_interface) StdoutLine: {'line': b'-- Up-to-date: /home/wowjw/Project/Automobile/Phase4/ros2_ws/install/vehicle_interface/include/vehicle_interface/vehicle_interface/msg/vehicle_feedback.hpp\n'}
[0.776342] (vehicle_interface) StdoutLine: {'line': b'-- Up-to-date: /home/wowjw/Project/Automobile/Phase4/ros2_ws/install/vehicle_interface/include/vehicle_interface/vehicle_interface/msg/vehicle_command.hpp\n'}
[0.776503] (vehicle_interface) StdoutLine: {'line': b'-- Up-to-date: /home/wowjw/Project/Automobile/Phase4/ros2_ws/install/vehicle_interface/include/vehicle_interface/vehicle_interface/msg/detail\n'}
[0.776692] (vehicle_interface) StdoutLine: {'line': b'-- Up-to-date: /home/wowjw/Project/Automobile/Phase4/ros2_ws/install/vehicle_interface/include/vehicle_interface/vehicle_interface/msg/detail/vehicle_command__struct.hpp\n'}
[0.776838] (vehicle_interface) StdoutLine: {'line': b'-- Up-to-date: /home/wowjw/Project/Automobile/Phase4/ros2_ws/install/vehicle_interface/include/vehicle_interface/vehicle_interface/msg/detail/vehicle_feedback__builder.hpp\n'}
[0.776977] (vehicle_interface) StdoutLine: {'line': b'-- Up-to-date: /home/wowjw/Project/Automobile/Phase4/ros2_ws/install/vehicle_interface/include/vehicle_interface/vehicle_interface/msg/detail/vehicle_command__type_support.hpp\n'}
[0.777223] (vehicle_interface) StdoutLine: {'line': b'-- Up-to-date: /home/wowjw/Project/Automobile/Phase4/ros2_ws/install/vehicle_interface/include/vehicle_interface/vehicle_interface/msg/detail/vehicle_command__traits.hpp\n'}
[0.777541] (vehicle_interface) StdoutLine: {'line': b'-- Up-to-date: /home/wowjw/Project/Automobile/Phase4/ros2_ws/install/vehicle_interface/include/vehicle_interface/vehicle_interface/msg/detail/vehicle_feedback__traits.hpp\n'}
[0.777757] (vehicle_interface) StdoutLine: {'line': b'-- Up-to-date: /home/wowjw/Project/Automobile/Phase4/ros2_ws/install/vehicle_interface/include/vehicle_interface/vehicle_interface/msg/detail/vehicle_feedback__struct.hpp\n'}
[0.777907] (vehicle_interface) StdoutLine: {'line': b'-- Up-to-date: /home/wowjw/Project/Automobile/Phase4/ros2_ws/install/vehicle_interface/include/vehicle_interface/vehicle_interface/msg/detail/vehicle_command__builder.hpp\n'}
[0.778046] (vehicle_interface) StdoutLine: {'line': b'-- Up-to-date: /home/wowjw/Project/Automobile/Phase4/ros2_ws/install/vehicle_interface/include/vehicle_interface/vehicle_interface/msg/detail/vehicle_feedback__type_support.hpp\n'}
[0.778183] (vehicle_interface) StdoutLine: {'line': b'-- Up-to-date: /home/wowjw/Project/Automobile/Phase4/ros2_ws/install/vehicle_interface/include/vehicle_interface/vehicle_interface/msg/rosidl_generator_cpp__visibility_control.hpp\n'}
[0.778318] (vehicle_interface) StdoutLine: {'line': b'-- Up-to-date: /home/wowjw/Project/Automobile/Phase4/ros2_ws/install/vehicle_interface/include/vehicle_interface/vehicle_interface\n'}
[0.778470] (vehicle_interface) StdoutLine: {'line': b'-- Up-to-date: /home/wowjw/Project/Automobile/Phase4/ros2_ws/install/vehicle_interface/include/vehicle_interface/vehicle_interface/msg\n'}
[0.778601] (vehicle_interface) StdoutLine: {'line': b'-- Up-to-date: /home/wowjw/Project/Automobile/Phase4/ros2_ws/install/vehicle_interface/include/vehicle_interface/vehicle_interface/msg/rosidl_typesupport_fastrtps_cpp__visibility_control.h\n'}
[0.778749] (vehicle_interface) StdoutLine: {'line': b'-- Up-to-date: /home/wowjw/Project/Automobile/Phase4/ros2_ws/install/vehicle_interface/include/vehicle_interface/vehicle_interface/msg/detail\n'}
[0.779033] (vehicle_interface) StdoutLine: {'line': b'-- Up-to-date: /home/wowjw/Project/Automobile/Phase4/ros2_ws/install/vehicle_interface/include/vehicle_interface/vehicle_interface/msg/detail/dds_fastrtps\n'}
[0.779294] (vehicle_interface) StdoutLine: {'line': b'-- Up-to-date: /home/wowjw/Project/Automobile/Phase4/ros2_ws/install/vehicle_interface/include/vehicle_interface/vehicle_interface/msg/detail/vehicle_command__rosidl_typesupport_fastrtps_cpp.hpp\n'}
[0.779463] (vehicle_interface) StdoutLine: {'line': b'-- Up-to-date: /home/wowjw/Project/Automobile/Phase4/ros2_ws/install/vehicle_interface/include/vehicle_interface/vehicle_interface/msg/detail/vehicle_feedback__rosidl_typesupport_fastrtps_cpp.hpp\n'}
[0.779616] (vehicle_interface) StdoutLine: {'line': b'-- Up-to-date: /home/wowjw/Project/Automobile/Phase4/ros2_ws/install/vehicle_interface/lib/libvehicle_interface__rosidl_typesupport_fastrtps_cpp.so\n'}
[0.779761] (vehicle_interface) StdoutLine: {'line': b'-- Up-to-date: /home/wowjw/Project/Automobile/Phase4/ros2_ws/install/vehicle_interface/include/vehicle_interface/vehicle_interface\n'}
[0.779901] (vehicle_interface) StdoutLine: {'line': b'-- Up-to-date: /home/wowjw/Project/Automobile/Phase4/ros2_ws/install/vehicle_interface/include/vehicle_interface/vehicle_interface/msg\n'}
[0.780048] (vehicle_interface) StdoutLine: {'line': b'-- Up-to-date: /home/wowjw/Project/Automobile/Phase4/ros2_ws/install/vehicle_interface/include/vehicle_interface/vehicle_interface/msg/rosidl_typesupport_introspection_c__visibility_control.h\n'}
[0.780193] (vehicle_interface) StdoutLine: {'line': b'-- Up-to-date: /home/wowjw/Project/Automobile/Phase4/ros2_ws/install/vehicle_interface/include/vehicle_interface/vehicle_interface/msg/detail\n'}
[0.780457] (vehicle_interface) StdoutLine: {'line': b'-- Up-to-date: /home/wowjw/Project/Automobile/Phase4/ros2_ws/install/vehicle_interface/include/vehicle_interface/vehicle_interface/msg/detail/vehicle_feedback__rosidl_typesupport_introspection_c.h\n'}
[0.780627] (vehicle_interface) StdoutLine: {'line': b'-- Up-to-date: /home/wowjw/Project/Automobile/Phase4/ros2_ws/install/vehicle_interface/include/vehicle_interface/vehicle_interface/msg/detail/vehicle_feedback__type_support.c\n'}
[0.780768] (vehicle_interface) StdoutLine: {'line': b'-- Up-to-date: /home/wowjw/Project/Automobile/Phase4/ros2_ws/install/vehicle_interface/include/vehicle_interface/vehicle_interface/msg/detail/vehicle_command__rosidl_typesupport_introspection_c.h\n'}
[0.780900] (vehicle_interface) StdoutLine: {'line': b'-- Up-to-date: /home/wowjw/Project/Automobile/Phase4/ros2_ws/install/vehicle_interface/include/vehicle_interface/vehicle_interface/msg/detail/vehicle_command__type_support.c\n'}
[0.781028] (vehicle_interface) StdoutLine: {'line': b'-- Up-to-date: /home/wowjw/Project/Automobile/Phase4/ros2_ws/install/vehicle_interface/lib/libvehicle_interface__rosidl_typesupport_introspection_c.so\n'}
[0.781156] (vehicle_interface) StdoutLine: {'line': b'-- Up-to-date: /home/wowjw/Project/Automobile/Phase4/ros2_ws/install/vehicle_interface/lib/libvehicle_interface__rosidl_typesupport_c.so\n'}
[0.781280] (vehicle_interface) StdoutLine: {'line': b'-- Up-to-date: /home/wowjw/Project/Automobile/Phase4/ros2_ws/install/vehicle_interface/include/vehicle_interface/vehicle_interface\n'}
[0.781405] (vehicle_interface) StdoutLine: {'line': b'-- Up-to-date: /home/wowjw/Project/Automobile/Phase4/ros2_ws/install/vehicle_interface/include/vehicle_interface/vehicle_interface/msg\n'}
[0.781549] (vehicle_interface) StdoutLine: {'line': b'-- Up-to-date: /home/wowjw/Project/Automobile/Phase4/ros2_ws/install/vehicle_interface/include/vehicle_interface/vehicle_interface/msg/detail\n'}
[0.781677] (vehicle_interface) StdoutLine: {'line': b'-- Up-to-date: /home/wowjw/Project/Automobile/Phase4/ros2_ws/install/vehicle_interface/include/vehicle_interface/vehicle_interface/msg/detail/vehicle_feedback__rosidl_typesupport_introspection_cpp.hpp\n'}
[0.781819] (vehicle_interface) StdoutLine: {'line': b'-- Up-to-date: /home/wowjw/Project/Automobile/Phase4/ros2_ws/install/vehicle_interface/include/vehicle_interface/vehicle_interface/msg/detail/vehicle_command__type_support.cpp\n'}
[0.781946] (vehicle_interface) StdoutLine: {'line': b'-- Up-to-date: /home/wowjw/Project/Automobile/Phase4/ros2_ws/install/vehicle_interface/include/vehicle_interface/vehicle_interface/msg/detail/vehicle_feedback__type_support.cpp\n'}
[0.782069] (vehicle_interface) StdoutLine: {'line': b'-- Up-to-date: /home/wowjw/Project/Automobile/Phase4/ros2_ws/install/vehicle_interface/include/vehicle_interface/vehicle_interface/msg/detail/vehicle_command__rosidl_typesupport_introspection_cpp.hpp\n'}
[0.782194] (vehicle_interface) StdoutLine: {'line': b'-- Up-to-date: /home/wowjw/Project/Automobile/Phase4/ros2_ws/install/vehicle_interface/lib/libvehicle_interface__rosidl_typesupport_introspection_cpp.so\n'}
[0.782319] (vehicle_interface) StdoutLine: {'line': b'-- Up-to-date: /home/wowjw/Project/Automobile/Phase4/ros2_ws/install/vehicle_interface/lib/libvehicle_interface__rosidl_typesupport_cpp.so\n'}
[0.782442] (vehicle_interface) StdoutLine: {'line': b'-- Up-to-date: /home/wowjw/Project/Automobile/Phase4/ros2_ws/install/vehicle_interface/share/vehicle_interface/environment/pythonpath.sh\n'}
[0.782562] (vehicle_interface) StdoutLine: {'line': b'-- Up-to-date: /home/wowjw/Project/Automobile/Phase4/ros2_ws/install/vehicle_interface/share/vehicle_interface/environment/pythonpath.dsv\n'}
[0.782710] (vehicle_interface) StdoutLine: {'line': b'-- Up-to-date: /home/wowjw/Project/Automobile/Phase4/ros2_ws/install/vehicle_interface/local/lib/python3.10/dist-packages/vehicle_interface-0.0.0-py3.10.egg-info\n'}
[0.782838] (vehicle_interface) StdoutLine: {'line': b'-- Installing: /home/wowjw/Project/Automobile/Phase4/ros2_ws/install/vehicle_interface/local/lib/python3.10/dist-packages/vehicle_interface-0.0.0-py3.10.egg-info/SOURCES.txt\n'}
[0.783021] (vehicle_interface) StdoutLine: {'line': b'-- Installing: /home/wowjw/Project/Automobile/Phase4/ros2_ws/install/vehicle_interface/local/lib/python3.10/dist-packages/vehicle_interface-0.0.0-py3.10.egg-info/dependency_links.txt\n'}
[0.783167] (vehicle_interface) StdoutLine: {'line': b'-- Installing: /home/wowjw/Project/Automobile/Phase4/ros2_ws/install/vehicle_interface/local/lib/python3.10/dist-packages/vehicle_interface-0.0.0-py3.10.egg-info/top_level.txt\n'}
[0.783307] (vehicle_interface) StdoutLine: {'line': b'-- Installing: /home/wowjw/Project/Automobile/Phase4/ros2_ws/install/vehicle_interface/local/lib/python3.10/dist-packages/vehicle_interface-0.0.0-py3.10.egg-info/PKG-INFO\n'}
[0.783447] (vehicle_interface) StdoutLine: {'line': b'-- Up-to-date: /home/wowjw/Project/Automobile/Phase4/ros2_ws/install/vehicle_interface/local/lib/python3.10/dist-packages/vehicle_interface\n'}
[0.783585] (vehicle_interface) StdoutLine: {'line': b'-- Up-to-date: /home/wowjw/Project/Automobile/Phase4/ros2_ws/install/vehicle_interface/local/lib/python3.10/dist-packages/vehicle_interface/_vehicle_interface_s.ep.rosidl_typesupport_introspection_c.c\n'}
[0.783723] (vehicle_interface) StdoutLine: {'line': b'-- Up-to-date: /home/wowjw/Project/Automobile/Phase4/ros2_ws/install/vehicle_interface/local/lib/python3.10/dist-packages/vehicle_interface/vehicle_interface_s__rosidl_typesupport_introspection_c.cpython-310-aarch64-linux-gnu.so\n'}
[0.783863] (vehicle_interface) StdoutLine: {'line': b'-- Up-to-date: /home/wowjw/Project/Automobile/Phase4/ros2_ws/install/vehicle_interface/local/lib/python3.10/dist-packages/vehicle_interface/vehicle_interface_s__rosidl_typesupport_fastrtps_c.cpython-310-aarch64-linux-gnu.so\n'}
[0.783999] (vehicle_interface) StdoutLine: {'line': b'-- Up-to-date: /home/wowjw/Project/Automobile/Phase4/ros2_ws/install/vehicle_interface/local/lib/python3.10/dist-packages/vehicle_interface/_vehicle_interface_s.ep.rosidl_typesupport_c.c\n'}
[0.784157] (vehicle_interface) StdoutLine: {'line': b'-- Up-to-date: /home/wowjw/Project/Automobile/Phase4/ros2_ws/install/vehicle_interface/local/lib/python3.10/dist-packages/vehicle_interface/libvehicle_interface__rosidl_generator_py.so\n'}
[0.784295] (vehicle_interface) StdoutLine: {'line': b'-- Up-to-date: /home/wowjw/Project/Automobile/Phase4/ros2_ws/install/vehicle_interface/local/lib/python3.10/dist-packages/vehicle_interface/__init__.py\n'}
[0.784431] (vehicle_interface) StdoutLine: {'line': b'-- Up-to-date: /home/wowjw/Project/Automobile/Phase4/ros2_ws/install/vehicle_interface/local/lib/python3.10/dist-packages/vehicle_interface/vehicle_interface_s__rosidl_typesupport_c.cpython-310-aarch64-linux-gnu.so\n'}
[0.784582] (vehicle_interface) StdoutLine: {'line': b'-- Up-to-date: /home/wowjw/Project/Automobile/Phase4/ros2_ws/install/vehicle_interface/local/lib/python3.10/dist-packages/vehicle_interface/msg\n'}
[0.784723] (vehicle_interface) StdoutLine: {'line': b'-- Up-to-date: /home/wowjw/Project/Automobile/Phase4/ros2_ws/install/vehicle_interface/local/lib/python3.10/dist-packages/vehicle_interface/msg/_vehicle_command_s.c\n'}
[0.784860] (vehicle_interface) StdoutLine: {'line': b'-- Up-to-date: /home/wowjw/Project/Automobile/Phase4/ros2_ws/install/vehicle_interface/local/lib/python3.10/dist-packages/vehicle_interface/msg/_vehicle_command.py\n'}
[0.784996] (vehicle_interface) StdoutLine: {'line': b'-- Up-to-date: /home/wowjw/Project/Automobile/Phase4/ros2_ws/install/vehicle_interface/local/lib/python3.10/dist-packages/vehicle_interface/msg/_vehicle_feedback.py\n'}
[0.785133] (vehicle_interface) StdoutLine: {'line': b'-- Up-to-date: /home/wowjw/Project/Automobile/Phase4/ros2_ws/install/vehicle_interface/local/lib/python3.10/dist-packages/vehicle_interface/msg/__init__.py\n'}
[0.785270] (vehicle_interface) StdoutLine: {'line': b'-- Up-to-date: /home/wowjw/Project/Automobile/Phase4/ros2_ws/install/vehicle_interface/local/lib/python3.10/dist-packages/vehicle_interface/msg/_vehicle_feedback_s.c\n'}
[0.785408] (vehicle_interface) StdoutLine: {'line': b'-- Up-to-date: /home/wowjw/Project/Automobile/Phase4/ros2_ws/install/vehicle_interface/local/lib/python3.10/dist-packages/vehicle_interface/_vehicle_interface_s.ep.rosidl_typesupport_fastrtps_c.c\n'}
[0.802033] (-) TimerEvent: {}
[0.837907] (vehicle_interface) StdoutLine: {'line': b"Listing '/home/wowjw/Project/Automobile/Phase4/ros2_ws/install/vehicle_interface/local/lib/python3.10/dist-packages/vehicle_interface'...\n"}
[0.838375] (vehicle_interface) StdoutLine: {'line': b"Listing '/home/wowjw/Project/Automobile/Phase4/ros2_ws/install/vehicle_interface/local/lib/python3.10/dist-packages/vehicle_interface/msg'...\n"}
[0.848228] (vehicle_interface) StdoutLine: {'line': b'-- Up-to-date: /home/wowjw/Project/Automobile/Phase4/ros2_ws/install/vehicle_interface/local/lib/python3.10/dist-packages/vehicle_interface/vehicle_interface_s__rosidl_typesupport_fastrtps_c.cpython-310-aarch64-linux-gnu.so\n'}
[0.848776] (vehicle_interface) StdoutLine: {'line': b'-- Up-to-date: /home/wowjw/Project/Automobile/Phase4/ros2_ws/install/vehicle_interface/local/lib/python3.10/dist-packages/vehicle_interface/vehicle_interface_s__rosidl_typesupport_introspection_c.cpython-310-aarch64-linux-gnu.so\n'}
[0.849377] (vehicle_interface) StdoutLine: {'line': b'-- Up-to-date: /home/wowjw/Project/Automobile/Phase4/ros2_ws/install/vehicle_interface/local/lib/python3.10/dist-packages/vehicle_interface/vehicle_interface_s__rosidl_typesupport_c.cpython-310-aarch64-linux-gnu.so\n'}
[0.849998] (vehicle_interface) StdoutLine: {'line': b'-- Up-to-date: /home/wowjw/Project/Automobile/Phase4/ros2_ws/install/vehicle_interface/lib/libvehicle_interface__rosidl_generator_py.so\n'}
[0.850374] (vehicle_interface) StdoutLine: {'line': b'-- Up-to-date: /home/wowjw/Project/Automobile/Phase4/ros2_ws/install/vehicle_interface/share/vehicle_interface/msg/VehicleCommand.idl\n'}
[0.850830] (vehicle_interface) StdoutLine: {'line': b'-- Up-to-date: /home/wowjw/Project/Automobile/Phase4/ros2_ws/install/vehicle_interface/share/vehicle_interface/msg/VehicleFeedback.idl\n'}
[0.851182] (vehicle_interface) StdoutLine: {'line': b'-- Up-to-date: /home/wowjw/Project/Automobile/Phase4/ros2_ws/install/vehicle_interface/share/vehicle_interface/msg/VehicleCommand.msg\n'}
[0.851389] (vehicle_interface) StdoutLine: {'line': b'-- Up-to-date: /home/wowjw/Project/Automobile/Phase4/ros2_ws/install/vehicle_interface/share/vehicle_interface/msg/VehicleFeedback.msg\n'}
[0.851613] (vehicle_interface) StdoutLine: {'line': b'-- Up-to-date: /home/wowjw/Project/Automobile/Phase4/ros2_ws/install/vehicle_interface/lib/vehicle_interface/vehicle_interface_node\n'}
[0.851973] (vehicle_interface) StdoutLine: {'line': b'-- Up-to-date: /home/wowjw/Project/Automobile/Phase4/ros2_ws/install/vehicle_interface/share/ament_index/resource_index/package_run_dependencies/vehicle_interface\n'}
[0.852362] (vehicle_interface) StdoutLine: {'line': b'-- Up-to-date: /home/wowjw/Project/Automobile/Phase4/ros2_ws/install/vehicle_interface/share/ament_index/resource_index/parent_prefix_path/vehicle_interface\n'}
[0.852720] (vehicle_interface) StdoutLine: {'line': b'-- Up-to-date: /home/wowjw/Project/Automobile/Phase4/ros2_ws/install/vehicle_interface/share/vehicle_interface/environment/ament_prefix_path.sh\n'}
[0.852966] (vehicle_interface) StdoutLine: {'line': b'-- Up-to-date: /home/wowjw/Project/Automobile/Phase4/ros2_ws/install/vehicle_interface/share/vehicle_interface/environment/ament_prefix_path.dsv\n'}
[0.853158] (vehicle_interface) StdoutLine: {'line': b'-- Up-to-date: /home/wowjw/Project/Automobile/Phase4/ros2_ws/install/vehicle_interface/share/vehicle_interface/environment/path.sh\n'}
[0.853409] (vehicle_interface) StdoutLine: {'line': b'-- Up-to-date: /home/wowjw/Project/Automobile/Phase4/ros2_ws/install/vehicle_interface/share/vehicle_interface/environment/path.dsv\n'}
[0.853752] (vehicle_interface) StdoutLine: {'line': b'-- Up-to-date: /home/wowjw/Project/Automobile/Phase4/ros2_ws/install/vehicle_interface/share/vehicle_interface/local_setup.bash\n'}
[0.854016] (vehicle_interface) StdoutLine: {'line': b'-- Up-to-date: /home/wowjw/Project/Automobile/Phase4/ros2_ws/install/vehicle_interface/share/vehicle_interface/local_setup.sh\n'}
[0.854335] (vehicle_interface) StdoutLine: {'line': b'-- Up-to-date: /home/wowjw/Project/Automobile/Phase4/ros2_ws/install/vehicle_interface/share/vehicle_interface/local_setup.zsh\n'}
[0.854571] (vehicle_interface) StdoutLine: {'line': b'-- Up-to-date: /home/wowjw/Project/Automobile/Phase4/ros2_ws/install/vehicle_interface/share/vehicle_interface/local_setup.dsv\n'}
[0.854803] (vehicle_interface) StdoutLine: {'line': b'-- Installing: /home/wowjw/Project/Automobile/Phase4/ros2_ws/install/vehicle_interface/share/vehicle_interface/package.dsv\n'}
[0.855120] (vehicle_interface) StdoutLine: {'line': b'-- Up-to-date: /home/wowjw/Project/Automobile/Phase4/ros2_ws/install/vehicle_interface/share/ament_index/resource_index/packages/vehicle_interface\n'}
[0.855452] (vehicle_interface) StdoutLine: {'line': b'-- Up-to-date: /home/wowjw/Project/Automobile/Phase4/ros2_ws/install/vehicle_interface/share/vehicle_interface/cmake/export_vehicle_interface__rosidl_generator_cExport.cmake\n'}
[0.855736] (vehicle_interface) StdoutLine: {'line': b'-- Up-to-date: /home/wowjw/Project/Automobile/Phase4/ros2_ws/install/vehicle_interface/share/vehicle_interface/cmake/export_vehicle_interface__rosidl_generator_cExport-noconfig.cmake\n'}
[0.856050] (vehicle_interface) StdoutLine: {'line': b'-- Up-to-date: /home/wowjw/Project/Automobile/Phase4/ros2_ws/install/vehicle_interface/share/vehicle_interface/cmake/export_vehicle_interface__rosidl_typesupport_fastrtps_cExport.cmake\n'}
[0.856311] (vehicle_interface) StdoutLine: {'line': b'-- Up-to-date: /home/wowjw/Project/Automobile/Phase4/ros2_ws/install/vehicle_interface/share/vehicle_interface/cmake/export_vehicle_interface__rosidl_typesupport_fastrtps_cExport-noconfig.cmake\n'}
[0.856715] (vehicle_interface) StdoutLine: {'line': b'-- Up-to-date: /home/wowjw/Project/Automobile/Phase4/ros2_ws/install/vehicle_interface/share/vehicle_interface/cmake/export_vehicle_interface__rosidl_generator_cppExport.cmake\n'}
[0.857068] (vehicle_interface) StdoutLine: {'line': b'-- Up-to-date: /home/wowjw/Project/Automobile/Phase4/ros2_ws/install/vehicle_interface/share/vehicle_interface/cmake/export_vehicle_interface__rosidl_typesupport_fastrtps_cppExport.cmake\n'}
[0.857413] (vehicle_interface) StdoutLine: {'line': b'-- Up-to-date: /home/wowjw/Project/Automobile/Phase4/ros2_ws/install/vehicle_interface/share/vehicle_interface/cmake/export_vehicle_interface__rosidl_typesupport_fastrtps_cppExport-noconfig.cmake\n'}
[0.857682] (vehicle_interface) StdoutLine: {'line': b'-- Up-to-date: /home/wowjw/Project/Automobile/Phase4/ros2_ws/install/vehicle_interface/share/vehicle_interface/cmake/vehicle_interface__rosidl_typesupport_introspection_cExport.cmake\n'}
[0.857869] (vehicle_interface) StdoutLine: {'line': b'-- Up-to-date: /home/wowjw/Project/Automobile/Phase4/ros2_ws/install/vehicle_interface/share/vehicle_interface/cmake/vehicle_interface__rosidl_typesupport_introspection_cExport-noconfig.cmake\n'}
[0.858046] (vehicle_interface) StdoutLine: {'line': b'-- Up-to-date: /home/wowjw/Project/Automobile/Phase4/ros2_ws/install/vehicle_interface/share/vehicle_interface/cmake/vehicle_interface__rosidl_typesupport_cExport.cmake\n'}
[0.858221] (vehicle_interface) StdoutLine: {'line': b'-- Up-to-date: /home/wowjw/Project/Automobile/Phase4/ros2_ws/install/vehicle_interface/share/vehicle_interface/cmake/vehicle_interface__rosidl_typesupport_cExport-noconfig.cmake\n'}
[0.858394] (vehicle_interface) StdoutLine: {'line': b'-- Up-to-date: /home/wowjw/Project/Automobile/Phase4/ros2_ws/install/vehicle_interface/share/vehicle_interface/cmake/vehicle_interface__rosidl_typesupport_introspection_cppExport.cmake\n'}
[0.858564] (vehicle_interface) StdoutLine: {'line': b'-- Up-to-date: /home/wowjw/Project/Automobile/Phase4/ros2_ws/install/vehicle_interface/share/vehicle_interface/cmake/vehicle_interface__rosidl_typesupport_introspection_cppExport-noconfig.cmake\n'}
[0.858733] (vehicle_interface) StdoutLine: {'line': b'-- Up-to-date: /home/wowjw/Project/Automobile/Phase4/ros2_ws/install/vehicle_interface/share/vehicle_interface/cmake/vehicle_interface__rosidl_typesupport_cppExport.cmake\n'}
[0.858938] (vehicle_interface) StdoutLine: {'line': b'-- Up-to-date: /home/wowjw/Project/Automobile/Phase4/ros2_ws/install/vehicle_interface/share/vehicle_interface/cmake/vehicle_interface__rosidl_typesupport_cppExport-noconfig.cmake\n'}
[0.859117] (vehicle_interface) StdoutLine: {'line': b'-- Up-to-date: /home/wowjw/Project/Automobile/Phase4/ros2_ws/install/vehicle_interface/share/vehicle_interface/cmake/export_vehicle_interface__rosidl_generator_pyExport.cmake\n'}
[0.859286] (vehicle_interface) StdoutLine: {'line': b'-- Up-to-date: /home/wowjw/Project/Automobile/Phase4/ros2_ws/install/vehicle_interface/share/vehicle_interface/cmake/export_vehicle_interface__rosidl_generator_pyExport-noconfig.cmake\n'}
[0.859449] (vehicle_interface) StdoutLine: {'line': b'-- Up-to-date: /home/wowjw/Project/Automobile/Phase4/ros2_ws/install/vehicle_interface/share/vehicle_interface/cmake/rosidl_cmake-extras.cmake\n'}
[0.859629] (vehicle_interface) StdoutLine: {'line': b'-- Up-to-date: /home/wowjw/Project/Automobile/Phase4/ros2_ws/install/vehicle_interface/share/vehicle_interface/cmake/ament_cmake_export_include_directories-extras.cmake\n'}
[0.859798] (vehicle_interface) StdoutLine: {'line': b'-- Up-to-date: /home/wowjw/Project/Automobile/Phase4/ros2_ws/install/vehicle_interface/share/vehicle_interface/cmake/ament_cmake_export_libraries-extras.cmake\n'}
[0.859960] (vehicle_interface) StdoutLine: {'line': b'-- Up-to-date: /home/wowjw/Project/Automobile/Phase4/ros2_ws/install/vehicle_interface/share/vehicle_interface/cmake/ament_cmake_export_targets-extras.cmake\n'}
[0.860119] (vehicle_interface) StdoutLine: {'line': b'-- Up-to-date: /home/wowjw/Project/Automobile/Phase4/ros2_ws/install/vehicle_interface/share/vehicle_interface/cmake/rosidl_cmake_export_typesupport_targets-extras.cmake\n'}
[0.860296] (vehicle_interface) StdoutLine: {'line': b'-- Up-to-date: /home/wowjw/Project/Automobile/Phase4/ros2_ws/install/vehicle_interface/share/vehicle_interface/cmake/ament_cmake_export_dependencies-extras.cmake\n'}
[0.860456] (vehicle_interface) StdoutLine: {'line': b'-- Up-to-date: /home/wowjw/Project/Automobile/Phase4/ros2_ws/install/vehicle_interface/share/vehicle_interface/cmake/rosidl_cmake_export_typesupport_libraries-extras.cmake\n'}
[0.860617] (vehicle_interface) StdoutLine: {'line': b'-- Up-to-date: /home/wowjw/Project/Automobile/Phase4/ros2_ws/install/vehicle_interface/share/vehicle_interface/cmake/vehicle_interfaceConfig.cmake\n'}
[0.860776] (vehicle_interface) StdoutLine: {'line': b'-- Up-to-date: /home/wowjw/Project/Automobile/Phase4/ros2_ws/install/vehicle_interface/share/vehicle_interface/cmake/vehicle_interfaceConfig-version.cmake\n'}
[0.860937] (vehicle_interface) StdoutLine: {'line': b'-- Up-to-date: /home/wowjw/Project/Automobile/Phase4/ros2_ws/install/vehicle_interface/share/vehicle_interface/package.xml\n'}
[0.863721] (vehicle_interface) CommandEnded: {'returncode': 0}
[0.902238] (-) TimerEvent: {}
[0.918183] (vehicle_interface) JobEnded: {'identifier': 'vehicle_interface', 'rc': 0}
[0.921442] (vehicle_controller) JobStarted: {'identifier': 'vehicle_controller'}
[0.936833] (vehicle_controller) JobProgress: {'identifier': 'vehicle_controller', 'progress': 'cmake'}
[0.937943] (vehicle_controller) Command: {'cmd': ['/usr/bin/cmake', '/home/wowjw/Project/Automobile/Phase4/ros2_ws/src/vehicle_controller', '-DCMAKE_INSTALL_PREFIX=/home/wowjw/Project/Automobile/Phase4/ros2_ws/install/vehicle_controller'], 'cwd': '/home/wowjw/Project/Automobile/Phase4/ros2_ws/build/vehicle_controller', 'env': OrderedDict([('LESSOPEN', '| /usr/bin/lesspipe %s'), ('USER', 'wowjw'), ('SSH_CLIENT', '192.168.0.161 59356 22'), ('XDG_SESSION_TYPE', 'tty'), ('GIT_ASKPASS', '/home/wowjw/.vscode-server/cli/servers/Stable-110a328ea54b42367b803ec53ee0bf52ef26b419/server/extensions/git/dist/askpass.sh'), ('SHLVL', '1'), ('LD_LIBRARY_PATH', '/home/wowjw/Project/Automobile/Phase4/ros2_ws/install/vehicle_interface/lib:/home/wowjw/Project/Automobile/Phase4/ros2_ws/install/vehicle_controller/lib:/home/wowjw/Project/Automobile/Phase4/install/vehicle_controller/lib:/home/wowjw/Project/Automobile/Phase4/install/vehicle_interface/lib:/usr/local/cuda-12.6/lib64:/opt/ros/humble/opt/rviz_ogre_vendor/lib:/opt/ros/humble/lib/aarch64-linux-gnu:/opt/ros/humble/lib:/usr/local/cuda-12.6/lib64'), ('BROWSER', '/home/wowjw/.vscode-server/cli/servers/Stable-110a328ea54b42367b803ec53ee0bf52ef26b419/server/bin/helpers/browser.sh'), ('MOTD_SHOWN', 'pam'), ('HOME', '/home/wowjw'), ('OLDPWD', '/home/wowjw/Project/Automobile/Phase4'), ('TERM_PROGRAM_VERSION', '1.134.0'), ('VSCODE_IPC_HOOK_CLI', '/run/user/1000/vscode-ipc-4255334a-044f-4380-98d5-9c857eb0149d.sock'), ('ROS_PYTHON_VERSION', '3'), ('VSCODE_GIT_ASKPASS_MAIN', '/home/wowjw/.vscode-server/cli/servers/Stable-110a328ea54b42367b803ec53ee0bf52ef26b419/server/extensions/git/dist/askpass-main.js'), ('PS1', '\\[\x1b]633;A\x07\\]\\[\\e[32m\\]\\u@\\h\\[\\e[m\\]:\\[\\e[34m\\]\\w\\[\\e[33m\\]$(parse_git_branch)\\[\\e[m\\]$ \\[\x1b]633;B\x07\\]'), ('VSCODE_GIT_ASKPASS_NODE', '/home/wowjw/.vscode-server/cli/servers/Stable-110a328ea54b42367b803ec53ee0bf52ef26b419/server/node'), ('VSCODE_PYTHON_AUTOACTIVATE_GUARD', '1'), ('DBUS_SESSION_BUS_ADDRESS', 'unix:path=/run/user/1000/bus'), ('COLORTERM', 'truecolor'), ('COLCON_PREFIX_PATH', '/home/wowjw/Project/Automobile/Phase4/ros2_ws/install:/home/wowjw/Project/Automobile/Phase4/install'), ('ROS_DISTRO', 'humble'), ('LOGNAME', 'wowjw'), ('_', '/usr/bin/colcon'), ('ROS_VERSION', '2'), ('XDG_SESSION_CLASS', 'user'), ('TERM', 'xterm-256color'), ('XDG_SESSION_ID', '2'), ('ROS_LOCALHOST_ONLY', '0'), ('PATH', '/usr/local/cuda-12.6/bin:/home/wowjw/.vscode-server/data/User/globalStorage/github.copilot-chat/debugCommand:/home/wowjw/.vscode-server/data/User/globalStorage/github.copilot-chat/copilotCli:/home/wowjw/.vscode-server/cli/servers/Stable-110a328ea54b42367b803ec53ee0bf52ef26b419/server/bin/remote-cli:/home/wowjw/.local/bin:/opt/ros/humble/bin:/usr/local/cuda-12.6/bin:/usr/local/sbin:/usr/local/bin:/usr/sbin:/usr/bin:/sbin:/bin:/usr/games:/usr/local/games:/snap/bin'), ('XDG_RUNTIME_DIR', '/run/user/1000'), ('LANG', 'en_US.UTF-8'), ('LS_COLORS', 'rs=0:di=01;34:ln=01;36:mh=00:pi=40;33:so=01;35:do=01;35:bd=40;33;01:cd=40;33;01:or=40;31;01:mi=00:su=37;41:sg=30;43:ca=30;41:tw=30;42:ow=34;42:st=37;44:ex=01;32:*.tar=01;31:*.tgz=01;31:*.arc=01;31:*.arj=01;31:*.taz=01;31:*.lha=01;31:*.lz4=01;31:*.lzh=01;31:*.lzma=01;31:*.tlz=01;31:*.txz=01;31:*.tzo=01;31:*.t7z=01;31:*.zip=01;31:*.z=01;31:*.dz=01;31:*.gz=01;31:*.lrz=01;31:*.lz=01;31:*.lzo=01;31:*.xz=01;31:*.zst=01;31:*.tzst=01;31:*.bz2=01;31:*.bz=01;31:*.tbz=01;31:*.tbz2=01;31:*.tz=01;31:*.deb=01;31:*.rpm=01;31:*.jar=01;31:*.war=01;31:*.ear=01;31:*.sar=01;31:*.rar=01;31:*.alz=01;31:*.ace=01;31:*.zoo=01;31:*.cpio=01;31:*.7z=01;31:*.rz=01;31:*.cab=01;31:*.wim=01;31:*.swm=01;31:*.dwm=01;31:*.esd=01;31:*.jpg=01;35:*.jpeg=01;35:*.mjpg=01;35:*.mjpeg=01;35:*.gif=01;35:*.bmp=01;35:*.pbm=01;35:*.pgm=01;35:*.ppm=01;35:*.tga=01;35:*.xbm=01;35:*.xpm=01;35:*.tif=01;35:*.tiff=01;35:*.png=01;35:*.svg=01;35:*.svgz=01;35:*.mng=01;35:*.pcx=01;35:*.mov=01;35:*.mpg=01;35:*.mpeg=01;35:*.m2v=01;35:*.mkv=01;35:*.webm=01;35:*.webp=01;35:*.ogm=01;35:*.mp4=01;35:*.m4v=01;35:*.mp4v=01;35:*.vob=01;35:*.qt=01;35:*.nuv=01;35:*.wmv=01;35:*.asf=01;35:*.rm=01;35:*.rmvb=01;35:*.flc=01;35:*.avi=01;35:*.fli=01;35:*.flv=01;35:*.gl=01;35:*.dl=01;35:*.xcf=01;35:*.xwd=01;35:*.yuv=01;35:*.cgm=01;35:*.emf=01;35:*.ogv=01;35:*.ogx=01;35:*.aac=00;36:*.au=00;36:*.flac=00;36:*.m4a=00;36:*.mid=00;36:*.midi=00;36:*.mka=00;36:*.mp3=00;36:*.mpc=00;36:*.ogg=00;36:*.ra=00;36:*.wav=00;36:*.oga=00;36:*.opus=00;36:*.spx=00;36:*.xspf=00;36:'), ('VSCODE_GIT_IPC_HANDLE', '/run/user/1000/vscode-git-c1ac1f4f39.sock'), ('TERM_PROGRAM', 'vscode'), ('AMENT_PREFIX_PATH', '/home/wowjw/Project/Automobile/Phase4/ros2_ws/install/vehicle_controller:/home/wowjw/Project/Automobile/Phase4/ros2_ws/install/vehicle_interface:/home/wowjw/Project/Automobile/Phase4/install/vehicle_controller:/home/wowjw/Project/Automobile/Phase4/install/vehicle_interface:/opt/ros/humble'), ('SHELL', '/bin/bash'), ('LESSCLOSE', '/usr/bin/lesspipe %s %s'), ('VSCODE_GIT_ASKPASS_EXTRA_ARGS', ''), ('PWD', '/home/wowjw/Project/Automobile/Phase4/ros2_ws/build/vehicle_controller'), ('LC_ALL', 'en_US.UTF-8'), ('COPILOT_DEBUG_NONCE', '9fb98c99a0663c7f3298287e6ff935d5'), ('SSH_CONNECTION', '192.168.0.161 59356 192.168.0.133 22'), ('XDG_DATA_DIRS', '/usr/share/gnome:/usr/local/share:/usr/share:/var/lib/snapd/desktop'), ('PYTHONPATH', '/home/wowjw/Project/Automobile/Phase4/ros2_ws/install/vehicle_interface/local/lib/python3.10/dist-packages:/home/wowjw/Project/Automobile/Phase4/install/vehicle_interface/local/lib/python3.10/dist-packages:/opt/ros/humble/lib/python3.10/site-packages:/opt/ros/humble/local/lib/python3.10/dist-packages'), ('COLCON', '1'), ('CMAKE_PREFIX_PATH', '/home/wowjw/Project/Automobile/Phase4/ros2_ws/install/vehicle_interface:/home/wowjw/Project/Automobile/Phase4/ros2_ws/install/vehicle_controller:/home/wowjw/Project/Automobile/Phase4/install/vehicle_controller:/home/wowjw/Project/Automobile/Phase4/install/vehicle_interface:/opt/ros/humble')]), 'shell': False}
[1.002424] (-) TimerEvent: {}
[1.038157] (vehicle_controller) StdoutLine: {'line': b'-- The C compiler identification is GNU 11.4.0\n'}
[1.102604] (-) TimerEvent: {}
[1.154384] (vehicle_controller) StdoutLine: {'line': b'-- The CXX compiler identification is GNU 11.4.0\n'}
[1.175573] (vehicle_controller) StdoutLine: {'line': b'-- Detecting C compiler ABI info\n'}
[1.202754] (-) TimerEvent: {}
[1.303414] (-) TimerEvent: {}
[1.320604] (vehicle_controller) StdoutLine: {'line': b'-- Detecting C compiler ABI info - done\n'}
[1.345197] (vehicle_controller) StdoutLine: {'line': b'-- Check for working C compiler: /usr/bin/cc - skipped\n'}
[1.346106] (vehicle_controller) StdoutLine: {'line': b'-- Detecting C compile features\n'}
[1.347682] (vehicle_controller) StdoutLine: {'line': b'-- Detecting C compile features - done\n'}
[1.358342] (vehicle_controller) StdoutLine: {'line': b'-- Detecting CXX compiler ABI info\n'}
[1.403598] (-) TimerEvent: {}
[1.504288] (-) TimerEvent: {}
[1.516134] (vehicle_controller) StdoutLine: {'line': b'-- Detecting CXX compiler ABI info - done\n'}
[1.541687] (vehicle_controller) StdoutLine: {'line': b'-- Check for working CXX compiler: /usr/bin/c++ - skipped\n'}
[1.542671] (vehicle_controller) StdoutLine: {'line': b'-- Detecting CXX compile features\n'}
[1.544331] (vehicle_controller) StdoutLine: {'line': b'-- Detecting CXX compile features - done\n'}
[1.553049] (vehicle_controller) StdoutLine: {'line': b'-- Found ament_cmake: 1.3.12 (/opt/ros/humble/share/ament_cmake/cmake)\n'}
[1.604426] (-) TimerEvent: {}
[1.705021] (-) TimerEvent: {}
[1.805638] (-) TimerEvent: {}
[1.870523] (vehicle_controller) StdoutLine: {'line': b'-- Found Python3: /usr/bin/python3 (found version "3.10.12") found components: Interpreter \n'}
[1.905789] (-) TimerEvent: {}
[2.006446] (-) TimerEvent: {}
[2.079929] (vehicle_controller) StdoutLine: {'line': b'-- Found rclcpp: 16.0.17 (/opt/ros/humble/share/rclcpp/cmake)\n'}
[2.106570] (-) TimerEvent: {}
[2.167831] (vehicle_controller) StdoutLine: {'line': b'-- Found rosidl_generator_c: 3.1.8 (/opt/ros/humble/share/rosidl_generator_c/cmake)\n'}
[2.175584] (vehicle_controller) StdoutLine: {'line': b'-- Found rosidl_adapter: 3.1.8 (/opt/ros/humble/share/rosidl_adapter/cmake)\n'}
[2.189618] (vehicle_controller) StdoutLine: {'line': b'-- Found rosidl_generator_cpp: 3.1.8 (/opt/ros/humble/share/rosidl_generator_cpp/cmake)\n'}
[2.206648] (-) TimerEvent: {}
[2.209072] (vehicle_controller) StdoutLine: {'line': b'-- Using all available rosidl_typesupport_c: rosidl_typesupport_fastrtps_c;rosidl_typesupport_introspection_c\n'}
[2.235397] (vehicle_controller) StdoutLine: {'line': b'-- Using all available rosidl_typesupport_cpp: rosidl_typesupport_fastrtps_cpp;rosidl_typesupport_introspection_cpp\n'}
[2.305395] (vehicle_controller) StdoutLine: {'line': b'-- Found rmw_implementation_cmake: 6.1.2 (/opt/ros/humble/share/rmw_implementation_cmake/cmake)\n'}
[2.306727] (-) TimerEvent: {}
[2.309543] (vehicle_controller) StdoutLine: {'line': b'-- Found rmw_fastrtps_cpp: 6.2.9 (/opt/ros/humble/share/rmw_fastrtps_cpp/cmake)\n'}
[2.407120] (-) TimerEvent: {}
[2.446218] (vehicle_controller) StdoutLine: {'line': b'-- Found OpenSSL: /usr/lib/aarch64-linux-gnu/libcrypto.so (found version "3.0.2")  \n'}
[2.501037] (vehicle_controller) StdoutLine: {'line': b'-- Found FastRTPS: /opt/ros/humble/include  \n'}
[2.507186] (-) TimerEvent: {}
[2.570748] (vehicle_controller) StdoutLine: {'line': b"-- Using RMW implementation 'rmw_fastrtps_cpp' as default\n"}
[2.584888] (vehicle_controller) StdoutLine: {'line': b'-- Looking for pthread.h\n'}
[2.607361] (-) TimerEvent: {}
[2.707990] (-) TimerEvent: {}
[2.712973] (vehicle_controller) StdoutLine: {'line': b'-- Looking for pthread.h - found\n'}
[2.713898] (vehicle_controller) StdoutLine: {'line': b'-- Performing Test CMAKE_HAVE_LIBC_PTHREAD\n'}
[2.808168] (-) TimerEvent: {}
[2.850993] (vehicle_controller) StdoutLine: {'line': b'-- Performing Test CMAKE_HAVE_LIBC_PTHREAD - Success\n'}
[2.854775] (vehicle_controller) StdoutLine: {'line': b'-- Found Threads: TRUE  \n'}
[2.908317] (-) TimerEvent: {}
[2.975176] (vehicle_controller) StdoutLine: {'line': b'-- Found vehicle_interface: 0.0.0 (/home/wowjw/Project/Automobile/Phase4/ros2_ws/install/vehicle_interface/share/vehicle_interface/cmake)\n'}
[3.008446] (-) TimerEvent: {}
[3.109071] (-) TimerEvent: {}
[3.209719] (-) TimerEvent: {}
[3.310271] (-) TimerEvent: {}
[3.410885] (-) TimerEvent: {}
[3.496974] (vehicle_controller) StdoutLine: {'line': b'-- Found ament_cmake_ros: 0.10.0 (/opt/ros/humble/share/ament_cmake_ros/cmake)\n'}
[3.511009] (-) TimerEvent: {}
[3.611667] (-) TimerEvent: {}
[3.712321] (-) TimerEvent: {}
[3.812909] (-) TimerEvent: {}
[3.913611] (-) TimerEvent: {}
[4.014352] (-) TimerEvent: {}
[4.114987] (-) TimerEvent: {}
[4.173294] (vehicle_controller) StdoutLine: {'line': b'-- Using all available rosidl_typesupport_c: rosidl_typesupport_fastrtps_c;rosidl_typesupport_introspection_c\n'}
[4.215142] (-) TimerEvent: {}
[4.315791] (-) TimerEvent: {}
[4.416521] (-) TimerEvent: {}
[4.432187] (vehicle_controller) StdoutLine: {'line': b'-- Using all available rosidl_typesupport_cpp: rosidl_typesupport_fastrtps_cpp;rosidl_typesupport_introspection_cpp\n'}
[4.434229] (vehicle_controller) StderrLine: {'line': b'\x1b[0mCMake Deprecation Warning at /opt/ros/humble/share/rosidl_cmake/cmake/rosidl_target_interfaces.cmake:32 (message):\n'}
[4.434692] (vehicle_controller) StderrLine: {'line': b'  Use rosidl_get_typesupport_target() and target_link_libraries() instead of\n'}
[4.435043] (vehicle_controller) StderrLine: {'line': b'  rosidl_target_interfaces()\n'}
[4.435341] (vehicle_controller) StderrLine: {'line': b'Call Stack (most recent call first):\n'}
[4.435599] (vehicle_controller) StderrLine: {'line': b'  CMakeLists.txt:22 (rosidl_target_interfaces)\n'}
[4.435850] (vehicle_controller) StderrLine: {'line': b'\n'}
[4.436096] (vehicle_controller) StderrLine: {'line': b'\x1b[0m\n'}
[4.442524] (vehicle_controller) StdoutLine: {'line': b'-- Found ament_lint_auto: 0.12.14 (/opt/ros/humble/share/ament_lint_auto/cmake)\n'}
[4.500370] (vehicle_controller) StdoutLine: {'line': b"-- Added test 'cppcheck' to perform static code analysis on C / C++ code\n"}
[4.501161] (vehicle_controller) StdoutLine: {'line': b'-- Configured cppcheck include dirs: /home/wowjw/Project/Automobile/Phase4/ros2_ws/src/vehicle_controller/include\n'}
[4.501514] (vehicle_controller) StdoutLine: {'line': b'-- Configured cppcheck exclude dirs and/or files: \n'}
[4.503176] (vehicle_controller) StdoutLine: {'line': b"-- Added test 'lint_cmake' to check CMake code style\n"}
[4.505774] (vehicle_controller) StdoutLine: {'line': b"-- Added test 'uncrustify' to check C / C++ code style\n"}
[4.506024] (vehicle_controller) StdoutLine: {'line': b'-- Configured uncrustify additional arguments: \n'}
[4.507009] (vehicle_controller) StdoutLine: {'line': b"-- Added test 'xmllint' to check XML markup files\n"}
[4.513209] (vehicle_controller) StdoutLine: {'line': b'-- Configuring done\n'}
[4.516585] (-) TimerEvent: {}
[4.558782] (vehicle_controller) StdoutLine: {'line': b'-- Generating done\n'}
[4.573703] (vehicle_controller) StdoutLine: {'line': b'-- Build files have been written to: /home/wowjw/Project/Automobile/Phase4/ros2_ws/build/vehicle_controller\n'}
[4.600125] (vehicle_controller) CommandEnded: {'returncode': 0}
[4.601934] (vehicle_controller) JobProgress: {'identifier': 'vehicle_controller', 'progress': 'build'}
[4.603488] (vehicle_controller) Command: {'cmd': ['/usr/bin/cmake', '--build', '/home/wowjw/Project/Automobile/Phase4/ros2_ws/build/vehicle_controller', '--', '-j6', '-l6'], 'cwd': '/home/wowjw/Project/Automobile/Phase4/ros2_ws/build/vehicle_controller', 'env': OrderedDict([('LESSOPEN', '| /usr/bin/lesspipe %s'), ('USER', 'wowjw'), ('SSH_CLIENT', '192.168.0.161 59356 22'), ('XDG_SESSION_TYPE', 'tty'), ('GIT_ASKPASS', '/home/wowjw/.vscode-server/cli/servers/Stable-110a328ea54b42367b803ec53ee0bf52ef26b419/server/extensions/git/dist/askpass.sh'), ('SHLVL', '1'), ('LD_LIBRARY_PATH', '/home/wowjw/Project/Automobile/Phase4/ros2_ws/install/vehicle_interface/lib:/home/wowjw/Project/Automobile/Phase4/ros2_ws/install/vehicle_controller/lib:/home/wowjw/Project/Automobile/Phase4/install/vehicle_controller/lib:/home/wowjw/Project/Automobile/Phase4/install/vehicle_interface/lib:/usr/local/cuda-12.6/lib64:/opt/ros/humble/opt/rviz_ogre_vendor/lib:/opt/ros/humble/lib/aarch64-linux-gnu:/opt/ros/humble/lib:/usr/local/cuda-12.6/lib64'), ('BROWSER', '/home/wowjw/.vscode-server/cli/servers/Stable-110a328ea54b42367b803ec53ee0bf52ef26b419/server/bin/helpers/browser.sh'), ('MOTD_SHOWN', 'pam'), ('HOME', '/home/wowjw'), ('OLDPWD', '/home/wowjw/Project/Automobile/Phase4'), ('TERM_PROGRAM_VERSION', '1.134.0'), ('VSCODE_IPC_HOOK_CLI', '/run/user/1000/vscode-ipc-4255334a-044f-4380-98d5-9c857eb0149d.sock'), ('ROS_PYTHON_VERSION', '3'), ('VSCODE_GIT_ASKPASS_MAIN', '/home/wowjw/.vscode-server/cli/servers/Stable-110a328ea54b42367b803ec53ee0bf52ef26b419/server/extensions/git/dist/askpass-main.js'), ('PS1', '\\[\x1b]633;A\x07\\]\\[\\e[32m\\]\\u@\\h\\[\\e[m\\]:\\[\\e[34m\\]\\w\\[\\e[33m\\]$(parse_git_branch)\\[\\e[m\\]$ \\[\x1b]633;B\x07\\]'), ('VSCODE_GIT_ASKPASS_NODE', '/home/wowjw/.vscode-server/cli/servers/Stable-110a328ea54b42367b803ec53ee0bf52ef26b419/server/node'), ('VSCODE_PYTHON_AUTOACTIVATE_GUARD', '1'), ('DBUS_SESSION_BUS_ADDRESS', 'unix:path=/run/user/1000/bus'), ('COLORTERM', 'truecolor'), ('COLCON_PREFIX_PATH', '/home/wowjw/Project/Automobile/Phase4/ros2_ws/install:/home/wowjw/Project/Automobile/Phase4/install'), ('ROS_DISTRO', 'humble'), ('LOGNAME', 'wowjw'), ('_', '/usr/bin/colcon'), ('ROS_VERSION', '2'), ('XDG_SESSION_CLASS', 'user'), ('TERM', 'xterm-256color'), ('XDG_SESSION_ID', '2'), ('ROS_LOCALHOST_ONLY', '0'), ('PATH', '/usr/local/cuda-12.6/bin:/home/wowjw/.vscode-server/data/User/globalStorage/github.copilot-chat/debugCommand:/home/wowjw/.vscode-server/data/User/globalStorage/github.copilot-chat/copilotCli:/home/wowjw/.vscode-server/cli/servers/Stable-110a328ea54b42367b803ec53ee0bf52ef26b419/server/bin/remote-cli:/home/wowjw/.local/bin:/opt/ros/humble/bin:/usr/local/cuda-12.6/bin:/usr/local/sbin:/usr/local/bin:/usr/sbin:/usr/bin:/sbin:/bin:/usr/games:/usr/local/games:/snap/bin'), ('XDG_RUNTIME_DIR', '/run/user/1000'), ('LANG', 'en_US.UTF-8'), ('LS_COLORS', 'rs=0:di=01;34:ln=01;36:mh=00:pi=40;33:so=01;35:do=01;35:bd=40;33;01:cd=40;33;01:or=40;31;01:mi=00:su=37;41:sg=30;43:ca=30;41:tw=30;42:ow=34;42:st=37;44:ex=01;32:*.tar=01;31:*.tgz=01;31:*.arc=01;31:*.arj=01;31:*.taz=01;31:*.lha=01;31:*.lz4=01;31:*.lzh=01;31:*.lzma=01;31:*.tlz=01;31:*.txz=01;31:*.tzo=01;31:*.t7z=01;31:*.zip=01;31:*.z=01;31:*.dz=01;31:*.gz=01;31:*.lrz=01;31:*.lz=01;31:*.lzo=01;31:*.xz=01;31:*.zst=01;31:*.tzst=01;31:*.bz2=01;31:*.bz=01;31:*.tbz=01;31:*.tbz2=01;31:*.tz=01;31:*.deb=01;31:*.rpm=01;31:*.jar=01;31:*.war=01;31:*.ear=01;31:*.sar=01;31:*.rar=01;31:*.alz=01;31:*.ace=01;31:*.zoo=01;31:*.cpio=01;31:*.7z=01;31:*.rz=01;31:*.cab=01;31:*.wim=01;31:*.swm=01;31:*.dwm=01;31:*.esd=01;31:*.jpg=01;35:*.jpeg=01;35:*.mjpg=01;35:*.mjpeg=01;35:*.gif=01;35:*.bmp=01;35:*.pbm=01;35:*.pgm=01;35:*.ppm=01;35:*.tga=01;35:*.xbm=01;35:*.xpm=01;35:*.tif=01;35:*.tiff=01;35:*.png=01;35:*.svg=01;35:*.svgz=01;35:*.mng=01;35:*.pcx=01;35:*.mov=01;35:*.mpg=01;35:*.mpeg=01;35:*.m2v=01;35:*.mkv=01;35:*.webm=01;35:*.webp=01;35:*.ogm=01;35:*.mp4=01;35:*.m4v=01;35:*.mp4v=01;35:*.vob=01;35:*.qt=01;35:*.nuv=01;35:*.wmv=01;35:*.asf=01;35:*.rm=01;35:*.rmvb=01;35:*.flc=01;35:*.avi=01;35:*.fli=01;35:*.flv=01;35:*.gl=01;35:*.dl=01;35:*.xcf=01;35:*.xwd=01;35:*.yuv=01;35:*.cgm=01;35:*.emf=01;35:*.ogv=01;35:*.ogx=01;35:*.aac=00;36:*.au=00;36:*.flac=00;36:*.m4a=00;36:*.mid=00;36:*.midi=00;36:*.mka=00;36:*.mp3=00;36:*.mpc=00;36:*.ogg=00;36:*.ra=00;36:*.wav=00;36:*.oga=00;36:*.opus=00;36:*.spx=00;36:*.xspf=00;36:'), ('VSCODE_GIT_IPC_HANDLE', '/run/user/1000/vscode-git-c1ac1f4f39.sock'), ('TERM_PROGRAM', 'vscode'), ('AMENT_PREFIX_PATH', '/home/wowjw/Project/Automobile/Phase4/ros2_ws/install/vehicle_controller:/home/wowjw/Project/Automobile/Phase4/ros2_ws/install/vehicle_interface:/home/wowjw/Project/Automobile/Phase4/install/vehicle_controller:/home/wowjw/Project/Automobile/Phase4/install/vehicle_interface:/opt/ros/humble'), ('SHELL', '/bin/bash'), ('LESSCLOSE', '/usr/bin/lesspipe %s %s'), ('VSCODE_GIT_ASKPASS_EXTRA_ARGS', ''), ('PWD', '/home/wowjw/Project/Automobile/Phase4/ros2_ws/build/vehicle_controller'), ('LC_ALL', 'en_US.UTF-8'), ('COPILOT_DEBUG_NONCE', '9fb98c99a0663c7f3298287e6ff935d5'), ('SSH_CONNECTION', '192.168.0.161 59356 192.168.0.133 22'), ('XDG_DATA_DIRS', '/usr/share/gnome:/usr/local/share:/usr/share:/var/lib/snapd/desktop'), ('PYTHONPATH', '/home/wowjw/Project/Automobile/Phase4/ros2_ws/install/vehicle_interface/local/lib/python3.10/dist-packages:/home/wowjw/Project/Automobile/Phase4/install/vehicle_interface/local/lib/python3.10/dist-packages:/opt/ros/humble/lib/python3.10/site-packages:/opt/ros/humble/local/lib/python3.10/dist-packages'), ('COLCON', '1'), ('CMAKE_PREFIX_PATH', '/home/wowjw/Project/Automobile/Phase4/ros2_ws/install/vehicle_interface:/home/wowjw/Project/Automobile/Phase4/ros2_ws/install/vehicle_controller:/home/wowjw/Project/Automobile/Phase4/install/vehicle_controller:/home/wowjw/Project/Automobile/Phase4/install/vehicle_interface:/opt/ros/humble')]), 'shell': False}
[4.616721] (-) TimerEvent: {}
[4.680091] (vehicle_controller) StdoutLine: {'line': b'[  4%] \x1b[34m\x1b[1mGenerating C code for ROS interfaces\x1b[0m\n'}
[4.698468] (vehicle_controller) StdoutLine: {'line': b'[  8%] \x1b[34m\x1b[1mGenerating C++ code for ROS interfaces\x1b[0m\n'}
[4.716875] (-) TimerEvent: {}
[4.817480] (-) TimerEvent: {}
[4.918178] (-) TimerEvent: {}
[5.018795] (-) TimerEvent: {}
[5.119447] (-) TimerEvent: {}
[5.150726] (vehicle_controller) StdoutLine: {'line': b'[ 12%] \x1b[32mBuilding C object CMakeFiles/vehicle_controller__rosidl_generator_c.dir/rosidl_generator_c/vehicle_controller/msg/detail/vehicle_pose__functions.c.o\x1b[0m\n'}
[5.158298] (vehicle_controller) StdoutLine: {'line': b'[ 12%] Built target vehicle_controller__cpp\n'}
[5.176582] (vehicle_controller) StdoutLine: {'line': b'[ 16%] \x1b[34m\x1b[1mGenerating C++ introspection for ROS interfaces\x1b[0m\n'}
[5.177164] (vehicle_controller) StdoutLine: {'line': b'[ 20%] \x1b[34m\x1b[1mGenerating C++ type support dispatch for ROS interfaces\x1b[0m\n'}
[5.179257] (vehicle_controller) StdoutLine: {'line': b'[ 24%] \x1b[34m\x1b[1mGenerating C++ type support for eProsima Fast-RTPS\x1b[0m\n'}
[5.219584] (-) TimerEvent: {}
[5.243546] (vehicle_controller) StdoutLine: {'line': b'[ 28%] \x1b[32m\x1b[1mLinking C shared library libvehicle_controller__rosidl_generator_c.so\x1b[0m\n'}
[5.307411] (vehicle_controller) StdoutLine: {'line': b'[ 28%] Built target vehicle_controller__rosidl_generator_c\n'}
[5.319875] (-) TimerEvent: {}
[5.325409] (vehicle_controller) StdoutLine: {'line': b'[ 36%] \x1b[34m\x1b[1mGenerating C introspection for ROS interfaces\x1b[0m\n'}
[5.325907] (vehicle_controller) StdoutLine: {'line': b'[ 36%] \x1b[34m\x1b[1mGenerating C type support for eProsima Fast-RTPS\x1b[0m\n'}
[5.328188] (vehicle_controller) StdoutLine: {'line': b'[ 40%] \x1b[34m\x1b[1mGenerating C type support dispatch for ROS interfaces\x1b[0m\n'}
[5.420054] (-) TimerEvent: {}
[5.520745] (-) TimerEvent: {}
[5.593510] (vehicle_controller) StdoutLine: {'line': b'[ 44%] \x1b[32mBuilding CXX object CMakeFiles/vehicle_controller__rosidl_typesupport_cpp.dir/rosidl_typesupport_cpp/vehicle_controller/msg/vehicle_pose__type_support.cpp.o\x1b[0m\n'}
[5.620934] (-) TimerEvent: {}
[5.643197] (vehicle_controller) StdoutLine: {'line': b'[ 52%] \x1b[32mBuilding CXX object CMakeFiles/vehicle_controller__rosidl_typesupport_fastrtps_cpp.dir/rosidl_typesupport_fastrtps_cpp/vehicle_controller/msg/detail/dds_fastrtps/vehicle_pose__type_support.cpp.o\x1b[0m\n'}
[5.643688] (vehicle_controller) StdoutLine: {'line': b'[ 52%] \x1b[32mBuilding CXX object CMakeFiles/vehicle_controller__rosidl_typesupport_introspection_cpp.dir/rosidl_typesupport_introspection_cpp/vehicle_controller/msg/detail/vehicle_pose__type_support.cpp.o\x1b[0m\n'}
[5.721124] (-) TimerEvent: {}
[5.769528] (vehicle_controller) StdoutLine: {'line': b'[ 56%] \x1b[32mBuilding CXX object CMakeFiles/vehicle_controller__rosidl_typesupport_c.dir/rosidl_typesupport_c/vehicle_controller/msg/vehicle_pose__type_support.cpp.o\x1b[0m\n'}
[5.821345] (-) TimerEvent: {}
[5.822196] (vehicle_controller) StdoutLine: {'line': b'[ 60%] \x1b[32mBuilding CXX object CMakeFiles/vehicle_controller__rosidl_typesupport_fastrtps_c.dir/rosidl_typesupport_fastrtps_c/vehicle_controller/msg/detail/vehicle_pose__type_support_c.cpp.o\x1b[0m\n'}
[5.839714] (vehicle_controller) StdoutLine: {'line': b'[ 64%] \x1b[32m\x1b[1mLinking CXX shared library libvehicle_controller__rosidl_typesupport_c.so\x1b[0m\n'}
[5.842886] (vehicle_controller) StdoutLine: {'line': b'[ 68%] \x1b[32mBuilding C object CMakeFiles/vehicle_controller__rosidl_typesupport_introspection_c.dir/rosidl_typesupport_introspection_c/vehicle_controller/msg/detail/vehicle_pose__type_support.c.o\x1b[0m\n'}
[5.919803] (vehicle_controller) StdoutLine: {'line': b'[ 68%] Built target vehicle_controller__rosidl_typesupport_c\n'}
[5.921529] (-) TimerEvent: {}
[5.928638] (vehicle_controller) StdoutLine: {'line': b'[ 72%] \x1b[32m\x1b[1mLinking C shared library libvehicle_controller__rosidl_typesupport_introspection_c.so\x1b[0m\n'}
[5.987403] (vehicle_controller) StdoutLine: {'line': b'[ 72%] Built target vehicle_controller__rosidl_typesupport_introspection_c\n'}
[6.021737] (-) TimerEvent: {}
[6.122493] (-) TimerEvent: {}
[6.141036] (vehicle_controller) StdoutLine: {'line': b'[ 76%] \x1b[32m\x1b[1mLinking CXX shared library libvehicle_controller__rosidl_typesupport_cpp.so\x1b[0m\n'}
[6.210414] (vehicle_controller) StdoutLine: {'line': b'[ 76%] Built target vehicle_controller__rosidl_typesupport_cpp\n'}
[6.222671] (-) TimerEvent: {}
[6.323385] (-) TimerEvent: {}
[6.377919] (vehicle_controller) StdoutLine: {'line': b'[ 80%] \x1b[32m\x1b[1mLinking CXX shared library libvehicle_controller__rosidl_typesupport_introspection_cpp.so\x1b[0m\n'}
[6.418321] (vehicle_controller) StdoutLine: {'line': b'[ 84%] \x1b[32m\x1b[1mLinking CXX shared library libvehicle_controller__rosidl_typesupport_fastrtps_cpp.so\x1b[0m\n'}
[6.423547] (-) TimerEvent: {}
[6.446545] (vehicle_controller) StdoutLine: {'line': b'[ 84%] Built target vehicle_controller__rosidl_typesupport_introspection_cpp\n'}
[6.480399] (vehicle_controller) StdoutLine: {'line': b'[ 88%] \x1b[32m\x1b[1mLinking CXX shared library libvehicle_controller__rosidl_typesupport_fastrtps_c.so\x1b[0m\n'}
[6.523728] (-) TimerEvent: {}
[6.567666] (vehicle_controller) StdoutLine: {'line': b'[ 88%] Built target vehicle_controller__rosidl_typesupport_fastrtps_cpp\n'}
[6.621542] (vehicle_controller) StdoutLine: {'line': b'[ 88%] Built target vehicle_controller__rosidl_typesupport_fastrtps_c\n'}
[6.623815] (-) TimerEvent: {}
[6.662096] (vehicle_controller) StdoutLine: {'line': b'[ 88%] Built target vehicle_controller\n'}
[6.700232] (vehicle_controller) StdoutLine: {'line': b'[ 96%] \x1b[32mBuilding CXX object CMakeFiles/vehicle_controller_node.dir/src/Vehicle_Ctrl_Node.cpp.o\x1b[0m\n'}
[6.700735] (vehicle_controller) StdoutLine: {'line': b'[ 96%] \x1b[32mBuilding CXX object CMakeFiles/vehicle_controller_node.dir/src/main.cpp.o\x1b[0m\n'}
[6.724022] (-) TimerEvent: {}
[6.824888] (-) TimerEvent: {}
[6.925570] (-) TimerEvent: {}
[7.026232] (-) TimerEvent: {}
[7.126916] (-) TimerEvent: {}
[7.227591] (-) TimerEvent: {}
[7.328296] (-) TimerEvent: {}
[7.428988] (-) TimerEvent: {}
[7.529703] (-) TimerEvent: {}
[7.630398] (-) TimerEvent: {}
[7.731107] (-) TimerEvent: {}
[7.831812] (-) TimerEvent: {}
[7.932504] (-) TimerEvent: {}
[8.033197] (-) TimerEvent: {}
[8.133873] (-) TimerEvent: {}
[8.234560] (-) TimerEvent: {}
[8.335283] (-) TimerEvent: {}
[8.435968] (-) TimerEvent: {}
[8.536641] (-) TimerEvent: {}
[8.637327] (-) TimerEvent: {}
[8.738021] (-) TimerEvent: {}
[8.838706] (-) TimerEvent: {}
[8.939413] (-) TimerEvent: {}
[9.040096] (-) TimerEvent: {}
[9.140771] (-) TimerEvent: {}
[9.241452] (-) TimerEvent: {}
[9.342141] (-) TimerEvent: {}
[9.442819] (-) TimerEvent: {}
[9.543528] (-) TimerEvent: {}
[9.644208] (-) TimerEvent: {}
[9.744903] (-) TimerEvent: {}
[9.845596] (-) TimerEvent: {}
[9.946292] (-) TimerEvent: {}
[10.046996] (-) TimerEvent: {}
[10.147674] (-) TimerEvent: {}
[10.248366] (-) TimerEvent: {}
[10.349048] (-) TimerEvent: {}
[10.449731] (-) TimerEvent: {}
[10.550420] (-) TimerEvent: {}
[10.651423] (-) TimerEvent: {}
[10.752111] (-) TimerEvent: {}
[10.852793] (-) TimerEvent: {}
[10.953483] (-) TimerEvent: {}
[11.054180] (-) TimerEvent: {}
[11.154901] (-) TimerEvent: {}
[11.255596] (-) TimerEvent: {}
[11.356279] (-) TimerEvent: {}
[11.456975] (-) TimerEvent: {}
[11.557689] (-) TimerEvent: {}
[11.658385] (-) TimerEvent: {}
[11.759107] (-) TimerEvent: {}
[11.859809] (-) TimerEvent: {}
[11.960518] (-) TimerEvent: {}
[12.061213] (-) TimerEvent: {}
[12.161914] (-) TimerEvent: {}
[12.262622] (-) TimerEvent: {}
[12.363376] (-) TimerEvent: {}
[12.464119] (-) TimerEvent: {}
[12.564818] (-) TimerEvent: {}
[12.665524] (-) TimerEvent: {}
[12.766264] (-) TimerEvent: {}
[12.869391] (-) TimerEvent: {}
[12.970218] (-) TimerEvent: {}
[13.071038] (-) TimerEvent: {}
[13.171848] (-) TimerEvent: {}
[13.272670] (-) TimerEvent: {}
[13.373488] (-) TimerEvent: {}
[13.474283] (-) TimerEvent: {}
[13.575110] (-) TimerEvent: {}
[13.675901] (-) TimerEvent: {}
[13.776695] (-) TimerEvent: {}
[13.877537] (-) TimerEvent: {}
[13.978389] (-) TimerEvent: {}
[14.079263] (-) TimerEvent: {}
[14.180087] (-) TimerEvent: {}
[14.280905] (-) TimerEvent: {}
[14.381723] (-) TimerEvent: {}
[14.482532] (-) TimerEvent: {}
[14.583401] (-) TimerEvent: {}
[14.684223] (-) TimerEvent: {}
[14.785065] (-) TimerEvent: {}
[14.885902] (-) TimerEvent: {}
[14.986732] (-) TimerEvent: {}
[15.087595] (-) TimerEvent: {}
[15.188431] (-) TimerEvent: {}
[15.289258] (-) TimerEvent: {}
[15.390095] (-) TimerEvent: {}
[15.490975] (-) TimerEvent: {}
[15.591818] (-) TimerEvent: {}
[15.692670] (-) TimerEvent: {}
[15.793500] (-) TimerEvent: {}
[15.894349] (-) TimerEvent: {}
[15.995212] (-) TimerEvent: {}
[16.096053] (-) TimerEvent: {}
[16.196872] (-) TimerEvent: {}
[16.297702] (-) TimerEvent: {}
[16.398541] (-) TimerEvent: {}
[16.499401] (-) TimerEvent: {}
[16.600224] (-) TimerEvent: {}
[16.701054] (-) TimerEvent: {}
[16.801851] (-) TimerEvent: {}
[16.902665] (-) TimerEvent: {}
[17.003505] (-) TimerEvent: {}
[17.104291] (-) TimerEvent: {}
[17.205113] (-) TimerEvent: {}
[17.305937] (-) TimerEvent: {}
[17.406760] (-) TimerEvent: {}
[17.507606] (-) TimerEvent: {}
[17.608426] (-) TimerEvent: {}
[17.709241] (-) TimerEvent: {}
[17.810009] (-) TimerEvent: {}
[17.910836] (-) TimerEvent: {}
[18.011702] (-) TimerEvent: {}
[18.112542] (-) TimerEvent: {}
[18.213391] (-) TimerEvent: {}
[18.314234] (-) TimerEvent: {}
[18.415094] (-) TimerEvent: {}
[18.515911] (-) TimerEvent: {}
[18.616765] (-) TimerEvent: {}
[18.717604] (-) TimerEvent: {}
[18.818374] (-) TimerEvent: {}
[18.919237] (-) TimerEvent: {}
[19.020043] (-) TimerEvent: {}
[19.120841] (-) TimerEvent: {}
[19.221651] (-) TimerEvent: {}
[19.322469] (-) TimerEvent: {}
[19.423305] (-) TimerEvent: {}
[19.524113] (-) TimerEvent: {}
[19.624918] (-) TimerEvent: {}
[19.725735] (-) TimerEvent: {}
[19.826558] (-) TimerEvent: {}
[19.927399] (-) TimerEvent: {}
[20.028172] (-) TimerEvent: {}
[20.129082] (-) TimerEvent: {}
[20.229874] (-) TimerEvent: {}
[20.330676] (-) TimerEvent: {}
[20.431523] (-) TimerEvent: {}
[20.532316] (-) TimerEvent: {}
[20.633123] (-) TimerEvent: {}
[20.733925] (-) TimerEvent: {}
[20.834725] (-) TimerEvent: {}
[20.935560] (-) TimerEvent: {}
[21.036365] (-) TimerEvent: {}
[21.137145] (-) TimerEvent: {}
[21.237918] (-) TimerEvent: {}
[21.338706] (-) TimerEvent: {}
[21.439541] (-) TimerEvent: {}
[21.540330] (-) TimerEvent: {}
[21.641108] (-) TimerEvent: {}
[21.741881] (-) TimerEvent: {}
[21.842655] (-) TimerEvent: {}
[21.943468] (-) TimerEvent: {}
[22.044256] (-) TimerEvent: {}
[22.145046] (-) TimerEvent: {}
[22.245858] (-) TimerEvent: {}
[22.346673] (-) TimerEvent: {}
[22.447491] (-) TimerEvent: {}
[22.548277] (-) TimerEvent: {}
[22.649048] (-) TimerEvent: {}
[22.749836] (-) TimerEvent: {}
[22.850648] (-) TimerEvent: {}
[22.951484] (-) TimerEvent: {}
[23.052262] (-) TimerEvent: {}
[23.153046] (-) TimerEvent: {}
[23.253829] (-) TimerEvent: {}
[23.354621] (-) TimerEvent: {}
[23.455417] (-) TimerEvent: {}
[23.556191] (-) TimerEvent: {}
[23.656954] (-) TimerEvent: {}
[23.757738] (-) TimerEvent: {}
[23.858549] (-) TimerEvent: {}
[23.959361] (-) TimerEvent: {}
[24.060158] (-) TimerEvent: {}
[24.160925] (-) TimerEvent: {}
[24.261686] (-) TimerEvent: {}
[24.362470] (-) TimerEvent: {}
[24.463283] (-) TimerEvent: {}
[24.564044] (-) TimerEvent: {}
[24.664810] (-) TimerEvent: {}
[24.765557] (-) TimerEvent: {}
[24.866310] (-) TimerEvent: {}
[24.967112] (-) TimerEvent: {}
[25.067886] (-) TimerEvent: {}
[25.168646] (-) TimerEvent: {}
[25.269428] (-) TimerEvent: {}
[25.370225] (-) TimerEvent: {}
[25.471053] (-) TimerEvent: {}
[25.571885] (-) TimerEvent: {}
[25.672688] (-) TimerEvent: {}
[25.773510] (-) TimerEvent: {}
[25.874294] (-) TimerEvent: {}
[25.975090] (-) TimerEvent: {}
[26.075870] (-) TimerEvent: {}
[26.176681] (-) TimerEvent: {}
[26.277486] (-) TimerEvent: {}
[26.378308] (-) TimerEvent: {}
[26.479158] (-) TimerEvent: {}
[26.579990] (-) TimerEvent: {}
[26.680802] (-) TimerEvent: {}
[26.781583] (-) TimerEvent: {}
[26.882343] (-) TimerEvent: {}
[26.983132] (-) TimerEvent: {}
[27.083928] (-) TimerEvent: {}
[27.184833] (-) TimerEvent: {}
[27.285530] (-) TimerEvent: {}
[27.386214] (-) TimerEvent: {}
[27.486910] (-) TimerEvent: {}
[27.587573] (-) TimerEvent: {}
[27.688254] (-) TimerEvent: {}
[27.788939] (-) TimerEvent: {}
[27.889603] (-) TimerEvent: {}
[27.990269] (-) TimerEvent: {}
[28.090946] (-) TimerEvent: {}
[28.191608] (-) TimerEvent: {}
[28.292264] (-) TimerEvent: {}
[28.392932] (-) TimerEvent: {}
[28.493650] (-) TimerEvent: {}
[28.594310] (-) TimerEvent: {}
[28.695000] (-) TimerEvent: {}
[28.795678] (-) TimerEvent: {}
[28.896374] (-) TimerEvent: {}
[28.996789] (vehicle_controller) StdoutLine: {'line': b'[100%] \x1b[32m\x1b[1mLinking CXX executable vehicle_controller_node\x1b[0m\n'}
[28.997310] (-) TimerEvent: {}
[29.097799] (-) TimerEvent: {}
[29.198663] (-) TimerEvent: {}
[29.299391] (-) TimerEvent: {}
[29.400089] (-) TimerEvent: {}
[29.500727] (-) TimerEvent: {}
[29.601352] (-) TimerEvent: {}
[29.701971] (-) TimerEvent: {}
[29.802587] (-) TimerEvent: {}
[29.903261] (-) TimerEvent: {}
[30.003899] (-) TimerEvent: {}
[30.036549] (vehicle_controller) StdoutLine: {'line': b'[100%] Built target vehicle_controller_node\n'}
[30.062631] (vehicle_controller) CommandEnded: {'returncode': 0}
[30.064943] (vehicle_controller) JobProgress: {'identifier': 'vehicle_controller', 'progress': 'install'}
[30.065774] (vehicle_controller) Command: {'cmd': ['/usr/bin/cmake', '--install', '/home/wowjw/Project/Automobile/Phase4/ros2_ws/build/vehicle_controller'], 'cwd': '/home/wowjw/Project/Automobile/Phase4/ros2_ws/build/vehicle_controller', 'env': OrderedDict([('LESSOPEN', '| /usr/bin/lesspipe %s'), ('USER', 'wowjw'), ('SSH_CLIENT', '192.168.0.161 59356 22'), ('XDG_SESSION_TYPE', 'tty'), ('GIT_ASKPASS', '/home/wowjw/.vscode-server/cli/servers/Stable-110a328ea54b42367b803ec53ee0bf52ef26b419/server/extensions/git/dist/askpass.sh'), ('SHLVL', '1'), ('LD_LIBRARY_PATH', '/home/wowjw/Project/Automobile/Phase4/ros2_ws/install/vehicle_interface/lib:/home/wowjw/Project/Automobile/Phase4/ros2_ws/install/vehicle_controller/lib:/home/wowjw/Project/Automobile/Phase4/install/vehicle_controller/lib:/home/wowjw/Project/Automobile/Phase4/install/vehicle_interface/lib:/usr/local/cuda-12.6/lib64:/opt/ros/humble/opt/rviz_ogre_vendor/lib:/opt/ros/humble/lib/aarch64-linux-gnu:/opt/ros/humble/lib:/usr/local/cuda-12.6/lib64'), ('BROWSER', '/home/wowjw/.vscode-server/cli/servers/Stable-110a328ea54b42367b803ec53ee0bf52ef26b419/server/bin/helpers/browser.sh'), ('MOTD_SHOWN', 'pam'), ('HOME', '/home/wowjw'), ('OLDPWD', '/home/wowjw/Project/Automobile/Phase4'), ('TERM_PROGRAM_VERSION', '1.134.0'), ('VSCODE_IPC_HOOK_CLI', '/run/user/1000/vscode-ipc-4255334a-044f-4380-98d5-9c857eb0149d.sock'), ('ROS_PYTHON_VERSION', '3'), ('VSCODE_GIT_ASKPASS_MAIN', '/home/wowjw/.vscode-server/cli/servers/Stable-110a328ea54b42367b803ec53ee0bf52ef26b419/server/extensions/git/dist/askpass-main.js'), ('PS1', '\\[\x1b]633;A\x07\\]\\[\\e[32m\\]\\u@\\h\\[\\e[m\\]:\\[\\e[34m\\]\\w\\[\\e[33m\\]$(parse_git_branch)\\[\\e[m\\]$ \\[\x1b]633;B\x07\\]'), ('VSCODE_GIT_ASKPASS_NODE', '/home/wowjw/.vscode-server/cli/servers/Stable-110a328ea54b42367b803ec53ee0bf52ef26b419/server/node'), ('VSCODE_PYTHON_AUTOACTIVATE_GUARD', '1'), ('DBUS_SESSION_BUS_ADDRESS', 'unix:path=/run/user/1000/bus'), ('COLORTERM', 'truecolor'), ('COLCON_PREFIX_PATH', '/home/wowjw/Project/Automobile/Phase4/ros2_ws/install:/home/wowjw/Project/Automobile/Phase4/install'), ('ROS_DISTRO', 'humble'), ('LOGNAME', 'wowjw'), ('_', '/usr/bin/colcon'), ('ROS_VERSION', '2'), ('XDG_SESSION_CLASS', 'user'), ('TERM', 'xterm-256color'), ('XDG_SESSION_ID', '2'), ('ROS_LOCALHOST_ONLY', '0'), ('PATH', '/usr/local/cuda-12.6/bin:/home/wowjw/.vscode-server/data/User/globalStorage/github.copilot-chat/debugCommand:/home/wowjw/.vscode-server/data/User/globalStorage/github.copilot-chat/copilotCli:/home/wowjw/.vscode-server/cli/servers/Stable-110a328ea54b42367b803ec53ee0bf52ef26b419/server/bin/remote-cli:/home/wowjw/.local/bin:/opt/ros/humble/bin:/usr/local/cuda-12.6/bin:/usr/local/sbin:/usr/local/bin:/usr/sbin:/usr/bin:/sbin:/bin:/usr/games:/usr/local/games:/snap/bin'), ('XDG_RUNTIME_DIR', '/run/user/1000'), ('LANG', 'en_US.UTF-8'), ('LS_COLORS', 'rs=0:di=01;34:ln=01;36:mh=00:pi=40;33:so=01;35:do=01;35:bd=40;33;01:cd=40;33;01:or=40;31;01:mi=00:su=37;41:sg=30;43:ca=30;41:tw=30;42:ow=34;42:st=37;44:ex=01;32:*.tar=01;31:*.tgz=01;31:*.arc=01;31:*.arj=01;31:*.taz=01;31:*.lha=01;31:*.lz4=01;31:*.lzh=01;31:*.lzma=01;31:*.tlz=01;31:*.txz=01;31:*.tzo=01;31:*.t7z=01;31:*.zip=01;31:*.z=01;31:*.dz=01;31:*.gz=01;31:*.lrz=01;31:*.lz=01;31:*.lzo=01;31:*.xz=01;31:*.zst=01;31:*.tzst=01;31:*.bz2=01;31:*.bz=01;31:*.tbz=01;31:*.tbz2=01;31:*.tz=01;31:*.deb=01;31:*.rpm=01;31:*.jar=01;31:*.war=01;31:*.ear=01;31:*.sar=01;31:*.rar=01;31:*.alz=01;31:*.ace=01;31:*.zoo=01;31:*.cpio=01;31:*.7z=01;31:*.rz=01;31:*.cab=01;31:*.wim=01;31:*.swm=01;31:*.dwm=01;31:*.esd=01;31:*.jpg=01;35:*.jpeg=01;35:*.mjpg=01;35:*.mjpeg=01;35:*.gif=01;35:*.bmp=01;35:*.pbm=01;35:*.pgm=01;35:*.ppm=01;35:*.tga=01;35:*.xbm=01;35:*.xpm=01;35:*.tif=01;35:*.tiff=01;35:*.png=01;35:*.svg=01;35:*.svgz=01;35:*.mng=01;35:*.pcx=01;35:*.mov=01;35:*.mpg=01;35:*.mpeg=01;35:*.m2v=01;35:*.mkv=01;35:*.webm=01;35:*.webp=01;35:*.ogm=01;35:*.mp4=01;35:*.m4v=01;35:*.mp4v=01;35:*.vob=01;35:*.qt=01;35:*.nuv=01;35:*.wmv=01;35:*.asf=01;35:*.rm=01;35:*.rmvb=01;35:*.flc=01;35:*.avi=01;35:*.fli=01;35:*.flv=01;35:*.gl=01;35:*.dl=01;35:*.xcf=01;35:*.xwd=01;35:*.yuv=01;35:*.cgm=01;35:*.emf=01;35:*.ogv=01;35:*.ogx=01;35:*.aac=00;36:*.au=00;36:*.flac=00;36:*.m4a=00;36:*.mid=00;36:*.midi=00;36:*.mka=00;36:*.mp3=00;36:*.mpc=00;36:*.ogg=00;36:*.ra=00;36:*.wav=00;36:*.oga=00;36:*.opus=00;36:*.spx=00;36:*.xspf=00;36:'), ('VSCODE_GIT_IPC_HANDLE', '/run/user/1000/vscode-git-c1ac1f4f39.sock'), ('TERM_PROGRAM', 'vscode'), ('AMENT_PREFIX_PATH', '/home/wowjw/Project/Automobile/Phase4/ros2_ws/install/vehicle_controller:/home/wowjw/Project/Automobile/Phase4/ros2_ws/install/vehicle_interface:/home/wowjw/Project/Automobile/Phase4/install/vehicle_controller:/home/wowjw/Project/Automobile/Phase4/install/vehicle_interface:/opt/ros/humble'), ('SHELL', '/bin/bash'), ('LESSCLOSE', '/usr/bin/lesspipe %s %s'), ('VSCODE_GIT_ASKPASS_EXTRA_ARGS', ''), ('PWD', '/home/wowjw/Project/Automobile/Phase4/ros2_ws/build/vehicle_controller'), ('LC_ALL', 'en_US.UTF-8'), ('COPILOT_DEBUG_NONCE', '9fb98c99a0663c7f3298287e6ff935d5'), ('SSH_CONNECTION', '192.168.0.161 59356 192.168.0.133 22'), ('XDG_DATA_DIRS', '/usr/share/gnome:/usr/local/share:/usr/share:/var/lib/snapd/desktop'), ('PYTHONPATH', '/home/wowjw/Project/Automobile/Phase4/ros2_ws/install/vehicle_interface/local/lib/python3.10/dist-packages:/home/wowjw/Project/Automobile/Phase4/install/vehicle_interface/local/lib/python3.10/dist-packages:/opt/ros/humble/lib/python3.10/site-packages:/opt/ros/humble/local/lib/python3.10/dist-packages'), ('COLCON', '1'), ('CMAKE_PREFIX_PATH', '/home/wowjw/Project/Automobile/Phase4/ros2_ws/install/vehicle_interface:/home/wowjw/Project/Automobile/Phase4/ros2_ws/install/vehicle_controller:/home/wowjw/Project/Automobile/Phase4/install/vehicle_controller:/home/wowjw/Project/Automobile/Phase4/install/vehicle_interface:/opt/ros/humble')]), 'shell': False}
[30.083947] (vehicle_controller) StdoutLine: {'line': b'-- Install configuration: ""\n'}
[30.084485] (vehicle_controller) StdoutLine: {'line': b'-- Installing: /home/wowjw/Project/Automobile/Phase4/ros2_ws/install/vehicle_controller/share/ament_index/resource_index/rosidl_interfaces/vehicle_controller\n'}
[30.084828] (vehicle_controller) StdoutLine: {'line': b'-- Installing: /home/wowjw/Project/Automobile/Phase4/ros2_ws/install/vehicle_controller/include/vehicle_controller/vehicle_controller\n'}
[30.085103] (vehicle_controller) StdoutLine: {'line': b'-- Installing: /home/wowjw/Project/Automobile/Phase4/ros2_ws/install/vehicle_controller/include/vehicle_controller/vehicle_controller/msg\n'}
[30.085456] (vehicle_controller) StdoutLine: {'line': b'-- Installing: /home/wowjw/Project/Automobile/Phase4/ros2_ws/install/vehicle_controller/include/vehicle_controller/vehicle_controller/msg/vehicle_pose.h\n'}
[30.085729] (vehicle_controller) StdoutLine: {'line': b'-- Installing: /home/wowjw/Project/Automobile/Phase4/ros2_ws/install/vehicle_controller/include/vehicle_controller/vehicle_controller/msg/detail\n'}
[30.086001] (vehicle_controller) StdoutLine: {'line': b'-- Installing: /home/wowjw/Project/Automobile/Phase4/ros2_ws/install/vehicle_controller/include/vehicle_controller/vehicle_controller/msg/detail/vehicle_pose__functions.c\n'}
[30.086285] (vehicle_controller) StdoutLine: {'line': b'-- Installing: /home/wowjw/Project/Automobile/Phase4/ros2_ws/install/vehicle_controller/include/vehicle_controller/vehicle_controller/msg/detail/vehicle_pose__struct.h\n'}
[30.086527] (vehicle_controller) StdoutLine: {'line': b'-- Installing: /home/wowjw/Project/Automobile/Phase4/ros2_ws/install/vehicle_controller/include/vehicle_controller/vehicle_controller/msg/detail/vehicle_pose__functions.h\n'}
[30.086828] (vehicle_controller) StdoutLine: {'line': b'-- Installing: /home/wowjw/Project/Automobile/Phase4/ros2_ws/install/vehicle_controller/include/vehicle_controller/vehicle_controller/msg/detail/vehicle_pose__type_support.h\n'}
[30.087124] (vehicle_controller) StdoutLine: {'line': b'-- Installing: /home/wowjw/Project/Automobile/Phase4/ros2_ws/install/vehicle_controller/include/vehicle_controller/vehicle_controller/msg/rosidl_generator_c__visibility_control.h\n'}
[30.087388] (vehicle_controller) StdoutLine: {'line': b'-- Installing: /home/wowjw/Project/Automobile/Phase4/ros2_ws/install/vehicle_controller/share/vehicle_controller/environment/library_path.sh\n'}
[30.087725] (vehicle_controller) StdoutLine: {'line': b'-- Installing: /home/wowjw/Project/Automobile/Phase4/ros2_ws/install/vehicle_controller/share/vehicle_controller/environment/library_path.dsv\n'}
[30.088163] (vehicle_controller) StdoutLine: {'line': b'-- Installing: /home/wowjw/Project/Automobile/Phase4/ros2_ws/install/vehicle_controller/lib/libvehicle_controller__rosidl_generator_c.so\n'}
[30.088847] (vehicle_controller) StdoutLine: {'line': b'-- Set runtime path of "/home/wowjw/Project/Automobile/Phase4/ros2_ws/install/vehicle_controller/lib/libvehicle_controller__rosidl_generator_c.so" to ""\n'}
[30.089177] (vehicle_controller) StdoutLine: {'line': b'-- Up-to-date: /home/wowjw/Project/Automobile/Phase4/ros2_ws/install/vehicle_controller/include/vehicle_controller/vehicle_controller\n'}
[30.089351] (vehicle_controller) StdoutLine: {'line': b'-- Up-to-date: /home/wowjw/Project/Automobile/Phase4/ros2_ws/install/vehicle_controller/include/vehicle_controller/vehicle_controller/msg\n'}
[30.089617] (vehicle_controller) StdoutLine: {'line': b'-- Installing: /home/wowjw/Project/Automobile/Phase4/ros2_ws/install/vehicle_controller/include/vehicle_controller/vehicle_controller/msg/rosidl_typesupport_fastrtps_c__visibility_control.h\n'}
[30.089782] (vehicle_controller) StdoutLine: {'line': b'-- Up-to-date: /home/wowjw/Project/Automobile/Phase4/ros2_ws/install/vehicle_controller/include/vehicle_controller/vehicle_controller/msg/detail\n'}
[30.089982] (vehicle_controller) StdoutLine: {'line': b'-- Installing: /home/wowjw/Project/Automobile/Phase4/ros2_ws/install/vehicle_controller/include/vehicle_controller/vehicle_controller/msg/detail/vehicle_pose__rosidl_typesupport_fastrtps_c.h\n'}
[30.090131] (vehicle_controller) StdoutLine: {'line': b'-- Installing: /home/wowjw/Project/Automobile/Phase4/ros2_ws/install/vehicle_controller/lib/libvehicle_controller__rosidl_typesupport_fastrtps_c.so\n'}
[30.090479] (vehicle_controller) StdoutLine: {'line': b'-- Set runtime path of "/home/wowjw/Project/Automobile/Phase4/ros2_ws/install/vehicle_controller/lib/libvehicle_controller__rosidl_typesupport_fastrtps_c.so" to ""\n'}
[30.090815] (vehicle_controller) StdoutLine: {'line': b'-- Up-to-date: /home/wowjw/Project/Automobile/Phase4/ros2_ws/install/vehicle_controller/include/vehicle_controller/vehicle_controller\n'}
[30.091070] (vehicle_controller) StdoutLine: {'line': b'-- Up-to-date: /home/wowjw/Project/Automobile/Phase4/ros2_ws/install/vehicle_controller/include/vehicle_controller/vehicle_controller/msg\n'}
[30.091326] (vehicle_controller) StdoutLine: {'line': b'-- Up-to-date: /home/wowjw/Project/Automobile/Phase4/ros2_ws/install/vehicle_controller/include/vehicle_controller/vehicle_controller/msg/detail\n'}
[30.091626] (vehicle_controller) StdoutLine: {'line': b'-- Installing: /home/wowjw/Project/Automobile/Phase4/ros2_ws/install/vehicle_controller/include/vehicle_controller/vehicle_controller/msg/detail/vehicle_pose__type_support.hpp\n'}
[30.091799] (vehicle_controller) StdoutLine: {'line': b'-- Installing: /home/wowjw/Project/Automobile/Phase4/ros2_ws/install/vehicle_controller/include/vehicle_controller/vehicle_controller/msg/detail/vehicle_pose__struct.hpp\n'}
[30.092094] (vehicle_controller) StdoutLine: {'line': b'-- Installing: /home/wowjw/Project/Automobile/Phase4/ros2_ws/install/vehicle_controller/include/vehicle_controller/vehicle_controller/msg/detail/vehicle_pose__traits.hpp\n'}
[30.092274] (vehicle_controller) StdoutLine: {'line': b'-- Installing: /home/wowjw/Project/Automobile/Phase4/ros2_ws/install/vehicle_controller/include/vehicle_controller/vehicle_controller/msg/detail/vehicle_pose__builder.hpp\n'}
[30.092591] (vehicle_controller) StdoutLine: {'line': b'-- Installing: /home/wowjw/Project/Automobile/Phase4/ros2_ws/install/vehicle_controller/include/vehicle_controller/vehicle_controller/msg/vehicle_pose.hpp\n'}
[30.092764] (vehicle_controller) StdoutLine: {'line': b'-- Installing: /home/wowjw/Project/Automobile/Phase4/ros2_ws/install/vehicle_controller/include/vehicle_controller/vehicle_controller/msg/rosidl_generator_cpp__visibility_control.hpp\n'}
[30.093044] (vehicle_controller) StdoutLine: {'line': b'-- Up-to-date: /home/wowjw/Project/Automobile/Phase4/ros2_ws/install/vehicle_controller/include/vehicle_controller/vehicle_controller\n'}
[30.093296] (vehicle_controller) StdoutLine: {'line': b'-- Up-to-date: /home/wowjw/Project/Automobile/Phase4/ros2_ws/install/vehicle_controller/include/vehicle_controller/vehicle_controller/msg\n'}
[30.093470] (vehicle_controller) StdoutLine: {'line': b'-- Installing: /home/wowjw/Project/Automobile/Phase4/ros2_ws/install/vehicle_controller/include/vehicle_controller/vehicle_controller/msg/rosidl_typesupport_fastrtps_cpp__visibility_control.h\n'}
[30.093665] (vehicle_controller) StdoutLine: {'line': b'-- Up-to-date: /home/wowjw/Project/Automobile/Phase4/ros2_ws/install/vehicle_controller/include/vehicle_controller/vehicle_controller/msg/detail\n'}
[30.093814] (vehicle_controller) StdoutLine: {'line': b'-- Installing: /home/wowjw/Project/Automobile/Phase4/ros2_ws/install/vehicle_controller/include/vehicle_controller/vehicle_controller/msg/detail/dds_fastrtps\n'}
[30.093959] (vehicle_controller) StdoutLine: {'line': b'-- Installing: /home/wowjw/Project/Automobile/Phase4/ros2_ws/install/vehicle_controller/include/vehicle_controller/vehicle_controller/msg/detail/vehicle_pose__rosidl_typesupport_fastrtps_cpp.hpp\n'}
[30.094122] (vehicle_controller) StdoutLine: {'line': b'-- Installing: /home/wowjw/Project/Automobile/Phase4/ros2_ws/install/vehicle_controller/lib/libvehicle_controller__rosidl_typesupport_fastrtps_cpp.so\n'}
[30.094354] (vehicle_controller) StdoutLine: {'line': b'-- Set runtime path of "/home/wowjw/Project/Automobile/Phase4/ros2_ws/install/vehicle_controller/lib/libvehicle_controller__rosidl_typesupport_fastrtps_cpp.so" to ""\n'}
[30.094605] (vehicle_controller) StdoutLine: {'line': b'-- Up-to-date: /home/wowjw/Project/Automobile/Phase4/ros2_ws/install/vehicle_controller/include/vehicle_controller/vehicle_controller\n'}
[30.094930] (vehicle_controller) StdoutLine: {'line': b'-- Up-to-date: /home/wowjw/Project/Automobile/Phase4/ros2_ws/install/vehicle_controller/include/vehicle_controller/vehicle_controller/msg\n'}
[30.095119] (vehicle_controller) StdoutLine: {'line': b'-- Installing: /home/wowjw/Project/Automobile/Phase4/ros2_ws/install/vehicle_controller/include/vehicle_controller/vehicle_controller/msg/rosidl_typesupport_introspection_c__visibility_control.h\n'}
[30.095339] (vehicle_controller) StdoutLine: {'line': b'-- Up-to-date: /home/wowjw/Project/Automobile/Phase4/ros2_ws/install/vehicle_controller/include/vehicle_controller/vehicle_controller/msg/detail\n'}
[30.095532] (vehicle_controller) StdoutLine: {'line': b'-- Installing: /home/wowjw/Project/Automobile/Phase4/ros2_ws/install/vehicle_controller/include/vehicle_controller/vehicle_controller/msg/detail/vehicle_pose__rosidl_typesupport_introspection_c.h\n'}
[30.095738] (vehicle_controller) StdoutLine: {'line': b'-- Installing: /home/wowjw/Project/Automobile/Phase4/ros2_ws/install/vehicle_controller/include/vehicle_controller/vehicle_controller/msg/detail/vehicle_pose__type_support.c\n'}
[30.095879] (vehicle_controller) StdoutLine: {'line': b'-- Installing: /home/wowjw/Project/Automobile/Phase4/ros2_ws/install/vehicle_controller/lib/libvehicle_controller__rosidl_typesupport_introspection_c.so\n'}
[30.096228] (vehicle_controller) StdoutLine: {'line': b'-- Set runtime path of "/home/wowjw/Project/Automobile/Phase4/ros2_ws/install/vehicle_controller/lib/libvehicle_controller__rosidl_typesupport_introspection_c.so" to ""\n'}
[30.096474] (vehicle_controller) StdoutLine: {'line': b'-- Installing: /home/wowjw/Project/Automobile/Phase4/ros2_ws/install/vehicle_controller/lib/libvehicle_controller__rosidl_typesupport_c.so\n'}
[30.096950] (vehicle_controller) StdoutLine: {'line': b'-- Set runtime path of "/home/wowjw/Project/Automobile/Phase4/ros2_ws/install/vehicle_controller/lib/libvehicle_controller__rosidl_typesupport_c.so" to ""\n'}
[30.097265] (vehicle_controller) StdoutLine: {'line': b'-- Up-to-date: /home/wowjw/Project/Automobile/Phase4/ros2_ws/install/vehicle_controller/include/vehicle_controller/vehicle_controller\n'}
[30.097472] (vehicle_controller) StdoutLine: {'line': b'-- Up-to-date: /home/wowjw/Project/Automobile/Phase4/ros2_ws/install/vehicle_controller/include/vehicle_controller/vehicle_controller/msg\n'}
[30.097713] (vehicle_controller) StdoutLine: {'line': b'-- Up-to-date: /home/wowjw/Project/Automobile/Phase4/ros2_ws/install/vehicle_controller/include/vehicle_controller/vehicle_controller/msg/detail\n'}
[30.097907] (vehicle_controller) StdoutLine: {'line': b'-- Installing: /home/wowjw/Project/Automobile/Phase4/ros2_ws/install/vehicle_controller/include/vehicle_controller/vehicle_controller/msg/detail/vehicle_pose__rosidl_typesupport_introspection_cpp.hpp\n'}
[30.098048] (vehicle_controller) StdoutLine: {'line': b'-- Installing: /home/wowjw/Project/Automobile/Phase4/ros2_ws/install/vehicle_controller/include/vehicle_controller/vehicle_controller/msg/detail/vehicle_pose__type_support.cpp\n'}
[30.098185] (vehicle_controller) StdoutLine: {'line': b'-- Installing: /home/wowjw/Project/Automobile/Phase4/ros2_ws/install/vehicle_controller/lib/libvehicle_controller__rosidl_typesupport_introspection_cpp.so\n'}
[30.098439] (vehicle_controller) StdoutLine: {'line': b'-- Set runtime path of "/home/wowjw/Project/Automobile/Phase4/ros2_ws/install/vehicle_controller/lib/libvehicle_controller__rosidl_typesupport_introspection_cpp.so" to ""\n'}
[30.098697] (vehicle_controller) StdoutLine: {'line': b'-- Installing: /home/wowjw/Project/Automobile/Phase4/ros2_ws/install/vehicle_controller/lib/libvehicle_controller__rosidl_typesupport_cpp.so\n'}
[30.099175] (vehicle_controller) StdoutLine: {'line': b'-- Set runtime path of "/home/wowjw/Project/Automobile/Phase4/ros2_ws/install/vehicle_controller/lib/libvehicle_controller__rosidl_typesupport_cpp.so" to ""\n'}
[30.099411] (vehicle_controller) StdoutLine: {'line': b'-- Installing: /home/wowjw/Project/Automobile/Phase4/ros2_ws/install/vehicle_controller/share/vehicle_controller/msg/VehiclePose.idl\n'}
[30.099660] (vehicle_controller) StdoutLine: {'line': b'-- Installing: /home/wowjw/Project/Automobile/Phase4/ros2_ws/install/vehicle_controller/share/vehicle_controller/msg/VehiclePose.msg\n'}
[30.100031] (vehicle_controller) StdoutLine: {'line': b'-- Installing: /home/wowjw/Project/Automobile/Phase4/ros2_ws/install/vehicle_controller/lib/vehicle_controller/vehicle_controller_node\n'}
[30.103951] (-) TimerEvent: {}
[30.115802] (vehicle_controller) StdoutLine: {'line': b'-- Set runtime path of "/home/wowjw/Project/Automobile/Phase4/ros2_ws/install/vehicle_controller/lib/vehicle_controller/vehicle_controller_node" to ""\n'}
[30.116385] (vehicle_controller) StdoutLine: {'line': b'-- Installing: /home/wowjw/Project/Automobile/Phase4/ros2_ws/install/vehicle_controller/share/ament_index/resource_index/package_run_dependencies/vehicle_controller\n'}
[30.116700] (vehicle_controller) StdoutLine: {'line': b'-- Installing: /home/wowjw/Project/Automobile/Phase4/ros2_ws/install/vehicle_controller/share/ament_index/resource_index/parent_prefix_path/vehicle_controller\n'}
[30.117039] (vehicle_controller) StdoutLine: {'line': b'-- Installing: /home/wowjw/Project/Automobile/Phase4/ros2_ws/install/vehicle_controller/share/vehicle_controller/environment/ament_prefix_path.sh\n'}
[30.117367] (vehicle_controller) StdoutLine: {'line': b'-- Installing: /home/wowjw/Project/Automobile/Phase4/ros2_ws/install/vehicle_controller/share/vehicle_controller/environment/ament_prefix_path.dsv\n'}
[30.117646] (vehicle_controller) StdoutLine: {'line': b'-- Installing: /home/wowjw/Project/Automobile/Phase4/ros2_ws/install/vehicle_controller/share/vehicle_controller/environment/path.sh\n'}
[30.117938] (vehicle_controller) StdoutLine: {'line': b'-- Installing: /home/wowjw/Project/Automobile/Phase4/ros2_ws/install/vehicle_controller/share/vehicle_controller/environment/path.dsv\n'}
[30.118240] (vehicle_controller) StdoutLine: {'line': b'-- Installing: /home/wowjw/Project/Automobile/Phase4/ros2_ws/install/vehicle_controller/share/vehicle_controller/local_setup.bash\n'}
[30.118627] (vehicle_controller) StdoutLine: {'line': b'-- Installing: /home/wowjw/Project/Automobile/Phase4/ros2_ws/install/vehicle_controller/share/vehicle_controller/local_setup.sh\n'}
[30.118916] (vehicle_controller) StdoutLine: {'line': b'-- Installing: /home/wowjw/Project/Automobile/Phase4/ros2_ws/install/vehicle_controller/share/vehicle_controller/local_setup.zsh\n'}
[30.119167] (vehicle_controller) StdoutLine: {'line': b'-- Installing: /home/wowjw/Project/Automobile/Phase4/ros2_ws/install/vehicle_controller/share/vehicle_controller/local_setup.dsv\n'}
[30.119487] (vehicle_controller) StdoutLine: {'line': b'-- Installing: /home/wowjw/Project/Automobile/Phase4/ros2_ws/install/vehicle_controller/share/vehicle_controller/package.dsv\n'}
[30.119764] (vehicle_controller) StdoutLine: {'line': b'-- Installing: /home/wowjw/Project/Automobile/Phase4/ros2_ws/install/vehicle_controller/share/ament_index/resource_index/packages/vehicle_controller\n'}
[30.120053] (vehicle_controller) StdoutLine: {'line': b'-- Installing: /home/wowjw/Project/Automobile/Phase4/ros2_ws/install/vehicle_controller/share/vehicle_controller/cmake/export_vehicle_controller__rosidl_generator_cExport.cmake\n'}
[30.120347] (vehicle_controller) StdoutLine: {'line': b'-- Installing: /home/wowjw/Project/Automobile/Phase4/ros2_ws/install/vehicle_controller/share/vehicle_controller/cmake/export_vehicle_controller__rosidl_generator_cExport-noconfig.cmake\n'}
[30.120648] (vehicle_controller) StdoutLine: {'line': b'-- Installing: /home/wowjw/Project/Automobile/Phase4/ros2_ws/install/vehicle_controller/share/vehicle_controller/cmake/export_vehicle_controller__rosidl_typesupport_fastrtps_cExport.cmake\n'}
[30.120927] (vehicle_controller) StdoutLine: {'line': b'-- Installing: /home/wowjw/Project/Automobile/Phase4/ros2_ws/install/vehicle_controller/share/vehicle_controller/cmake/export_vehicle_controller__rosidl_typesupport_fastrtps_cExport-noconfig.cmake\n'}
[30.121229] (vehicle_controller) StdoutLine: {'line': b'-- Installing: /home/wowjw/Project/Automobile/Phase4/ros2_ws/install/vehicle_controller/share/vehicle_controller/cmake/export_vehicle_controller__rosidl_generator_cppExport.cmake\n'}
[30.121507] (vehicle_controller) StdoutLine: {'line': b'-- Installing: /home/wowjw/Project/Automobile/Phase4/ros2_ws/install/vehicle_controller/share/vehicle_controller/cmake/export_vehicle_controller__rosidl_typesupport_fastrtps_cppExport.cmake\n'}
[30.121872] (vehicle_controller) StdoutLine: {'line': b'-- Installing: /home/wowjw/Project/Automobile/Phase4/ros2_ws/install/vehicle_controller/share/vehicle_controller/cmake/export_vehicle_controller__rosidl_typesupport_fastrtps_cppExport-noconfig.cmake\n'}
[30.122170] (vehicle_controller) StdoutLine: {'line': b'-- Installing: /home/wowjw/Project/Automobile/Phase4/ros2_ws/install/vehicle_controller/share/vehicle_controller/cmake/vehicle_controller__rosidl_typesupport_introspection_cExport.cmake\n'}
[30.122458] (vehicle_controller) StdoutLine: {'line': b'-- Installing: /home/wowjw/Project/Automobile/Phase4/ros2_ws/install/vehicle_controller/share/vehicle_controller/cmake/vehicle_controller__rosidl_typesupport_introspection_cExport-noconfig.cmake\n'}
[30.122747] (vehicle_controller) StdoutLine: {'line': b'-- Installing: /home/wowjw/Project/Automobile/Phase4/ros2_ws/install/vehicle_controller/share/vehicle_controller/cmake/vehicle_controller__rosidl_typesupport_cExport.cmake\n'}
[30.123064] (vehicle_controller) StdoutLine: {'line': b'-- Installing: /home/wowjw/Project/Automobile/Phase4/ros2_ws/install/vehicle_controller/share/vehicle_controller/cmake/vehicle_controller__rosidl_typesupport_cExport-noconfig.cmake\n'}
[30.123396] (vehicle_controller) StdoutLine: {'line': b'-- Installing: /home/wowjw/Project/Automobile/Phase4/ros2_ws/install/vehicle_controller/share/vehicle_controller/cmake/vehicle_controller__rosidl_typesupport_introspection_cppExport.cmake\n'}
[30.123684] (vehicle_controller) StdoutLine: {'line': b'-- Installing: /home/wowjw/Project/Automobile/Phase4/ros2_ws/install/vehicle_controller/share/vehicle_controller/cmake/vehicle_controller__rosidl_typesupport_introspection_cppExport-noconfig.cmake\n'}
[30.123966] (vehicle_controller) StdoutLine: {'line': b'-- Installing: /home/wowjw/Project/Automobile/Phase4/ros2_ws/install/vehicle_controller/share/vehicle_controller/cmake/vehicle_controller__rosidl_typesupport_cppExport.cmake\n'}
[30.124324] (vehicle_controller) StdoutLine: {'line': b'-- Installing: /home/wowjw/Project/Automobile/Phase4/ros2_ws/install/vehicle_controller/share/vehicle_controller/cmake/vehicle_controller__rosidl_typesupport_cppExport-noconfig.cmake\n'}
[30.124595] (vehicle_controller) StdoutLine: {'line': b'-- Installing: /home/wowjw/Project/Automobile/Phase4/ros2_ws/install/vehicle_controller/share/vehicle_controller/cmake/rosidl_cmake-extras.cmake\n'}
[30.124858] (vehicle_controller) StdoutLine: {'line': b'-- Installing: /home/wowjw/Project/Automobile/Phase4/ros2_ws/install/vehicle_controller/share/vehicle_controller/cmake/ament_cmake_export_include_directories-extras.cmake\n'}
[30.125138] (vehicle_controller) StdoutLine: {'line': b'-- Installing: /home/wowjw/Project/Automobile/Phase4/ros2_ws/install/vehicle_controller/share/vehicle_controller/cmake/ament_cmake_export_libraries-extras.cmake\n'}
[30.125409] (vehicle_controller) StdoutLine: {'line': b'-- Installing: /home/wowjw/Project/Automobile/Phase4/ros2_ws/install/vehicle_controller/share/vehicle_controller/cmake/ament_cmake_export_targets-extras.cmake\n'}
[30.125636] (vehicle_controller) StdoutLine: {'line': b'-- Installing: /home/wowjw/Project/Automobile/Phase4/ros2_ws/install/vehicle_controller/share/vehicle_controller/cmake/rosidl_cmake_export_typesupport_targets-extras.cmake\n'}
[30.125860] (vehicle_controller) StdoutLine: {'line': b'-- Installing: /home/wowjw/Project/Automobile/Phase4/ros2_ws/install/vehicle_controller/share/vehicle_controller/cmake/ament_cmake_export_dependencies-extras.cmake\n'}
[30.126078] (vehicle_controller) StdoutLine: {'line': b'-- Installing: /home/wowjw/Project/Automobile/Phase4/ros2_ws/install/vehicle_controller/share/vehicle_controller/cmake/rosidl_cmake_export_typesupport_libraries-extras.cmake\n'}
[30.126298] (vehicle_controller) StdoutLine: {'line': b'-- Installing: /home/wowjw/Project/Automobile/Phase4/ros2_ws/install/vehicle_controller/share/vehicle_controller/cmake/vehicle_controllerConfig.cmake\n'}
[30.126555] (vehicle_controller) StdoutLine: {'line': b'-- Installing: /home/wowjw/Project/Automobile/Phase4/ros2_ws/install/vehicle_controller/share/vehicle_controller/cmake/vehicle_controllerConfig-version.cmake\n'}
[30.126780] (vehicle_controller) StdoutLine: {'line': b'-- Installing: /home/wowjw/Project/Automobile/Phase4/ros2_ws/install/vehicle_controller/share/vehicle_controller/package.xml\n'}
[30.129392] (vehicle_controller) CommandEnded: {'returncode': 0}
[30.177994] (vehicle_controller) JobEnded: {'identifier': 'vehicle_controller', 'rc': 0}
[30.180398] (-) EventReactorShutdown: {}
